Especial;OP;Direccion;Comuna;Condominio;Tipo edificio;Max inicio cttos (Días);Tipologia;Estac;Bod;Visitable;Arriendo Total;GC Total;Reajuste por contrato;Meses sin reajuste;% Descuento;Cant. Meses Descuento;Cant. Garantías (Meses);Cant. Garantías Mascota (Meses);Cuotas Garantía;Rentas Necesarias;Requiere Aval(es);Plan Sin Aval;Arrienda al toque;Orientacion;m2 Depto;m2 Terraza;Estatus LLave;Candado;Status Video;Comentario;Fecha Reparacion;Presupuesto;Acepta Mascotas?;Link Listing;Unidad;Estado
;79941;Av. Buzeta 4502;Cerrillos;Pionera Buzeta;0;30;1D1B;;;No;315000.00;40000.00;6;0;50.00;1;1;0;3;3.00;1;0;127009;SO;35.00;5.00;;2226;OK;;;;Si;;1301;Esperando check-in
Arriendo Especial;80044;Av. Buzeta 4502;Cerrillos;Pionera Buzeta;0;30;Estudio;;;Si;270000.00;30000.00;6;12;50.00;1;1;0;3;3.00;1;0;127089;SP;21.00;2.40;Ofic. Santa Lucía;555;OK;VR;;;No;https://www.assetplan.cl/arriendo/departamento/cerrillos/pionera-buzeta/3848/retail/529854?codigo_referido=;321;Lista para arrendar
Arriendo Especial;80047;Av. Buzeta 4502;Cerrillos;Pionera Buzeta;0;30;Estudio;;;Si;270000.00;30000.00;6;12;50.00;1;1;0;3;3.00;1;0;127092;SP;21.00;0.00;;622;OK;VR;;;No;https://www.assetplan.cl/arriendo/departamento/cerrillos/pionera-buzeta/3848/retail/529857?codigo_referido=;611;Lista para arrendar
Arriendo Especial;80048;Av. Buzeta 4502;Cerrillos;Pionera Buzeta;0;30;Estudio;;;Si;275000.00;30000.00;6;12;50.00;1;1;0;3;3.00;1;0;127093;SP;20.00;1.00;;120;OK;VR;;;No;https://www.assetplan.cl/arriendo/departamento/cerrillos/pionera-buzeta/3848/retail/529858?codigo_referido=;613;Lista para arrendar
Arriendo Especial;80049;Av. Buzeta 4502;Cerrillos;Pionera Buzeta;0;30;Estudio;;;Si;275000.00;30000.00;6;12;50.00;1;1;0;3;3.00;1;0;127094;SP;21.00;2.40;Ofic. Santa Lucía;103;OK;VR;;;No;https://www.assetplan.cl/arriendo/departamento/cerrillos/pionera-buzeta/3848/retail/529859?codigo_referido=;616;Lista para arrendar
Arriendo Especial;80050;Av. Buzeta 4502;Cerrillos;Pionera Buzeta;0;30;Estudio;;;Si;275000.00;30000.00;6;12;50.00;1;1;0;3;3.00;1;0;127095;SP;21.00;2.40;;584;OK;VR;;;No;https://www.assetplan.cl/arriendo/departamento/cerrillos/pionera-buzeta/3848/retail/529860?codigo_referido=;713;Lista para arrendar
Arriendo Especial;80051;Av. Buzeta 4502;Cerrillos;Pionera Buzeta;0;30;Estudio;;;Si;275000.00;30000.00;6;12;50.00;1;1;0;3;3.00;1;0;127096;SP;21.00;2.00;;1844;OK;VR;;;No;https://www.assetplan.cl/arriendo/departamento/cerrillos/pionera-buzeta/3848/retail/529861?codigo_referido=;717;Lista para arrendar
Arriendo Especial;80052;Av. Buzeta 4502;Cerrillos;Pionera Buzeta;0;30;Estudio;;;Si;275000.00;30000.00;6;12;50.00;1;1;0;3;3.00;1;0;127097;SP;21.00;2.00;;519;OK;VR;;;No;https://www.assetplan.cl/arriendo/departamento/cerrillos/pionera-buzeta/3848/retail/529862?codigo_referido=;814;Lista para arrendar
Arriendo Especial;80058;Av. Buzeta 4502;Cerrillos;Pionera Buzeta;0;30;Estudio;;;No;265000.00;25000.00;12;0;50.00;1;1;0;3;3.00;1;0;127103;SP;22.00;2.00;;1644;OK;;;;No;;1014;Esperando check-in
Arriendo Especial;80060;Av. Buzeta 4502;Cerrillos;Pionera Buzeta;0;30;Estudio;;;Si;265000.00;30000.00;12;0;50.00;1;1;0;3;3.00;1;0;127105;SP;22.00;2.40;;2907;OK;;;;Si;https://www.assetplan.cl/arriendo/departamento/cerrillos/pionera-buzeta/3848/retail/529870?codigo_referido=;1111;Lista para arrendar
Arriendo Especial;80062;Av. Buzeta 4502;Cerrillos;Pionera Buzeta;0;30;Estudio;;;Si;265000.00;25000.00;12;0;50.00;1;1;0;3;3.00;1;0;127107;SP;22.00;2.00;;2854;OK;;;;No;https://www.assetplan.cl/arriendo/departamento/cerrillos/pionera-buzeta/3848/retail/529872?codigo_referido=;1113;Lista para arrendar
Arriendo Especial;80063;Av. Buzeta 4502;Cerrillos;Pionera Buzeta;0;30;Estudio;;;Si;265000.00;25000.00;12;0;50.00;1;1;0;3;3.00;1;0;127108;SP;22.00;2.40;;2884;OK;;;;No;https://www.assetplan.cl/arriendo/departamento/cerrillos/pionera-buzeta/3848/retail/529873?codigo_referido=;1115;Lista para arrendar
Arriendo Especial;80066;Av. Buzeta 4502;Cerrillos;Pionera Buzeta;0;30;Estudio;;;Si;265000.00;25000.00;12;0;50.00;1;1;0;3;3.00;1;0;127111;SP;22.00;2.00;;2766;OK;;;;No;https://www.assetplan.cl/arriendo/departamento/cerrillos/pionera-buzeta/3848/retail/529876?codigo_referido=;1212;Lista para arrendar
Arriendo Especial;80069;Av. Buzeta 4502;Cerrillos;Pionera Buzeta;0;30;Estudio;;;Si;265000.00;30000.00;12;0;50.00;1;1;0;3;3.00;1;0;127114;SP;22.00;2.00;;2809;OK;;;;No;https://www.assetplan.cl/arriendo/departamento/cerrillos/pionera-buzeta/3848/retail/529879?codigo_referido=;1311;Lista para arrendar
Arriendo Especial;82037;Av. Buzeta 4502;Cerrillos;Pionera Buzeta;0;30;Estudio;;;Si;265000.00;25000.00;12;0;50.00;1;1;0;3;3.00;1;0;130421;SP;22.00;0.00;;2587;OK;;;;No;https://www.assetplan.cl/arriendo/departamento/cerrillos/pionera-buzeta/3848/retail/533216?codigo_referido=;1015;Lista para arrendar
Arriendo Especial;82347;Av. Buzeta 4502;Cerrillos;Pionera Buzeta;0;30;Estudio;;;Si;270000.00;30000.00;12;0;50.00;1;1;0;3;3.00;1;0;130777;P;22.00;2.00;;2225;OK;;;;Si;https://www.assetplan.cl/arriendo/departamento/cerrillos/pionera-buzeta/3848/retail/533728?codigo_referido=;716;Lista para arrendar
Arriendo Especial;82348;Av. Buzeta 4502;Cerrillos;Pionera Buzeta;0;30;Estudio;;;Si;300000.00;30000.00;12;0;50.00;1;1;0;3;3.00;1;0;130778;P;22.00;2.00;;2567;OK;;;;Si;https://www.assetplan.cl/arriendo/departamento/cerrillos/pionera-buzeta/3848/retail/533731?codigo_referido=;220;Lista para arrendar
Arriendo Normal;82483;Av. Buzeta 4502;Cerrillos;Pionera Buzeta;0;30;Estudio;;;Si;255000.00;25000.00;12;0;50.00;1;1;0;3;3.00;1;0;130922;SP;23.98;2.40;;384;NOK;;;;Si;https://www.assetplan.cl/arriendo/departamento/cerrillos/pionera-buzeta/3848/retail/533907?codigo_referido=;420;Lista para arrendar
Arriendo Normal;82484;Av. Buzeta 4502;Cerrillos;Pionera Buzeta;0;30;Estudio;;;Si;255000.00;25000.00;12;0;50.00;1;1;0;3;3.00;1;0;130923;P;22.00;0.00;;1312;OK;;;;Si;https://www.assetplan.cl/arriendo/departamento/cerrillos/pionera-buzeta/3848/retail/533908?codigo_referido=;916;Lista para arrendar
Arriendo Normal;82698;Av. Buzeta 4502;Cerrillos;Pionera Buzeta;0;30;Estudio;;;Si;300000.00;0.00;12;0;50.00;2;1;0;3;3.00;1;0;131173;N;27.00;2.00;;1677;OK;SVL;;;Si;https://www.assetplan.cl/arriendo/departamento/cerrillos/pionera-buzeta/3848/retail/534207?codigo_referido=;218;Lista para arrendar
Arriendo Especial;82704;Av. Buzeta 4502;Cerrillos;Pionera Buzeta;0;30;1D1B;;;No;300000.00;40000.00;12;0;50.00;1;1;0;3;3.00;1;0;131205;SO;34.30;2.90;;1702;OK;VR;;;Si;;901;Esperando check-in
Arriendo Especial;82713;Av. Buzeta 4502;Cerrillos;Pionera Buzeta;0;30;1D1B;;;Si;340000.00;35000.00;12;0;0.00;0;1;0;3;3.00;1;0;131214;O;0.00;0.00;;2770;OK;VR;;;Si;https://www.assetplan.cl/arriendo/departamento/cerrillos/pionera-buzeta/3848/retail/534252?codigo_referido=;907;Lista para arrendar
Arriendo Especial;82893;Av. Buzeta 4502;Cerrillos;Pionera Buzeta;0;30;1D1B;;;No;320000.00;40000.00;12;0;50.00;1;1;0;3;3.00;1;0;131462;NO;31.00;2.00;Ofic. Santa Lucía;2092;OK;;;;Si;;909;Esperando check-in
Arriendo Especial;82924;Av. Buzeta 4502;Cerrillos;Pionera Buzeta;0;30;Estudio;;;No;240000.00;25000.00;12;0;50.00;1;1;0;3;3.00;1;0;131509;P;21.00;0.00;;1305;OK;;;;Si;;813;Esperando check-in
Arriendo Especial;83072;Av. Buzeta 4502;Cerrillos;Pionera Buzeta;0;30;Estudio;;;Si;265000.00;30000.00;12;0;50.00;1;1;0;3;3.00;1;0;131880;SP;0.00;0.00;;2878;OK;;;;Si;https://www.assetplan.cl/arriendo/departamento/cerrillos/pionera-buzeta/3848/retail/534875?codigo_referido=;217;Lista para arrendar
Arriendo Normal;83078;Av. Buzeta 4502;Cerrillos;Pionera Buzeta;0;30;2D1B;21;;Si;430000.00;50000.00;12;0;50.00;1;1;0;3;3.00;1;0;131888;NO;46.00;3.00;;1469;OK;FM;;;Si;https://www.assetplan.cl/arriendo/departamento/cerrillos/pionera-buzeta/3848/retail/534886?codigo_referido=;412;Lista para arrendar
Arriendo Normal;83085;Av. Buzeta 4502;Cerrillos;Pionera Buzeta;0;30;Estudio;;225;Si;320000.00;35000.00;12;0;0.00;0;1;0;3;3.00;1;0;131895;S;0.00;0.00;;2549;OK;;;;No;https://www.assetplan.cl/arriendo/departamento/cerrillos/pionera-buzeta/3848/retail/534898?codigo_referido=;1515;Lista para arrendar
Arriendo Normal;83132;Av. Buzeta 4502;Cerrillos;Pionera Buzeta;0;30;1D1B;;218;Si;350000.00;40000.00;12;0;0.00;0;1;0;2;3.00;1;0;131966;SO;0.00;0.00;;27;OK;;;;No;https://www.assetplan.cl/arriendo/departamento/cerrillos/pionera-buzeta/3848/retail/535010?codigo_referido=;701;Lista para arrendar
Arriendo Especial;83226;Av. Buzeta 4502;Cerrillos;Pionera Buzeta;0;30;1D1B;;;Si;350000.00;45000.00;12;0;50.00;1;1;0;3;3.00;1;0;132071;NO;0.00;0.00;;2521;NOK;;;;Si;https://www.assetplan.cl/arriendo/departamento/cerrillos/pionera-buzeta/3848/retail/535151?codigo_referido=;213;Lista para arrendar
Arriendo Normal;83230;Av. Buzeta 4502;Cerrillos;Pionera Buzeta;0;30;1D1B;;;No;320000.00;30000.00;12;0;50.00;1;1;0;3;3.00;1;0;132077;NP;31.00;3.00;;1439;NOK;;;;No;;803;Esperando check-in
Arriendo Normal;83834;Av. Buzeta 4502;Cerrillos;Pionera Buzeta;0;30;Estudio;;;Si;0.00;30000.00;12;0;0.00;0;1;0;1;3.00;1;0;151763;S;0.00;0.00;;1328;OK;;;;No;;1316;Lista para arrendar
Arriendo Especial;81274;San Andrés 4236;Cerrillos;San Andrés Park;0;30;Estudio;;;Si;260000.00;0.00;6;12;50.00;1;1;0;3;3.00;1;0;128552;O;24.34;4.14;Ofic. Santa Lucía;1472;NOK;VR;;;Si;https://www.assetplan.cl/arriendo/departamento/cerrillos/san-andres-park/3925/retail/531369?codigo_referido=;205;Lista para arrendar
Arriendo Especial;81301;San Andrés 4236;Cerrillos;San Andrés Park;0;30;Estudio;;;Si;260000.00;0.00;6;12;50.00;1;1;0;3;3.00;1;0;128571;O;24.20;4.89;Ofic. Santa Lucía;1968;NOK;VR;;;Si;https://www.assetplan.cl/arriendo/departamento/cerrillos/san-andres-park/3925/retail/531400?codigo_referido=;206;Lista para arrendar
Arriendo Especial;81303;San Andrés 4236;Cerrillos;San Andrés Park;0;30;2D2B;;;Si;420000.00;0.00;6;12;50.00;1;1;0;3;3.00;1;0;128573;P;48.90;9.10;Ofic. Santa Lucía;669;NOK;VR;;;Si;https://www.assetplan.cl/arriendo/departamento/cerrillos/san-andres-park/3925/retail/531402?codigo_referido=;308;Lista para arrendar
Arriendo Especial;81308;San Andrés 4236;Cerrillos;San Andrés Park;0;30;Estudio;;;Si;265000.00;0.00;6;12;50.00;1;1;0;3;3.00;1;0;128578;O;25.94;4.22;Ofic. Santa Lucía;1415;NOK;VR;;;Si;https://www.assetplan.cl/arriendo/departamento/cerrillos/san-andres-park/3925/retail/531407?codigo_referido=;705;Lista para arrendar
Arriendo Especial;81309;San Andrés 4236;Cerrillos;San Andrés Park;0;30;Estudio;;;Si;260000.00;0.00;6;12;50.00;1;1;0;3;3.00;1;0;128579;P;25.94;4.22;Ofic. Santa Lucía;1434;NOK;VR;;;Si;https://www.assetplan.cl/arriendo/departamento/cerrillos/san-andres-park/3925/retail/531408?codigo_referido=;706;Lista para arrendar
Arriendo Especial;81311;San Andrés 4236;Cerrillos;San Andrés Park;0;30;2D1B;35;;Si;420000.00;0.00;12;0;50.00;1;1;0;3;3.00;1;0;128581;O;41.50;9.31;;1664;OK;VR;;;No;https://www.assetplan.cl/arriendo/departamento/cerrillos/san-andres-park/3925/retail/531410?codigo_referido=;803;Lista para arrendar
Arriendo Especial;81313;San Andrés 4236;Cerrillos;San Andrés Park;0;30;2D1B;34;;No;420000.00;0.00;12;0;50.00;1;1;0;3;3.00;1;0;128583;O;41.50;7.00;;2560;OK;VR;;;No;;903;Esperando check-in
Arriendo Especial;81315;San Andrés 4236;Cerrillos;San Andrés Park;0;30;1D1B;;;No;310000.00;0.00;6;12;50.00;1;1;0;3;3.00;1;0;128585;P;30.67;6.51;Ofic. Santa Lucía;1711;NOK;VR;;;Si;;1107;Esperando check-in
Arriendo Especial;81316;San Andrés 4236;Cerrillos;San Andrés Park;0;30;1D1B;;;Si;310000.00;0.00;6;12;50.00;1;1;0;3;3.00;1;0;128586;O;30.67;6.51;Edificio Retail;1064;NOK;VR};;;Si;https://www.assetplan.cl/arriendo/departamento/cerrillos/san-andres-park/3925/retail/531420?codigo_referido=;1204;Lista para arrendar
Arriendo Especial;81318;San Andrés 4236;Cerrillos;San Andrés Park;0;30;Estudio;;;Si;260000.00;0.00;6;12;50.00;1;1;0;3;3.00;1;0;128588;NO;25.92;4.57;Ofic. Santa Lucía;593;NOK;VR;;;Si;https://www.assetplan.cl/arriendo/departamento/cerrillos/san-andres-park/3925/retail/531422?codigo_referido=;1213;Lista para arrendar
Arriendo Especial;81321;San Andrés 4236;Cerrillos;San Andrés Park;0;30;2D2B;62;;Si;480000.00;0.00;12;0;50.00;1;1;0;3;3.00;1;0;128591;P;45.79;7.00;;2097;OK;VR;;;No;https://www.assetplan.cl/arriendo/departamento/cerrillos/san-andres-park/3925/retail/531425?codigo_referido=;1308;Lista para arrendar
Arriendo Especial;81322;San Andrés 4236;Cerrillos;San Andrés Park;0;30;1D1B;;;Si;310000.00;0.00;6;12;50.00;1;1;0;3;3.00;1;0;128592;P;29.30;4.25;Edificio Retail;1948;NOK;VR;;;Si;https://www.assetplan.cl/arriendo/departamento/cerrillos/san-andres-park/3925/retail/531427?codigo_referido=;1309;Lista para arrendar
Arriendo Especial;81323;San Andrés 4236;Cerrillos;San Andrés Park;0;30;1D1B;;;Si;310000.00;0.00;6;12;50.00;1;1;0;3;3.00;1;0;128593;P;29.27;4.25;Edificio Retail;1191;NOK;VR;;;Si;https://www.assetplan.cl/arriendo/departamento/cerrillos/san-andres-park/3925/retail/531428?codigo_referido=;1310;Lista para arrendar
Arriendo Especial;81324;San Andrés 4236;Cerrillos;San Andrés Park;0;30;2D1B;;;Si;370000.00;0.00;6;12;50.00;1;1;0;3;3.00;1;0;128594;NO;43.09;8.44;Edificio Retail;1207;NOK;VR;;;Si;https://www.assetplan.cl/arriendo/departamento/cerrillos/san-andres-park/3925/retail/531429?codigo_referido=;1312;Lista para arrendar
Arriendo Especial;82017;San Andrés 4236;Cerrillos;San Andrés Park;0;30;1D1B;;6;Si;320000.00;0.00;3;0;50.00;2;1;0;3;3.00;1;0;130343;O;28.00;5.00;;2283;OK;SVL;;;No;https://www.assetplan.cl/arriendo/departamento/cerrillos/san-andres-park/3925/retail/533180?codigo_referido=;404;Lista para arrendar
Arriendo Normal;76547;Av. Independencia 4253;Conchalí;Conjunto Dr. Yazigi;0;30;2D2B;227;;No;416130.00;45000.00;12;0;50.00;1;1;0;3;3.00;1;0;128315;N;47.69;8.11;Ofic. Santa Lucía;0;OK;ESBT DR. YAZIGI llaves en candado OP 76569;;;Si;;1413-P;Esperando check-in
Arriendo Especial;76560;Av. Independencia 4253;Conchalí;Conjunto Dr. Yazigi;0;30;Estudio;;;Si;270630.00;0.00;12;0;50.00;1;1;0;3;3.00;1;0;128214;P;27.00;2.32;Edificio Retail;1777;NOK;ESBT DR. YAZIGI;;;Si;https://www.assetplan.cl/arriendo/departamento/conchali/conjunto-dr-yazigi/3665/retail/525576?codigo_referido=;201-P;Lista para arrendar
Arriendo Normal;76569;Av. Independencia 4253;Conchalí;Conjunto Dr. Yazigi;0;30;Estudio;;;Si;270630.00;0.00;12;0;50.00;1;1;0;3;3.00;1;0;128247;P;27.00;2.98;Inspector;2056;NOK;ESBT DR. YAZIGI llaves en candado OP 76569;;;Si;https://www.assetplan.cl/arriendo/departamento/conchali/conjunto-dr-yazigi/3665/retail/525585?codigo_referido=;303-P;Lista para arrendar
Arriendo Normal;76571;Av. Independencia 4253;Conchalí;Conjunto Dr. Yazigi;0;30;Estudio;;;Si;270630.00;0.00;12;0;50.00;1;1;0;3;3.00;1;0;128246;P;27.00;2.32;Inspector;0;NOK;ESBT DR. YAZIGI llaves en candado OP 76569;;;Si;https://www.assetplan.cl/arriendo/departamento/conchali/conjunto-dr-yazigi/3665/retail/525587?codigo_referido=;305-P;Lista para arrendar
Arriendo Normal;76578;Av. Independencia 4253;Conchalí;Conjunto Dr. Yazigi;0;30;Estudio;;;Si;270630.00;0.00;12;0;50.00;1;1;0;3;3.00;1;0;128215;P;27.00;2.98;Edificio Retail;0;OK;ESBT DR. YAZIGI;;;Si;https://www.assetplan.cl/arriendo/departamento/conchali/conjunto-dr-yazigi/3665/retail/525594?codigo_referido=;402-P;Lista para arrendar
Arriendo Normal;76579;Av. Independencia 4253;Conchalí;Conjunto Dr. Yazigi;0;30;Estudio;;;Si;270630.00;0.00;12;0;50.00;1;1;0;3;3.00;1;0;128216;P;27.00;2.98;Edificio Retail;0;OK;ESBT DR. YAZIGI;;;Si;https://www.assetplan.cl/arriendo/departamento/conchali/conjunto-dr-yazigi/3665/retail/525595?codigo_referido=;404-P;Lista para arrendar
Arriendo Normal;76603;Av. Independencia 4253;Conchalí;Conjunto Dr. Yazigi;0;30;Estudio;;;Si;270630.00;0.00;12;0;50.00;1;1;0;3;3.00;1;0;128221;P;27.00;2.98;Inspector;0;OK;ESBT DR. YAZIGI;;;Si;https://www.assetplan.cl/arriendo/departamento/conchali/conjunto-dr-yazigi/3665/retail/525619?codigo_referido=;702-P;Lista para arrendar
Arriendo Normal;76605;Av. Independencia 4253;Conchalí;Conjunto Dr. Yazigi;0;30;Estudio;;;Si;270630.00;0.00;12;0;50.00;1;1;0;3;3.00;1;0;128223;P;27.00;2.98;Inspector;0;OK;ESBT DR. YAZIGI;;;Si;https://www.assetplan.cl/arriendo/departamento/conchali/conjunto-dr-yazigi/3665/retail/525621?codigo_referido=;704-P;Lista para arrendar
Arriendo Normal;76613;Av. Independencia 4253;Conchalí;Conjunto Dr. Yazigi;0;30;Estudio;;;Si;270630.00;0.00;12;0;50.00;1;1;0;3;3.00;1;0;128334;P;28.00;2.32;;0;NOK;ESBT DR. YAZIGI;;;Si;https://www.assetplan.cl/arriendo/departamento/conchali/conjunto-dr-yazigi/3665/retail/525629?codigo_referido=;801-P;Lista para arrendar
Arriendo Normal;76615;Av. Independencia 4253;Conchalí;Conjunto Dr. Yazigi;0;30;Estudio;;;No;270630.00;0.00;12;0;50.00;1;1;0;3;3.00;1;0;128226;P;27.00;2.98;Edificio Retail;0;NOK;ESBT DR. YAZIGI;;;Si;;803-P;Esperando check-in
Arriendo Normal;76616;Av. Independencia 4253;Conchalí;Conjunto Dr. Yazigi;0;30;Estudio;;;Si;270630.00;0.00;12;0;50.00;1;1;0;3;3.00;1;0;128227;P;27.00;2.98;Edificio Retail;0;NOK;ESBT DR. YAZIGI;;;Si;https://www.assetplan.cl/arriendo/departamento/conchali/conjunto-dr-yazigi/3665/retail/525632?codigo_referido=;804-P;Lista para arrendar
Arriendo Normal;76624;Av. Independencia 4253;Conchalí;Conjunto Dr. Yazigi;0;30;Estudio;;;Si;270630.00;0.00;12;0;50.00;1;1;0;3;3.00;1;0;128229;P;27.00;2.98;Otro;0;OK;ESBT DR. YAZIGI;;;Si;https://www.assetplan.cl/arriendo/departamento/conchali/conjunto-dr-yazigi/3665/retail/525640?codigo_referido=;902-P;Lista para arrendar
Arriendo Normal;83007;Av. Independencia 4253;Conchalí;Conjunto Dr. Yazigi;0;30;Estudio;;;Si;270630.00;0.00;12;0;50.00;1;1;0;3;3.00;1;0;131789;P;30.93;2.98;;0;OK;;;;Si;https://www.assetplan.cl/arriendo/departamento/conchali/conjunto-dr-yazigi/3665/retail/534759?codigo_referido=;1204-P;Lista para arrendar
Arriendo Normal;83159;Av. Independencia 4253;Conchalí;Conjunto Dr. Yazigi;0;30;Estudio;;;Si;300000.00;0.00;12;0;0.00;0;1;0;1;3.00;1;0;131998;N;0.00;0.00;;2154;OK;ASSY;;;Si;https://www.assetplan.cl/arriendo/departamento/conchali/conjunto-dr-yazigi/3665/retail/535046?codigo_referido=;702-N;Lista para arrendar
Arriendo Normal;83438;Av. Independencia 4253;Conchalí;Conjunto Dr. Yazigi;0;30;2D2B;;;Si;430000.00;45000.00;12;0;50.00;1;1;0;3;3.00;1;0;148811;NP;48.00;8.00;;580;OK;;;;No;https://www.assetplan.cl/arriendo/departamento/conchali/conjunto-dr-yazigi/3665/retail/535651?codigo_referido=;1414-N;Lista para arrendar
Arriendo Normal;83472;Av. Independencia 4253;Conchalí;Conjunto Dr. Yazigi;0;30;2D2B;41;3;Si;520000.00;40000.00;12;0;50.00;1;1;0;3;3.00;1;0;148845;P;0.00;0.00;;38;OK;;;;No;https://www.assetplan.cl/arriendo/departamento/conchali/conjunto-dr-yazigi/3665/retail/535702?codigo_referido=;914-P;Lista para arrendar
Arriendo Normal;83521;Av. Independencia 4253;Conchalí;Conjunto Dr. Yazigi;0;30;Estudio;;;Si;270000.00;25000.00;12;0;50.00;1;1;0;3;3.00;1;0;150262;N;28.00;3.00;;288;OK;;;;Si;https://www.assetplan.cl/arriendo/departamento/conchali/conjunto-dr-yazigi/3665/retail/536887?codigo_referido=;1203-N;Lista para arrendar
Arriendo Normal;83678;Av. Independencia 4253;Conchalí;Conjunto Dr. Yazigi;0;30;1D1B;;;Si;330000.00;35000.00;12;0;10.00;1;1;0;3;3.00;1;0;151273;N;30.00;4.00;;1831;OK;;;;No;https://www.assetplan.cl/arriendo/departamento/conchali/conjunto-dr-yazigi/3665/retail/537876?codigo_referido=;207 N;Lista para arrendar
Arriendo Normal;83679;Av. Independencia 4253;Conchalí;Conjunto Dr. Yazigi;0;30;1D1B;;;Si;330000.00;35000.00;12;0;10.00;1;1;0;3;3.00;1;0;151274;N;30.00;4.00;;1202;OK;;;;No;https://www.assetplan.cl/arriendo/departamento/conchali/conjunto-dr-yazigi/3665/retail/537877?codigo_referido=;407 N;Lista para arrendar
Arriendo Normal;83817;Av. Independencia 4253;Conchalí;Conjunto Dr. Yazigi;0;30;1D1B;;;Si;350000.00;35000.00;12;0;50.00;1;1;0;3;3.00;1;0;151745;NO;34.00;6.00;;2379;OK;;;;No;https://www.assetplan.cl/arriendo/departamento/conchali/conjunto-dr-yazigi/3665/retail/538322?codigo_referido=;1407-N;Lista para arrendar
Arriendo Especial;82292;Aviador Acevedo 1723;Conchalí;Aviador Acevedo;0;30;1D1B;;;Si;350000.00;35000.00;12;0;50.00;1;1;0;3;3.00;1;0;130707;SP;27.38;2.74;;2144;OK;VR;;;Si;https://www.assetplan.cl/arriendo/departamento/conchali/aviador-acevedo/4101/retail/533625?codigo_referido=;113;Lista para arrendar
Arriendo Especial;82678;Aviador Acevedo 1723;Conchalí;Aviador Acevedo;0;30;1D1B;;19;Si;350000.00;35000.00;12;0;50.00;1;1;0;3;3.00;1;0;131145;O;29.00;2.00;;2871;OK;VR;;;No;https://www.assetplan.cl/arriendo/departamento/conchali/aviador-acevedo/4101/retail/534168?codigo_referido=;212;Lista para arrendar
Arriendo Especial;82679;Aviador Acevedo 1723;Conchalí;Aviador Acevedo;0;30;1D1B;;20;Si;350000.00;40000.00;12;0;50.00;1;1;0;3;3.00;1;0;131146;NP;29.00;2.00;;2810;OK;VR;;;No;https://www.assetplan.cl/arriendo/departamento/conchali/aviador-acevedo/4101/retail/534170?codigo_referido=;213;Lista para arrendar
Arriendo Especial;82680;Aviador Acevedo 1723;Conchalí;Aviador Acevedo;0;30;1D1B;;21;Si;350000.00;35000.00;12;0;50.00;1;1;0;3;3.00;1;0;131147;SP;29.00;2.00;;2729;OK;VR;;;No;https://www.assetplan.cl/arriendo/departamento/conchali/aviador-acevedo/4101/retail/534172?codigo_referido=;301;Lista para arrendar
Arriendo Especial;82993;Aviador Acevedo 1723;Conchalí;Aviador Acevedo;0;30;1D1B;;;Si;280000.00;35000.00;12;0;50.00;1;1;0;3;3.00;1;0;131773;O;24.00;2.00;;1149;OK;VR;;;Si;https://www.assetplan.cl/arriendo/departamento/conchali/aviador-acevedo/4101/retail/534730?codigo_referido=;807;Lista para arrendar
Arriendo Especial;83323;Aviador Acevedo 1723;Conchalí;Aviador Acevedo;0;30;1D1B;;;Si;285000.00;35000.00;12;0;50.00;1;1;0;3;3.00;1;0;148635;NP;30.00;3.00;;2133;OK;VR;;;Si;https://www.assetplan.cl/arriendo/departamento/conchali/aviador-acevedo/4101/retail/535408?codigo_referido=;512;Lista para arrendar
Arriendo Especial;83355;Aviador Acevedo 1723;Conchalí;Aviador Acevedo;0;30;1D1B;;;Si;320000.00;40000.00;12;0;50.00;1;1;0;3;3.00;1;0;148702;O;30.00;2.00;;1444;NOK;VR;;;Si;https://www.assetplan.cl/arriendo/departamento/conchali/aviador-acevedo/4101/retail/535494?codigo_referido=;202;Lista para arrendar
Arriendo Especial;83371;Aviador Acevedo 1723;Conchalí;Aviador Acevedo;0;30;1D1B;;;Si;330000.00;35000.00;12;0;50.00;1;1;0;1;3.00;1;0;148718;P;30.00;3.00;;2403;OK;VR;;;Si;https://www.assetplan.cl/arriendo/departamento/conchali/aviador-acevedo/4101/retail/535522?codigo_referido=;317;Lista para arrendar
Arriendo Especial;83460;Aviador Acevedo 1723;Conchalí;Aviador Acevedo;0;30;1D1B;50;64;Si;390000.00;45000.00;12;0;15.00;1;1;0;3;3.00;1;0;148833;NO;33.59;3.73;;1951;OK;FM;;;Si;https://www.assetplan.cl/arriendo/departamento/conchali/aviador-acevedo/4101/retail/535685?codigo_referido=;810;Lista para arrendar
Arriendo Especial;83669;Aviador Acevedo 1723;Conchalí;Aviador Acevedo;0;30;1D1B;;48;Si;320000.00;40000.00;12;0;0.00;0;1;0;3;3.00;1;0;151197;SO;30.28;2.82;;2359;OK;;;;Si;https://www.assetplan.cl/arriendo/departamento/conchali/aviador-acevedo/4101/retail/537859?codigo_referido=;413;Lista para arrendar
Arriendo Normal;AMGD104;Gral Amengual 102;Estación Central;Amengual;1;30;2D1B (3C);;;No;362000.00;93000.00;3;6;0.00;0;1;0;3;3.00;0;0;10551;P;40.34;3.20;;0;OK;MG: Requiere presentar renta tanto titular como aval renta;1995-02-01;;Si;https://www.assetplan.cl/arriendo/departamento/estacion-central/amengual/745/2-dormitorios?unit_id=225400&codigo_referido=;104;Re-acondicionamiento
Arriendo Normal;AMGD303;Gral Amengual 102;Estación Central;Amengual;1;30;1D1B;;;Si;310000.00;75000.00;3;6;0.00;0;1;0;3;3.00;0;0;10569;O;31.94;1.57;;0;OK;NO TOMAR SE USARÁ INTERNAMENTE. AR 18-08-23;2026-09-24;Ejecutado;Si;https://www.assetplan.cl/arriendo/departamento/estacion-central/amengual/745/1-dormitorio?unit_id=225418&codigo_referido=;303;Lista para arrendar
Arriendo Normal;AMGD710;Gral Amengual 102;Estación Central;Amengual;1;30;2D2B (4C);;;No;386000.00;116000.00;3;0;0.00;0;1;0;1;3.00;0;0;10632;NP;50.07;2.84;;0;OK;;2025-12-10;Ejecutado;Si;https://www.assetplan.cl/arriendo/departamento/estacion-central/amengual/745/2-dormitorios?unit_id=225481&codigo_referido=;710;Re-acondicionamiento
Arriendo Normal;AMGD807;Gral Amengual 102;Estación Central;Amengual;1;30;2D2B (4C);;;No;381000.00;107000.00;3;0;0.00;0;1;0;1;3.00;0;0;10643;P;46.66;1.46;;0;OK;;2026-03-31;Ejecutado;Si;https://www.assetplan.cl/arriendo/departamento/estacion-central/amengual/745/2-dormitorios?unit_id=225492&codigo_referido=;807;Re-acondicionamiento
Arriendo Normal;AMGD808;Gral Amengual 102;Estación Central;Amengual;1;30;1D1B;;;No;305000.00;73000.00;3;6;50.00;2;1;0;3;3.00;0;0;10644;P;31.92;1.60;;0;OK;;2025-12-16;Ejecutado;Si;;808;Esperando check-in
Arriendo Normal;AMGD812;Gral Amengual 102;Estación Central;Amengual;1;30;Estudio;;;Si;276000.00;60000.00;3;6;50.00;2;1;0;3;3.00;0;0;10648;N;25.95;1.50;;0;OK;CB;2026-08-23;Ejecutado;Si;https://www.assetplan.cl/arriendo/departamento/estacion-central/amengual/745/estudio?unit_id=225497&codigo_referido=;812;Lista para arrendar
Arriendo Normal;AMGD908;Gral Amengual 102;Estación Central;Amengual;1;30;1D1B;;;No;295000.00;75000.00;3;6;0.00;0;1;0;1;3.00;0;0;10658;P;31.92;1.60;;0;OK;;2026-06-11;Ejecutado;Si;https://www.assetplan.cl/arriendo/departamento/estacion-central/amengual/745/1-dormitorio?unit_id=225507&codigo_referido=;908;Re-acondicionamiento
Arriendo Normal;AMGD911;Gral Amengual 102;Estación Central;Amengual;1;30;Estudio;;;Si;277000.00;60000.00;3;6;50.00;2;1;0;3;3.00;0;0;10661;N;25.95;1.54;Edificio Multifamily;0;OK;;2026-09-01;Ejecutado;Si;https://www.assetplan.cl/arriendo/departamento/estacion-central/amengual/745/estudio?unit_id=225510&codigo_referido=;911;Lista para arrendar
Arriendo Normal;AMGD1211;Gral Amengual 102;Estación Central;Amengual;1;30;Estudio;;;No;277000.00;60000.00;3;6;0.00;0;1;0;3;3.00;0;0;10703;N;25.95;1.54;;0;OK;NO RESERVAR 19-12-23;2025-01-15;Ejecutado;Si;https://www.assetplan.cl/arriendo/departamento/estacion-central/amengual/745/estudio?unit_id=225552&codigo_referido=;1211;Re-acondicionamiento
Arriendo Normal;AMGD1307;Gral Amengual 102;Estación Central;Amengual;1;30;2D2B (4C);;;Si;383000.00;107000.00;3;6;50.00;2;1;0;3;3.00;0;0;10713;P;46.66;1.46;;0;OK;;2026-09-16;Ejecutado;Si;https://www.assetplan.cl/arriendo/departamento/estacion-central/amengual/745/2-dormitorios?unit_id=225562&codigo_referido=;1307;Lista para arrendar
Arriendo Normal;AMGD1512;Gral Amengual 102;Estación Central;Amengual;1;30;Estudio;;;Si;277000.00;60000.00;3;6;0.00;0;1;0;3;3.00;0;0;10545;N;25.95;1.50;;0;OK;Piloto;2026-09-17;Ejecutado;Si;https://www.assetplan.cl/arriendo/departamento/estacion-central/amengual/745/estudio?unit_id=225595&codigo_referido=;1512;Lista para arrendar
Arriendo Normal;AMGD1611;Gral Amengual 102;Estación Central;Amengual;1;30;Estudio;;;Si;273000.00;60000.00;3;6;50.00;2;1;0;3;3.00;0;0;10755;N;25.95;1.54;;0;OK;;2026-08-10;Ejecutado;Si;https://www.assetplan.cl/arriendo/departamento/estacion-central/amengual/745/estudio?unit_id=225608&codigo_referido=;1611;Lista para arrendar
Arriendo Normal;AMGD1902;Gral Amengual 102;Estación Central;Amengual;1;30;1D1B;;;Si;305000.00;75000.00;3;6;50.00;2;1;0;3;3.00;0;0;10788;O;31.94;1.61;;0;OK;MG: Requiere presentar renta tanto titular como aval renta;2026-09-16;Ejecutado;Si;https://www.assetplan.cl/arriendo/departamento/estacion-central/amengual/745/1-dormitorio?unit_id=225641&codigo_referido=;1902;Lista para arrendar
Arriendo Normal;AMGD2001;Gral Amengual 102;Estación Central;Amengual;1;30;2D2B (4C);;;Si;382000.00;104000.00;3;6;50.00;2;1;0;3;3.00;0;0;10801;O;47.27;1.47;;0;OK;;2026-07-31;Ejecutado;Si;https://www.assetplan.cl/arriendo/departamento/estacion-central/amengual/745/2-dormitorios?unit_id=225654&codigo_referido=;2001;Lista para arrendar
Arriendo Normal;AMGD2014;Gral Amengual 102;Estación Central;Amengual;1;30;2D1B (3C);;;Si;364000.00;91000.00;3;6;50.00;2;1;0;3;3.00;0;0;10814;S;40.86;2.70;;0;OK;;2026-08-25;Ejecutado;Si;https://www.assetplan.cl/arriendo/departamento/estacion-central/amengual/745/2-dormitorios?unit_id=225667&codigo_referido=;2014;Lista para arrendar
Arriendo Normal;APKD1203;Av Libertador Bernardo O'Higgins 4320;Estación Central;Alameda Park;1;30;Estudio;;;Si;277000.00;66000.00;12;0;50.00;1;1;0.5;3;3.00;0;0;12283;NO;31.33;1.89;Edificio Multifamily;0;OK;;2026-09-19;Ejecutado;Si;https://www.assetplan.cl/arriendo/departamento/estacion-central/alameda-park/783/estudio?unit_id=326566&codigo_referido=;1203;Lista para arrendar
Arriendo Normal;APKD1405;Av Libertador Bernardo O'Higgins 4320;Estación Central;Alameda Park;1;30;2D1B (4C);;;No;383000.00;94000.00;12;0;50.00;1;1;0.5;3;3.00;0;0;12311;SP;47.22;2.77;;0;OK;A la  espera de aprobación de reparación por propietario;1993-02-01;;Si;https://www.assetplan.cl/arriendo/departamento/estacion-central/alameda-park/783/2-dormitorios?unit_id=326592&codigo_referido=;1405;Re-acondicionamiento
Arriendo Normal;APKD1509;Av Libertador Bernardo O'Higgins 4320;Estación Central;Alameda Park;1;30;1D1B;;;Si;300000.00;66000.00;12;0;50.00;1;1;0.5;3;3.00;0;0;12325;NP;30.98;2.19;;0;OK;;2026-09-21;Ejecutado;Si;https://www.assetplan.cl/arriendo/departamento/estacion-central/alameda-park/783/1-dormitorio?unit_id=326606&codigo_referido=;1509;Lista para arrendar
Arriendo Normal;APKD1608;Av Libertador Bernardo O'Higgins 4320;Estación Central;Alameda Park;1;30;1D1B;;;Si;300000.00;65000.00;12;0;50.00;1;1;0.5;3;3.00;0;0;12333;NP;30.93;2.15;;0;OK;;2026-03-10;Ejecutado;Si;https://www.assetplan.cl/arriendo/departamento/estacion-central/alameda-park/783/1-dormitorio?unit_id=326615&codigo_referido=;1608;Lista para arrendar
Arriendo Normal;APKD1708;Av Libertador Bernardo O'Higgins 4320;Estación Central;Alameda Park;1;30;1D1B;;;Si;300000.00;65000.00;12;0;50.00;1;1;0.5;3;3.00;0;0;12778;NP;30.93;2.15;Edificio Multifamily;0;OK;01-04-2025 NO USAR SE TOMARA PARA CAMBIO MVG (IZ);2025-04-03;Ejecutado;Si;https://www.assetplan.cl/arriendo/departamento/estacion-central/alameda-park/783/1-dormitorio?unit_id=326625&codigo_referido=;1708;Lista para arrendar
Arriendo Normal;APKD2303;Av Libertador Bernardo O'Higgins 4320;Estación Central;Alameda Park;1;30;Estudio;;;Si;280000.00;66000.00;12;0;50.00;1;1;0.5;3;3.00;0;0;13239;NO;31.33;1.89;Edificio Multifamily;0;OK;;2026-08-04;Ejecutado;Si;https://www.assetplan.cl/arriendo/departamento/estacion-central/alameda-park/783/estudio?unit_id=326680&codigo_referido=;2303;Lista para arrendar
Arriendo Normal;APKD2403;Av Libertador Bernardo O'Higgins 4320;Estación Central;Alameda Park;1;30;Estudio;;;Si;280000.00;66000.00;12;0;50.00;1;1;0.5;3;3.00;0;0;13274;NO;31.33;1.89;Edificio Multifamily;0;OK;MT;2026-07-14;Ejecutado;Si;https://www.assetplan.cl/arriendo/departamento/estacion-central/alameda-park/783/estudio?unit_id=326690&codigo_referido=;2403;Lista para arrendar
Arriendo Normal;APKD2406;Av Libertador Bernardo O'Higgins 4320;Estación Central;Alameda Park;1;30;1D1B;;;Si;318000.00;70000.00;12;0;50.00;1;1;0.5;3;3.00;0;0;13277;SP;33.15;2.23;;0;OK;Cambio de piso flotante;2026-09-21;Ejecutado;Si;https://www.assetplan.cl/arriendo/departamento/estacion-central/alameda-park/783/1-dormitorio?unit_id=326693&codigo_referido=;2406;Lista para arrendar
Arriendo Normal;APKD2506;Av Libertador Bernardo O'Higgins 4320;Estación Central;Alameda Park;1;30;1D1B;;;Si;317000.00;70000.00;12;0;50.00;1;1;0.5;3;3.00;0;0;13424;SP;33.15;2.23;;0;OK;MT;2026-04-07;Ejecutado;Si;https://www.assetplan.cl/arriendo/departamento/estacion-central/alameda-park/783/1-dormitorio?unit_id=326703&codigo_referido=;2506;Lista para arrendar
Arriendo Normal;APKD2508;Av Libertador Bernardo O'Higgins 4320;Estación Central;Alameda Park;1;30;1D1B;;;Si;300000.00;65000.00;12;0;50.00;1;1;0.5;3;3.00;0;0;13426;NP;30.93;2.15;;0;OK;MT;2026-09-19;Ejecutado;Si;https://www.assetplan.cl/arriendo/departamento/estacion-central/alameda-park/783/1-dormitorio?unit_id=326705&codigo_referido=;2508;Lista para arrendar
Arriendo Normal;APKD2606;Av Libertador Bernardo O'Higgins 4320;Estación Central;Alameda Park;1;30;1D1B;;;Si;317000.00;70000.00;12;0;50.00;1;1;0.5;3;3.00;0;0;13414;SP;33.15;2.23;Edificio Multifamily;0;OK;Check out realizado el 13-02-2024
Pendiente por cambio de piso, queda reparado el 08-02-2024;2026-06-27;Ejecutado;Si;https://www.assetplan.cl/arriendo/departamento/estacion-central/alameda-park/783/1-dormitorio?unit_id=326713&codigo_referido=;2606;Lista para arrendar
Arriendo Normal;APKD2808;Av Libertador Bernardo O'Higgins 4320;Estación Central;Alameda Park;1;30;1D1B;;;Si;300000.00;65000.00;12;0;50.00;1;1;0.5;3;3.00;0;0;13396;NP;30.93;2.15;Edificio Multifamily;0;OK;;2026-09-21;Ejecutado;Si;https://www.assetplan.cl/arriendo/departamento/estacion-central/alameda-park/783/1-dormitorio?unit_id=326735&codigo_referido=;2808;Lista para arrendar
Arriendo Normal;APKD2906;Av Libertador Bernardo O'Higgins 4320;Estación Central;Alameda Park;1;30;1D1B;;;Si;317000.00;70000.00;12;0;50.00;1;1;0.5;3;3.00;0;0;13384;SP;33.15;2.23;Edificio Multifamily;0;OK;;2026-05-18;Ejecutado;Si;https://www.assetplan.cl/arriendo/departamento/estacion-central/alameda-park/783/1-dormitorio?unit_id=326743&codigo_referido=;2906;Lista para arrendar
Arriendo Normal;CDMD305;Conde del Maule 4631;Estación Central;Plaza Conde del Maule;1;30;2D2B;;;No;395000.00;110000.00;3;6;0.00;0;1;0;3;3.00;0;0;41618;S;48.62;5.42;;0;OK;;;;Si;https://www.assetplan.cl/arriendo/departamento/estacion-central/plaza-conde-del-maule/1345/2-dormitorios?unit_id=444929&codigo_referido=;305;Re-acondicionamiento
Arriendo Normal;CDMD912-A;Conde del Maule 4631;Estación Central;Plaza Conde del Maule;1;30;1D1B;;;Si;309000.00;71000.00;3;6;0.00;0;1;0;3;3.00;0;0;41716;P;31.24;3.97;;0;OK;;2025-06-14;Ejecutado;Si;https://www.assetplan.cl/arriendo/departamento/estacion-central/plaza-conde-del-maule/1345/1-dormitorio?unit_id=445027&codigo_referido=;912-A;Lista para arrendar
Arriendo Normal;CDMD1012-A;Conde del Maule 4631;Estación Central;Plaza Conde del Maule;1;30;1D1B;;;Si;310000.00;71000.00;3;6;0.00;0;1;0;3;3.00;0;0;41731;P;31.24;3.97;;0;OK;;;;Si;https://www.assetplan.cl/arriendo/departamento/estacion-central/plaza-conde-del-maule/1345/1-dormitorio?unit_id=445042&codigo_referido=;1012-A;Lista para arrendar
Arriendo Normal;CDMD1308;Conde del Maule 4631;Estación Central;Plaza Conde del Maule;1;30;1D1B;;;Si;306000.00;74000.00;3;6;0.00;0;1;0;3;3.00;0;0;41771;O;32.52;3.44;;0;OK;Cortina roller;;;Si;https://www.assetplan.cl/arriendo/departamento/estacion-central/plaza-conde-del-maule/1345/1-dormitorio?unit_id=445082&codigo_referido=;1308;Lista para arrendar
Arriendo Normal;CDMD1309;Conde del Maule 4631;Estación Central;Plaza Conde del Maule;1;30;2D1B;;;Si;376000.00;100000.00;3;6;0.00;0;1;0;3;3.00;0;0;41772;O;43.78;5.86;;0;OK;;;;Si;https://www.assetplan.cl/arriendo/departamento/estacion-central/plaza-conde-del-maule/1345/2-dormitorios?unit_id=445083&codigo_referido=;1309;Lista para arrendar
Arriendo Normal;CDMD1503;Conde del Maule 4631;Estación Central;Plaza Conde del Maule;1;30;2D1B;;;Si;375000.00;104000.00;3;6;0.00;0;1;0;3;3.00;0;0;41796;S;44.97;7.02;;0;OK;;;;Si;https://www.assetplan.cl/arriendo/departamento/estacion-central/plaza-conde-del-maule/1345/2-dormitorios?unit_id=445107&codigo_referido=;1503;Lista para arrendar
Arriendo Normal;CDMD1603;Conde del Maule 4631;Estación Central;Plaza Conde del Maule;1;30;2D1B;;;Si;375000.00;104000.00;3;6;0.00;0;1;0;3;3.00;0;0;41811;S;44.97;7.02;;0;OK;;;;Si;https://www.assetplan.cl/arriendo/departamento/estacion-central/plaza-conde-del-maule/1345/2-dormitorios?unit_id=445122&codigo_referido=;1603;Lista para arrendar
Arriendo Normal;CDMD1701-A;Conde del Maule 4631;Estación Central;Plaza Conde del Maule;1;30;1D1B;;;No;317000.00;76000.00;3;6;0.00;0;1;0;3;3.00;0;0;41823;N;32.89;4.80;;0;OK;;;;Si;https://www.assetplan.cl/arriendo/departamento/estacion-central/plaza-conde-del-maule/1345/1-dormitorio?unit_id=445134&codigo_referido=;1701-A;Re-acondicionamiento
Arriendo Normal;CDMD1705;Conde del Maule 4631;Estación Central;Plaza Conde del Maule;1;30;2D2B;;;Si;398000.00;110000.00;3;6;50.00;1;1;0;3;3.00;0;0;41828;S;48.62;5.42;;0;OK;;2026-05-12;Ejecutado;Si;https://www.assetplan.cl/arriendo/departamento/estacion-central/plaza-conde-del-maule/1345/2-dormitorios?unit_id=445139&codigo_referido=;1705;Lista para arrendar
Arriendo Normal;CDMD1706;Conde del Maule 4631;Estación Central;Plaza Conde del Maule;1;30;2D1B;;;No;377000.00;110000.00;3;6;0.00;0;1;0;3;3.00;0;0;41829;N;47.09;7.96;;0;OK;;2025-07-11;Ejecutado;Si;https://www.assetplan.cl/arriendo/departamento/estacion-central/plaza-conde-del-maule/1345/2-dormitorios?unit_id=445140&codigo_referido=;1706;Re-acondicionamiento
Arriendo Normal;CDMD1712-B;Conde del Maule 4631;Estación Central;Plaza Conde del Maule;1;30;Estudio;;;No;266000.00;54000.00;3;6;0.00;0;1;0;3;3.00;0;0;41837;P;23.91;2.26;;0;OK;;2025-08-01;Ejecutado;Si;https://www.assetplan.cl/arriendo/departamento/estacion-central/plaza-conde-del-maule/1345/estudio?unit_id=445148&codigo_referido=;1712-B;Re-acondicionamiento
Arriendo Normal;CDMD1805;Conde del Maule 4631;Estación Central;Plaza Conde del Maule;1;30;2D2B;;;Si;398000.00;110000.00;3;6;50.00;1;1;0;3;3.00;0;0;41843;S;48.62;5.42;;0;OK;;2026-02-02;Ejecutado;Si;https://www.assetplan.cl/arriendo/departamento/estacion-central/plaza-conde-del-maule/1345/2-dormitorios?unit_id=445154&codigo_referido=;1805;Lista para arrendar
Arriendo Normal;CDMD2006;Conde del Maule 4631;Estación Central;Plaza Conde del Maule;1;30;2D1B;;;No;379000.00;109000.00;3;6;0.00;0;1;0;3;3.00;0;0;41874;N;46.72;7.96;;0;OK;;2026-01-15;Ejecutado;Si;;2006;Esperando check-in
Arriendo Normal;CDMD2012-A;Conde del Maule 4631;Estación Central;Plaza Conde del Maule;1;30;1D1B;;;No;316000.00;71000.00;3;6;50.00;1;1;0;3;3.00;0;0;41881;P;31.24;3.97;;0;OK;;;;Si;https://www.assetplan.cl/arriendo/departamento/estacion-central/plaza-conde-del-maule/1345/1-dormitorio?unit_id=445192&codigo_referido=;2012-A;Re-acondicionamiento
Arriendo Normal;CDMD2106;Conde del Maule 4631;Estación Central;Plaza Conde del Maule;1;30;2D1B;;;Si;379000.00;109000.00;3;6;0.00;0;1;0;3;3.00;0;0;41889;N;46.72;7.96;;0;OK;;;;Si;https://www.assetplan.cl/arriendo/departamento/estacion-central/plaza-conde-del-maule/1345/2-dormitorios?unit_id=445200&codigo_referido=;2106;Lista para arrendar
Arriendo Normal;CDMD2306;Conde del Maule 4631;Estación Central;Plaza Conde del Maule;1;30;2D1B;;;Si;379000.00;109000.00;3;6;0.00;0;1;0;3;3.00;0;0;41919;N;46.72;7.96;;0;OK;;2026-03-31;Ejecutado;Si;https://www.assetplan.cl/arriendo/departamento/estacion-central/plaza-conde-del-maule/1345/2-dormitorios?unit_id=445230&codigo_referido=;2306;Lista para arrendar
Arriendo Normal;CDMD2602;Conde del Maule 4631;Estación Central;Plaza Conde del Maule;1;30;1D1B;;;Si;312000.00;74000.00;3;6;0.00;0;1;0;3;3.00;0;0;41960;S;32.08;4.66;;0;NOK;;;;Si;https://www.assetplan.cl/arriendo/departamento/estacion-central/plaza-conde-del-maule/1345/1-dormitorio?unit_id=445271&codigo_referido=;2602;Lista para arrendar
Arriendo Normal;CDMD2611-A;Conde del Maule 4631;Estación Central;Plaza Conde del Maule;1;30;1D1B;;;Si;311000.00;72000.00;3;6;0.00;0;1;0;3;3.00;0;0;41969;P;31.83;3.37;;0;NOK;;2025-07-31;Ejecutado;Si;https://www.assetplan.cl/arriendo/departamento/estacion-central/plaza-conde-del-maule/1345/1-dormitorio?unit_id=445280&codigo_referido=;2611-A;Lista para arrendar
Arriendo Normal;CCND411;Cnel. Souper 4400;Estación Central;Concon;1;30;1D1B+T;;;Si;290000.00;73000.00;3;12;50.00;1;1;0.5;3;3.00;1;0;51849;O;31.00;3.00;;0;OK;;2026-09-16;Ejecutado;Si;https://www.assetplan.cl/arriendo/departamento/estacion-central/concon/2160/1-dormitorio?unit_id=462289&codigo_referido=;411;Lista para arrendar
Arriendo Normal;CCND508;Cnel. Souper 4400;Estación Central;Concon;1;30;2D2B;;;Si;410000.00;98000.00;3;6;0.00;0;1;0.5;3;3.00;1;0;51838;P;44.00;2.00;;0;OK;;2026-08-26;Ejecutado;Si;https://www.assetplan.cl/arriendo/departamento/estacion-central/concon/2160/2-dormitorios?unit_id=462300&codigo_referido=;508;Lista para arrendar
Arriendo Normal;CCND710;Cnel. Souper 4400;Estación Central;Concon;1;30;1D1B+T;;;Si;295000.00;78000.00;3;12;50.00;1;1;0.5;3;3.00;1;0;51808;O;32.00;2.00;;0;OK;;;Ejecutado;Si;https://www.assetplan.cl/arriendo/departamento/estacion-central/concon/2160/1-dormitorio?unit_id=462330&codigo_referido=;710;Lista para arrendar
Arriendo Normal;CCND902;Cnel. Souper 4400;Estación Central;Concon;1;30;1D1B+T;;;No;297000.00;76000.00;3;12;50.00;1;1;0.5;3;3.00;1;0;51788;N;32.00;3.00;;0;OK;;2026-09-24;Trabajando;Si;https://www.assetplan.cl/arriendo/departamento/estacion-central/concon/2160/1-dormitorio?unit_id=462350&codigo_referido=;902;Re-acondicionamiento
Arriendo Normal;CCND1011;Cnel. Souper 4400;Estación Central;Concon;1;30;1D1B+T;;;Si;300000.00;73000.00;3;12;50.00;1;1;0.5;3;3.00;1;0;51764;O;31.00;3.00;;0;OK;Piso rayado;2026-09-15;Ejecutado;Si;https://www.assetplan.cl/arriendo/departamento/estacion-central/concon/2160/1-dormitorio?unit_id=462373&codigo_referido=;1011;Lista para arrendar
Arriendo Normal;CCND1109;Cnel. Souper 4400;Estación Central;Concon;1;30;2D1B;;;Si;340000.00;96000.00;3;6;0.00;0;1;0.5;3;3.00;1;0;51752;P;40.00;5.00;;0;OK;;2026-08-26;Ejecutado;Si;https://www.assetplan.cl/arriendo/departamento/estacion-central/concon/2160/2-dormitorios?unit_id=462385&codigo_referido=;1109;Lista para arrendar
Arriendo Normal;CCND1111;Cnel. Souper 4400;Estación Central;Concon;1;30;1D1B+T;;;Si;305000.00;78000.00;3;6;50.00;1;1;0.5;3;3.00;1;0;51750;O;31.00;3.00;;0;OK;;2024-06-07;Ejecutado;Si;https://www.assetplan.cl/arriendo/departamento/estacion-central/concon/2160/1-dormitorio?unit_id=462387&codigo_referido=;1111;Lista para arrendar
Arriendo Normal;CCND1112;Cnel. Souper 4400;Estación Central;Concon;1;30;1D1B+T;;;Si;305000.00;78000.00;3;12;50.00;1;1;0.5;3;3.00;1;0;51749;O;32.00;3.00;;0;OK;;2026-07-30;Ejecutado;Si;https://www.assetplan.cl/arriendo/departamento/estacion-central/concon/2160/1-dormitorio?unit_id=462388&codigo_referido=;1112;Lista para arrendar
Arriendo Normal;CCND1309;Cnel. Souper 4400;Estación Central;Concon;1;30;2D1B;;;No;345000.00;96000.00;3;6;0.00;0;1;0.5;3;3.00;1;0;51724;P;40.00;5.00;;0;OK;;;En cotización;Si;https://www.assetplan.cl/arriendo/departamento/estacion-central/concon/2160/2-dormitorios?unit_id=462413&codigo_referido=;1309;Re-acondicionamiento
Arriendo Normal;CCND1511;Cnel. Souper 4400;Estación Central;Concon;1;30;1D1B+T;;;Si;310000.00;75000.00;3;12;50.00;1;1;0.5;3;3.00;1;0;51694;O;31.00;3.00;;0;OK;;2026-08-26;Ejecutado;Si;https://www.assetplan.cl/arriendo/departamento/estacion-central/concon/2160/1-dormitorio?unit_id=462443&codigo_referido=;1511;Lista para arrendar
Arriendo Normal;CCND1603;Cnel. Souper 4400;Estación Central;Concon;1;30;2D1B;;;Si;350000.00;96000.00;3;6;0.00;0;1;0.5;3;3.00;1;0;51688;N;40.00;5.00;;0;OK;;2026-07-30;Ejecutado;Si;https://www.assetplan.cl/arriendo/departamento/estacion-central/concon/2160/2-dormitorios?unit_id=462449&codigo_referido=;1603;Lista para arrendar
Arriendo Normal;CCND1612;Cnel. Souper 4400;Estación Central;Concon;1;30;1D1B+T;;;Si;310000.00;76000.00;3;12;50.00;1;1;0.5;3;3.00;1;0;51679;O;32.00;3.00;;0;OK;;2026-09-02;Ejecutado;Si;https://www.assetplan.cl/arriendo/departamento/estacion-central/concon/2160/1-dormitorio?unit_id=462458&codigo_referido=;1612;Lista para arrendar
Arriendo Normal;CCND1707;Cnel. Souper 4400;Estación Central;Concon;1;30;1D1B;;;Si;250000.00;73000.00;3;6;0.00;0;1;0.5;3;3.00;1;0;51670;S;32.00;2.00;;0;OK;;;;Si;https://www.assetplan.cl/arriendo/departamento/estacion-central/concon/2160/1-dormitorio?unit_id=462467&codigo_referido=;1707;Lista para arrendar
Arriendo Normal;CCND1908;Cnel. Souper 4400;Estación Central;Concon;1;30;2D2B;;;Si;400000.00;98000.00;3;6;0.00;0;1;0.5;3;3.00;1;0;51641;P;44.00;2.00;;0;OK;;;Aprobado sin mejoras;Si;https://www.assetplan.cl/arriendo/departamento/estacion-central/concon/2160/2-dormitorios?unit_id=462496&codigo_referido=;1908;Lista para arrendar
Arriendo Normal;CCND1911;Cnel. Souper 4400;Estación Central;Concon;1;30;1D1B+T;;;No;310000.00;73000.00;3;12;50.00;1;1;0.5;3;3.00;1;0;51638;O;31.00;3.00;;0;OK;;;En cotización;Si;https://www.assetplan.cl/arriendo/departamento/estacion-central/concon/2160/1-dormitorio?unit_id=462499&codigo_referido=;1911;Re-acondicionamiento
Arriendo Normal;CCND2010;Cnel. Souper 4400;Estación Central;Concon;1;30;1D1B+T;;;Si;310000.00;78000.00;3;12;50.00;1;1;0.5;3;3.00;1;0;51625;O;32.00;2.00;;0;OK;;2026-03-25;Ejecutado;Si;https://www.assetplan.cl/arriendo/departamento/estacion-central/concon/2160/1-dormitorio?unit_id=462512&codigo_referido=;2010;Lista para arrendar
Arriendo Normal;CCND2204;Cnel. Souper 4400;Estación Central;Concon;1;30;1D1B;;;No;260000.00;71000.00;3;6;0.00;0;1;0.5;3;3.00;1;0;51603;S;32.00;2.00;;0;OK;;2026-09-24;Trabajando;Si;https://www.assetplan.cl/arriendo/departamento/estacion-central/concon/2160/1-dormitorio?unit_id=462534&codigo_referido=;2204;Re-acondicionamiento
Arriendo Normal;CCND2206;Cnel. Souper 4400;Estación Central;Concon;1;30;1D1B;;;Si;260000.00;69000.00;3;6;0.00;0;1;0.5;3;3.00;1;0;51601;S;31.00;2.00;;0;OK;;2024-08-12;Ejecutado;Si;https://www.assetplan.cl/arriendo/departamento/estacion-central/concon/2160/1-dormitorio?unit_id=462536&codigo_referido=;2206;Lista para arrendar
Arriendo Normal;CCND2207;Cnel. Souper 4400;Estación Central;Concon;1;30;1D1B;;;Si;265000.00;71000.00;3;6;0.00;0;1;0.5;3;3.00;1;0;51600;S;32.00;2.00;;0;OK;;2026-09-23;Ejecutado;Si;https://www.assetplan.cl/arriendo/departamento/estacion-central/concon/2160/1-dormitorio?unit_id=462537&codigo_referido=;2207;Lista para arrendar
Arriendo Normal;CCND2211;Cnel. Souper 4400;Estación Central;Concon;1;30;1D1B+T;;;Si;310000.00;78000.00;3;12;50.00;1;1;0.5;3;3.00;1;0;51596;O;31.00;3.00;;0;OK;Filtración en matriz de desagüe;2026-07-18;Ejecutado;Si;https://www.assetplan.cl/arriendo/departamento/estacion-central/concon/2160/1-dormitorio?unit_id=462541&codigo_referido=;2211;Lista para arrendar
Arriendo Normal;ACND2018;Conde del Maule 4160;Estación Central;Alto Conde;1;30;Estudio;;;Si;238000.00;46000.00;12;0;50.00;1;1;0;3;3.00;0;0;67158;P;22.72;0.00;;0;NOK;;2026-09-03;Ejecutado;Si;https://www.assetplan.cl/arriendo/departamento/estacion-central/alto-conde/2933/estudio?unit_id=484313&codigo_referido=;2018;Lista para arrendar
Arriendo Normal;ACND918;Conde del Maule 4160;Estación Central;Alto Conde;1;30;Estudio;;;Si;231000.00;46000.00;12;0;50.00;2;1;0;3;3.00;0;0;67162;P;22.72;0.00;;0;NOK;;2026-07-24;Ejecutado;Si;https://www.assetplan.cl/arriendo/departamento/estacion-central/alto-conde/2933/estudio?unit_id=484317&codigo_referido=;918;Lista para arrendar
Arriendo Normal;ACND1501;Conde del Maule 4160;Estación Central;Alto Conde;1;30;Estudio;;;Si;240000.00;45000.00;12;0;50.00;2;1;0;3;3.00;0;0;67175;S;21.92;0.00;;0;NOK;;2026-07-17;Ejecutado;Si;https://www.assetplan.cl/arriendo/departamento/estacion-central/alto-conde/2933/estudio?unit_id=484330&codigo_referido=;1501;Lista para arrendar
Arriendo Normal;ACND3619;Conde del Maule 4160;Estación Central;Alto Conde;1;30;Estudio;;;Si;238000.00;48000.00;12;0;50.00;1;1;0;3;3.00;0;0;67210;N;23.72;0.00;;0;OK;;;Ejecutado;Si;https://www.assetplan.cl/arriendo/departamento/estacion-central/alto-conde/2933/estudio?unit_id=484365&codigo_referido=;3619;Lista para arrendar
Arriendo Normal;ACND1319;Conde del Maule 4160;Estación Central;Alto Conde;1;30;Estudio;;;No;236000.00;48000.00;12;0;50.00;1;1;0;3;3.00;0;0;67213;N;23.66;0.00;;0;OK;;2025-05-20;Ejecutado;Si;https://www.assetplan.cl/arriendo/departamento/estacion-central/alto-conde/2933/estudio?unit_id=484368&codigo_referido=;1319;Re-acondicionamiento
Arriendo Normal;ACND2301;Conde del Maule 4160;Estación Central;Alto Conde;1;30;Estudio;;;No;240000.00;45000.00;12;0;50.00;1;1;0;3;3.00;0;0;67218;S;21.92;0.00;;0;NOK;;;Enviado;Si;https://www.assetplan.cl/arriendo/departamento/estacion-central/alto-conde/2933/estudio?unit_id=484373&codigo_referido=;2301;Re-acondicionamiento
Arriendo Normal;ACND3117;Conde del Maule 4160;Estación Central;Alto Conde;1;30;Estudio;;;No;233000.00;43000.00;12;0;50.00;1;1;0;3;3.00;0;0;67240;P;20.81;0.00;;0;NOK;;;;Si;https://www.assetplan.cl/arriendo/departamento/estacion-central/alto-conde/2933/estudio?unit_id=484395&codigo_referido=;3117;Re-acondicionamiento
Arriendo Normal;ACND2708;Conde del Maule 4160;Estación Central;Alto Conde;1;30;Estudio;;;Si;239000.00;47000.00;12;0;50.00;1;1;0;3;3.00;0;0;67291;N;23.23;0.00;;0;NOK;;2026-07-22;Ejecutado;Si;https://www.assetplan.cl/arriendo/departamento/estacion-central/alto-conde/2933/estudio?unit_id=484446&codigo_referido=;2708;Lista para arrendar
Arriendo Normal;ACND2324;Conde del Maule 4160;Estación Central;Alto Conde;1;30;1D1B;;;No;255000.00;64000.00;12;0;50.00;2;1;0;3;3.00;0;0;67306;O;31.00;0.00;;0;NOK;;2025-08-19;Ejecutado;Si;https://www.assetplan.cl/arriendo/departamento/estacion-central/alto-conde/2933/1-dormitorio?unit_id=484461&codigo_referido=;2324;Re-acondicionamiento
Arriendo Normal;ACND1814;Conde del Maule 4160;Estación Central;Alto Conde;1;30;1D1B;;;No;255000.00;63000.00;12;0;50.00;2;1;0;3;3.00;0;0;67321;P;30.81;0.00;;0;NOK;;;Enviado;Si;https://www.assetplan.cl/arriendo/departamento/estacion-central/alto-conde/2933/1-dormitorio?unit_id=484476&codigo_referido=;1814;Re-acondicionamiento
Arriendo Normal;ACND922;Conde del Maule 4160;Estación Central;Alto Conde;1;30;1D1B;;;No;255000.00;62000.00;12;0;50.00;2;1;0;3;3.00;0;0;67326;O;30.18;0.00;;0;OK;;2025-05-31;Ejecutado;Si;https://www.assetplan.cl/arriendo/departamento/estacion-central/alto-conde/2933/1-dormitorio?unit_id=484481&codigo_referido=;922;Re-acondicionamiento
Arriendo Normal;ACND2624;Conde del Maule 4160;Estación Central;Alto Conde;1;30;1D1B;;;No;255000.00;64000.00;12;0;50.00;2;1;0;3;3.00;0;0;67340;O;31.00;0.00;;0;OK;;2025-05-28;Ejecutado;Si;https://www.assetplan.cl/arriendo/departamento/estacion-central/alto-conde/2933/1-dormitorio?unit_id=484495&codigo_referido=;2624;Re-acondicionamiento
Arriendo Normal;ACND1107;Conde del Maule 4160;Estación Central;Alto Conde;1;30;1D1B;;;No;255000.00;65000.00;12;0;50.00;2;1;0;3;3.00;0;0;67342;N;31.59;0.00;;0;NOK;;;;Si;https://www.assetplan.cl/arriendo/departamento/estacion-central/alto-conde/2933/1-dormitorio?unit_id=484497&codigo_referido=;1107;Re-acondicionamiento
Arriendo Especial;ACND1721;Conde del Maule 4160;Estación Central;Alto Conde;1;30;1D1B;;;No;255000.00;63000.00;12;0;50.00;2;1;0;3;3.00;0;0;67348;O;30.64;0.00;;0;NOK;;;;Si;https://www.assetplan.cl/arriendo/departamento/estacion-central/alto-conde/2933/1-dormitorio?unit_id=484503&codigo_referido=;1721;Re-acondicionamiento
Arriendo Normal;ACND1424;Conde del Maule 4160;Estación Central;Alto Conde;1;30;1D1B;;;No;255000.00;64000.00;12;0;50.00;2;1;0;3;3.00;0;0;67371;O;31.00;0.00;;0;NOK;;;;Si;https://www.assetplan.cl/arriendo/departamento/estacion-central/alto-conde/2933/1-dormitorio?unit_id=484526&codigo_referido=;1424;Re-acondicionamiento
Arriendo Normal;ACND1023;Conde del Maule 4160;Estación Central;Alto Conde;1;30;1D1B;;;No;255000.00;62000.00;12;0;50.00;2;1;0;3;3.00;0;0;67377;O;30.18;0.00;;0;NOK;;2025-05-07;Ejecutado;Si;https://www.assetplan.cl/arriendo/departamento/estacion-central/alto-conde/2933/1-dormitorio?unit_id=484532&codigo_referido=;1023;Re-acondicionamiento
Arriendo Normal;ACND821;Conde del Maule 4160;Estación Central;Alto Conde;1;30;1D1B;;;No;255000.00;63000.00;12;0;50.00;2;1;0;3;3.00;0;0;67403;O;30.64;0.00;;0;NOK;;2025-06-05;Ejecutado;Si;https://www.assetplan.cl/arriendo/departamento/estacion-central/alto-conde/2933/1-dormitorio?unit_id=484558&codigo_referido=;821;Re-acondicionamiento
Arriendo Normal;ACND2524;Conde del Maule 4160;Estación Central;Alto Conde;1;30;1D1B;;;No;255000.00;64000.00;12;0;50.00;2;1;0;3;3.00;0;0;67421;O;31.00;0.00;;0;OK;;2025-05-15;Ejecutado;Si;https://www.assetplan.cl/arriendo/departamento/estacion-central/alto-conde/2933/1-dormitorio?unit_id=484576&codigo_referido=;2524;Re-acondicionamiento
Arriendo Normal;ACND1605;Conde del Maule 4160;Estación Central;Alto Conde;1;30;1D1B;;;No;255000.00;66000.00;12;0;50.00;2;1;0;3;3.00;0;0;67460;N;32.06;0.00;;0;NOK;;2025-08-22;Ejecutado;Si;https://www.assetplan.cl/arriendo/departamento/estacion-central/alto-conde/2933/1-dormitorio?unit_id=484615&codigo_referido=;1605;Re-acondicionamiento
Arriendo Normal;ACND2004;Conde del Maule 4160;Estación Central;Alto Conde;1;30;1D1B;;;No;255000.00;66000.00;12;0;50.00;2;1;0;3;3.00;0;0;67476;N;32.30;0.00;;0;NOK;;2025-06-19;Ejecutado;Si;https://www.assetplan.cl/arriendo/departamento/estacion-central/alto-conde/2933/1-dormitorio?unit_id=484631&codigo_referido=;2004;Re-acondicionamiento
Arriendo Normal;ACND2423;Conde del Maule 4160;Estación Central;Alto Conde;1;30;1D1B;;;No;255000.00;62000.00;12;0;50.00;2;1;0;3;3.00;0;0;67487;O;30.18;0.00;;0;NOK;;;;Si;https://www.assetplan.cl/arriendo/departamento/estacion-central/alto-conde/2933/1-dormitorio?unit_id=484642&codigo_referido=;2423;Re-acondicionamiento
Arriendo Normal;ACND3623;Conde del Maule 4160;Estación Central;Alto Conde;1;30;1D1B;;;Si;255000.00;61000.00;12;0;50.00;2;1;0;3;3.00;0;0;67536;O;30.18;0.00;;0;NOK;;2026-09-09;Ejecutado;Si;https://www.assetplan.cl/arriendo/departamento/estacion-central/alto-conde/2933/1-dormitorio?unit_id=484691&codigo_referido=;3623;Lista para arrendar
Arriendo Normal;ACND1017;Conde del Maule 4160;Estación Central;Alto Conde;1;30;Estudio;;;No;228000.00;43000.00;12;0;50.00;1;1;0;3;3.00;0;0;67639;P;20.81;0.00;;0;NOK;;;Enviado;Si;https://www.assetplan.cl/arriendo/departamento/estacion-central/alto-conde/2933/estudio?unit_id=484794&codigo_referido=;1017;Re-acondicionamiento
Arriendo Normal;ACND3302;Conde del Maule 4160;Estación Central;Alto Conde;1;30;1D1B;;;No;255000.00;70000.00;12;0;50.00;2;1;0;3;3.00;0;0;67698;S;33.99;0.00;;0;NOK;;;;Si;https://www.assetplan.cl/arriendo/departamento/estacion-central/alto-conde/2933/1-dormitorio?unit_id=484853&codigo_referido=;3302;Re-acondicionamiento
Arriendo Normal;ACND3311;Conde del Maule 4160;Estación Central;Alto Conde;1;30;1D1B;;;Si;255000.00;65000.00;12;0;50.00;2;1;0;3;3.00;0;0;67718;S;31.61;0.00;;0;NOK;;2026-09-21;Ejecutado;Si;https://www.assetplan.cl/arriendo/departamento/estacion-central/alto-conde/2933/1-dormitorio?unit_id=484873&codigo_referido=;3311;Lista para arrendar
Arriendo Normal;ACND1323;Conde del Maule 4160;Estación Central;Alto Conde;1;30;1D1B;;;No;255000.00;62000.00;12;0;50.00;2;1;0;3;3.00;0;0;67735;O;30.18;0.00;;0;NOK;;2025-06-24;Ejecutado;Si;https://www.assetplan.cl/arriendo/departamento/estacion-central/alto-conde/2933/1-dormitorio?unit_id=484890&codigo_referido=;1323;Re-acondicionamiento
Arriendo Normal;ACND1901;Conde del Maule 4160;Estación Central;Alto Conde;1;30;Estudio;;;No;240000.00;45000.00;12;0;50.00;1;1;0;3;3.00;0;0;67778;S;21.92;0.00;;0;NOK;;2025-08-12;Ejecutado;Si;https://www.assetplan.cl/arriendo/departamento/estacion-central/alto-conde/2933/estudio?unit_id=484933&codigo_referido=;1901;Re-acondicionamiento
Arriendo Especial;ACND2103;Conde del Maule 4160;Estación Central;Alto Conde;1;30;2D2B;;;Si;386000.00;98000.00;12;0;50.00;1;1;0;3;3.00;0;0;67801;N;46.94;1.82;;0;OK;En reparacion, fecha estimada en culminacion 03 de Marzo;2026-03-23;Ejecutado;Si;https://www.assetplan.cl/arriendo/departamento/estacion-central/alto-conde/2933/2-dormitorios?unit_id=484956&codigo_referido=;2103;Lista para arrendar
Arriendo Normal;ACND2319;Conde del Maule 4160;Estación Central;Alto Conde;1;30;Estudio;;;Si;241000.00;48000.00;12;0;50.00;1;1;0;3;3.00;0;0;67831;N;23.72;0.00;;0;OK;;2026-05-12;Ejecutado;Si;https://www.assetplan.cl/arriendo/departamento/estacion-central/alto-conde/2933/estudio?unit_id=484986&codigo_referido=;2319;Lista para arrendar
Arriendo Normal;ACND2721;Conde del Maule 4160;Estación Central;Alto Conde;1;30;1D1B;;;No;255000.00;63000.00;12;0;50.00;2;1;0;3;3.00;0;0;67859;O;30.64;0.00;;0;NOK;;2025-07-07;Ejecutado;Si;https://www.assetplan.cl/arriendo/departamento/estacion-central/alto-conde/2933/1-dormitorio?unit_id=485014&codigo_referido=;2721;Re-acondicionamiento
Arriendo Normal;ACND3104;Conde del Maule 4160;Estación Central;Alto Conde;1;30;1D1B;;;Si;255000.00;66000.00;12;0;50.00;2;1;0;3;3.00;0;0;67886;N;32.30;0.00;;0;NOK;;2026-09-24;Ejecutado;Si;https://www.assetplan.cl/arriendo/departamento/estacion-central/alto-conde/2933/1-dormitorio?unit_id=485041&codigo_referido=;3104;Lista para arrendar
Arriendo Normal;ACND3323;Conde del Maule 4160;Estación Central;Alto Conde;1;30;1D1B;;;No;255000.00;62000.00;12;0;50.00;2;1;0;3;3.00;0;0;67907;O;30.18;0.00;;0;NOK;;;;Si;https://www.assetplan.cl/arriendo/departamento/estacion-central/alto-conde/2933/1-dormitorio?unit_id=485062&codigo_referido=;3323;Re-acondicionamiento
Arriendo Normal;ACND3606;Conde del Maule 4160;Estación Central;Alto Conde;1;30;1D1B;;;Si;255000.00;65000.00;12;0;50.00;2;1;0;3;3.00;0;0;67921;N;31.82;0.00;;0;NOK;;2026-09-21;Ejecutado;Si;https://www.assetplan.cl/arriendo/departamento/estacion-central/alto-conde/2933/1-dormitorio?unit_id=485076&codigo_referido=;3606;Lista para arrendar
Arriendo Normal;ACND3615;Conde del Maule 4160;Estación Central;Alto Conde;1;30;1D1B;;;No;255000.00;63000.00;12;0;50.00;2;1;0;3;3.00;0;0;67925;P;30.81;0.00;;0;NOK;;;Enviado;Si;https://www.assetplan.cl/arriendo/departamento/estacion-central/alto-conde/2933/1-dormitorio?unit_id=485080&codigo_referido=;3615;Re-acondicionamiento
Arriendo Normal;ACND1403;Conde del Maule 4160;Estación Central;Alto Conde;1;30;2D2B;;;Si;385000.00;98000.00;12;0;50.00;1;1;0;3;3.00;0;0;68266;N;46.94;1.82;;0;NOK;;2026-07-20;Ejecutado;Si;https://www.assetplan.cl/arriendo/departamento/estacion-central/alto-conde/2933/2-dormitorios?unit_id=485423&codigo_referido=;1403;Lista para arrendar
Arriendo Normal;ACND2203;Conde del Maule 4160;Estación Central;Alto Conde;1;30;2D2B;;;Si;386000.00;98000.00;12;0;50.00;1;1;0;3;3.00;0;0;68284;N;46.94;1.82;;0;NOK;Unidad en reparación, fecha de culminación 03 de Marzo;;Ejecutado;Si;https://www.assetplan.cl/arriendo/departamento/estacion-central/alto-conde/2933/2-dormitorios?unit_id=485441&codigo_referido=;2203;Lista para arrendar
Arriendo Especial;ACND3403;Conde del Maule 4160;Estación Central;Alto Conde;1;30;2D2B;;;Si;381000.00;98000.00;12;0;50.00;1;1;0;3;3.00;0;0;68285;N;46.94;1.82;;0;OK;;2026-05-18;Ejecutado;Si;https://www.assetplan.cl/arriendo/departamento/estacion-central/alto-conde/2933/2-dormitorios?unit_id=485442&codigo_referido=;3403;Lista para arrendar
Arriendo Normal;ACND3310;Conde del Maule 4160;Estación Central;Alto Conde;1;30;2D1B;;;Si;313000.00;93000.00;12;0;50.00;2;1;0;3;3.00;0;0;68288;S;44.27;1.96;;0;NOK;;2026-09-21;Ejecutado;Si;https://www.assetplan.cl/arriendo/departamento/estacion-central/alto-conde/2933/2-dormitorios?unit_id=485445&codigo_referido=;3310;Lista para arrendar
Arriendo Normal;ACND3409;Conde del Maule 4160;Estación Central;Alto Conde;1;30;2D1B;;;Si;313000.00;91000.00;12;0;50.00;2;1;0;3;3.00;0;0;68289;N;43.35;2.00;;0;NOK;;2026-09-21;Ejecutado;Si;https://www.assetplan.cl/arriendo/departamento/estacion-central/alto-conde/2933/2-dormitorios?unit_id=485446&codigo_referido=;3409;Lista para arrendar
Arriendo Normal;ACND2703;Conde del Maule 4160;Estación Central;Alto Conde;1;30;2D2B;;;Si;383000.00;98000.00;12;0;50.00;1;1;0;3;3.00;0;0;68297;N;46.94;1.82;;0;OK;;2026-07-24;Ejecutado;Si;https://www.assetplan.cl/arriendo/departamento/estacion-central/alto-conde/2933/2-dormitorios?unit_id=485454&codigo_referido=;2703;Lista para arrendar
Arriendo Normal;ACND303;Conde del Maule 4160;Estación Central;Alto Conde;1;30;2D2B;;;Si;369000.00;98000.00;12;0;50.00;1;1;0;3;3.00;0;0;68302;N;47.16;1.82;;0;OK;;2026-07-17;Ejecutado;Si;https://www.assetplan.cl/arriendo/departamento/estacion-central/alto-conde/2933/2-dormitorios?unit_id=485459&codigo_referido=;303;Lista para arrendar
Arriendo Normal;ACND3203;Conde del Maule 4160;Estación Central;Alto Conde;1;30;2D2B;;;No;381000.00;98000.00;12;0;50.00;1;1;0;3;3.00;0;0;68303;N;46.94;1.82;;0;NOK;;;En cotización;Si;https://www.assetplan.cl/arriendo/departamento/estacion-central/alto-conde/2933/2-dormitorios?unit_id=485460&codigo_referido=;3203;Re-acondicionamiento
Arriendo Normal;PCND1201;Av. Ecuador 4626;Estación Central;Plaza Central;1;30;Estudio;;;No;229000.00;39000.00;12;12;50.00;1;1;0;3;3.00;0;0;69192;S;19.41;0.00;;0;OK;;2025-05-17;Ejecutado;Si;https://www.assetplan.cl/arriendo/departamento/estacion-central/plaza-central/2934/estudio?unit_id=487585&codigo_referido=;1201;Re-acondicionamiento
Arriendo Normal;PCND2905;Av. Ecuador 4626;Estación Central;Plaza Central;1;30;Estudio;;;No;232000.00;42000.00;12;12;50.00;1;1;0;3;3.00;0;0;69231;N;20.62;0.00;;0;OK;;2025-08-11;Ejecutado;Si;https://www.assetplan.cl/arriendo/departamento/estacion-central/plaza-central/2934/estudio?unit_id=487624&codigo_referido=;2905;Re-acondicionamiento
Arriendo Normal;PCND2901;Av. Ecuador 4626;Estación Central;Plaza Central;1;30;Estudio;;;No;232000.00;39000.00;12;12;50.00;1;1;0;3;3.00;0;0;69261;S;19.41;0.00;;0;NOK;;;;Si;https://www.assetplan.cl/arriendo/departamento/estacion-central/plaza-central/2934/estudio?unit_id=487654&codigo_referido=;2901;Re-acondicionamiento
Arriendo Normal;PCND405;Av. Ecuador 4626;Estación Central;Plaza Central;1;30;Estudio;;;No;223000.00;42000.00;12;12;50.00;1;1;0;3;3.00;0;0;69274;N;20.62;0.00;;0;OK;;2025-08-11;Ejecutado;Si;https://www.assetplan.cl/arriendo/departamento/estacion-central/plaza-central/2934/estudio?unit_id=487667&codigo_referido=;405;Re-acondicionamiento
Arriendo Normal;PCND1704;Av. Ecuador 4626;Estación Central;Plaza Central;1;30;Estudio;;;No;233000.00;41000.00;12;12;50.00;1;1;0;3;3.00;0;0;69312;N;20.31;0.00;;0;NOK;;;Enviado;Si;https://www.assetplan.cl/arriendo/departamento/estacion-central/plaza-central/2934/estudio?unit_id=487705&codigo_referido=;1704;Re-acondicionamiento
Arriendo Normal;PCND3305;Av. Ecuador 4626;Estación Central;Plaza Central;1;30;Estudio;;;No;229000.00;42000.00;12;12;50.00;1;1;0;3;3.00;0;0;69334;N;20.62;0.00;;0;OK;;2025-09-06;Ejecutado;Si;https://www.assetplan.cl/arriendo/departamento/estacion-central/plaza-central/2934/estudio?unit_id=487727&codigo_referido=;3305;Re-acondicionamiento
Arriendo Normal;PCND3107;Av. Ecuador 4626;Estación Central;Plaza Central;1;30;Estudio;;;No;227000.00;40000.00;12;12;50.00;1;1;0;3;3.00;0;0;69337;N;19.84;0.00;;0;OK;;;Caducado;Si;https://www.assetplan.cl/arriendo/departamento/estacion-central/plaza-central/2934/estudio?unit_id=487730&codigo_referido=;3107;Re-acondicionamiento
Arriendo Normal;PCND1304;Av. Ecuador 4626;Estación Central;Plaza Central;1;30;Estudio;;;No;229000.00;41000.00;12;12;50.00;1;1;0;3;3.00;0;0;69347;N;20.31;0.00;;0;OK;;;En cotización;Si;https://www.assetplan.cl/arriendo/departamento/estacion-central/plaza-central/2934/estudio?unit_id=487740&codigo_referido=;1304;Re-acondicionamiento
Arriendo Normal;PCND2019;Av. Ecuador 4626;Estación Central;Plaza Central;1;30;Estudio;;;No;237000.00;46000.00;12;12;50.00;1;1;0;3;3.00;0;0;69363;O;22.87;0.00;;0;NOK;;2025-08-26;Ejecutado;Si;https://www.assetplan.cl/arriendo/departamento/estacion-central/plaza-central/2934/estudio?unit_id=487756&codigo_referido=;2019;Re-acondicionamiento
Arriendo Normal;PCND819;Av. Ecuador 4626;Estación Central;Plaza Central;1;30;Estudio;;;No;230000.00;46000.00;12;12;50.00;1;1;0;3;3.00;0;0;69370;O;22.87;0.00;;0;NOK;;2026-06-25;Ejecutado;Si;https://www.assetplan.cl/arriendo/departamento/estacion-central/plaza-central/2934/estudio?unit_id=487763&codigo_referido=;819;Re-acondicionamiento
Arriendo Normal;PCND619;Av. Ecuador 4626;Estación Central;Plaza Central;1;30;Estudio;;;No;230000.00;46000.00;12;12;50.00;1;1;0;3;3.00;0;0;69378;O;22.87;0.00;;0;NOK;;;En cotización;Si;https://www.assetplan.cl/arriendo/departamento/estacion-central/plaza-central/2934/estudio?unit_id=487771&codigo_referido=;619;Re-acondicionamiento
Arriendo Normal;PCND318;Av. Ecuador 4626;Estación Central;Plaza Central;1;30;Estudio;;;No;227000.00;46000.00;12;12;50.00;2;1;0;3;3.00;0;0;69387;O;22.87;0.00;;0;NOK;;;Aprobado sin mejoras;Si;https://www.assetplan.cl/arriendo/departamento/estacion-central/plaza-central/2934/estudio?unit_id=487780&codigo_referido=;318;Re-acondicionamiento
Arriendo Normal;PCND721;Av. Ecuador 4626;Estación Central;Plaza Central;1;30;1D1B;;;No;252000.00;61000.00;12;12;50.00;2;1;0;3;3.00;0;0;69443;O;30.39;0.00;;0;OK;;2025-05-30;Ejecutado;Si;https://www.assetplan.cl/arriendo/departamento/estacion-central/plaza-central/2934/1-dormitorio?unit_id=487836&codigo_referido=;721;Re-acondicionamiento
Arriendo Normal;PCND421;Av. Ecuador 4626;Estación Central;Plaza Central;1;30;1D1B;;;No;249000.00;61000.00;12;12;50.00;1;1;0;3;3.00;0;0;69457;O;30.39;0.00;;0;NOK;;2025-08-11;Ejecutado;Si;https://www.assetplan.cl/arriendo/departamento/estacion-central/plaza-central/2934/1-dormitorio?unit_id=487850&codigo_referido=;421;Re-acondicionamiento
Arriendo Normal;PCND314;Av. Ecuador 4626;Estación Central;Plaza Central;1;30;1D1B;;;No;246000.00;62000.00;12;12;50.00;1;1;0;3;3.00;0;0;69464;P;30.82;0.00;;0;OK;;2025-08-21;Ejecutado;Si;https://www.assetplan.cl/arriendo/departamento/estacion-central/plaza-central/2934/1-dormitorio?unit_id=487857&codigo_referido=;314;Re-acondicionamiento
Arriendo Normal;PCND320;Av. Ecuador 4626;Estación Central;Plaza Central;1;30;1D1B;;;No;253000.00;63000.00;12;12;50.00;1;1;0;3;3.00;0;0;69494;O;31.38;0.00;;0;OK;;2025-08-14;En cotización;Si;https://www.assetplan.cl/arriendo/departamento/estacion-central/plaza-central/2934/1-dormitorio?unit_id=487887&codigo_referido=;320;Re-acondicionamiento
Arriendo Normal;PCND620;Av. Ecuador 4626;Estación Central;Plaza Central;1;30;1D1B;;;No;256000.00;63000.00;12;12;50.00;1;1;0;3;3.00;0;0;69495;O;31.38;0.00;;0;NOK;;;;Si;https://www.assetplan.cl/arriendo/departamento/estacion-central/plaza-central/2934/1-dormitorio?unit_id=487888&codigo_referido=;620;Re-acondicionamiento
Arriendo Normal;PCND3102;Av. Ecuador 4626;Estación Central;Plaza Central;1;30;1D1B;;;Si;259000.00;64000.00;12;12;50.00;2;1;0;3;3.00;0;0;69499;S;32.25;0.00;;0;OK;;2026-08-17;Ejecutado;Si;https://www.assetplan.cl/arriendo/departamento/estacion-central/plaza-central/2934/1-dormitorio?unit_id=487892&codigo_referido=;3102;Lista para arrendar
Arriendo Normal;PCND1920;Av. Ecuador 4626;Estación Central;Plaza Central;1;30;1D1B;;;No;264000.00;63000.00;12;12;50.00;1;1;0;3;3.00;0;0;69502;O;31.38;0.00;;0;OK;;2025-08-21;Ejecutado;Si;https://www.assetplan.cl/arriendo/departamento/estacion-central/plaza-central/2934/1-dormitorio?unit_id=487895&codigo_referido=;1920;Re-acondicionamiento
Arriendo Normal;PCND2209;Av. Ecuador 4626;Estación Central;Plaza Central;1;30;1D1B;;;No;262000.00;65000.00;12;12;50.00;1;1;0;3;3.00;0;0;69506;N;32.47;0.00;;0;OK;;2025-12-09;Ejecutado;Si;https://www.assetplan.cl/arriendo/departamento/estacion-central/plaza-central/2934/1-dormitorio?unit_id=487899&codigo_referido=;2209;Re-acondicionamiento
Arriendo Normal;PCND1902;Av. Ecuador 4626;Estación Central;Plaza Central;1;30;1D1B;;;No;264000.00;64000.00;12;12;50.00;1;1;0;3;3.00;0;0;69537;S;32.25;0.00;;0;OK;;2025-08-06;Ejecutado;Si;https://www.assetplan.cl/arriendo/departamento/estacion-central/plaza-central/2934/1-dormitorio?unit_id=487930&codigo_referido=;1902;Re-acondicionamiento
Arriendo Normal;PCND2709;Av. Ecuador 4626;Estación Central;Plaza Central;1;30;1D1B;;;No;260000.00;65000.00;12;12;50.00;1;1;0;3;3.00;0;0;69550;N;32.47;0.00;;0;NOK;;;;Si;https://www.assetplan.cl/arriendo/departamento/estacion-central/plaza-central/2934/1-dormitorio?unit_id=487943&codigo_referido=;2709;Re-acondicionamiento
Arriendo Normal;PCND502;Av. Ecuador 4626;Estación Central;Plaza Central;1;30;1D1B;;;No;256000.00;64000.00;12;12;50.00;1;1;0;3;3.00;0;0;69571;S;32.25;0.00;;0;NOK;;2025-04-26;Ejecutado;Si;https://www.assetplan.cl/arriendo/departamento/estacion-central/plaza-central/2934/1-dormitorio?unit_id=487964&codigo_referido=;502;Re-acondicionamiento
Arriendo Normal;PCND3202;Av. Ecuador 4626;Estación Central;Plaza Central;1;30;1D1B;;;No;259000.00;64000.00;12;12;50.00;1;1;0;3;3.00;0;0;69572;S;32.25;0.00;;0;OK;;2025-09-09;En cotización;Si;https://www.assetplan.cl/arriendo/departamento/estacion-central/plaza-central/2934/1-dormitorio?unit_id=487965&codigo_referido=;3202;Re-acondicionamiento
Arriendo Normal;PCND1711;Av. Ecuador 4626;Estación Central;Plaza Central;1;30;1D1B;;;No;264000.00;65000.00;12;12;50.00;1;1;0;3;3.00;0;0;69588;S;32.50;0.00;;0;NOK;;2025-05-30;Ejecutado;Si;https://www.assetplan.cl/arriendo/departamento/estacion-central/plaza-central/2934/1-dormitorio?unit_id=487981&codigo_referido=;1711;Re-acondicionamiento
Arriendo Normal;PCND2114;Av. Ecuador 4626;Estación Central;Plaza Central;1;30;1D1B;;;No;257000.00;62000.00;12;12;50.00;1;1;0;3;3.00;0;0;69596;P;30.82;0.00;;0;NOK;;;;Si;https://www.assetplan.cl/arriendo/departamento/estacion-central/plaza-central/2934/1-dormitorio?unit_id=487989&codigo_referido=;2114;Re-acondicionamiento
Arriendo Normal;PCND3113;Av. Ecuador 4626;Estación Central;Plaza Central;1;30;1D1B;;;No;252000.00;62000.00;12;12;50.00;1;1;0;3;3.00;0;0;69599;P;30.82;0.00;;0;OK;;2026-01-02;Ejecutado;Si;https://www.assetplan.cl/arriendo/departamento/estacion-central/plaza-central/2934/1-dormitorio?unit_id=487992&codigo_referido=;3113;Re-acondicionamiento
Arriendo Normal;PCND2313;Av. Ecuador 4626;Estación Central;Plaza Central;1;30;1D1B;;;No;257000.00;62000.00;12;12;50.00;1;1;0;3;3.00;0;0;69608;P;30.82;0.00;;0;NOK;;;Aprobado con mejoras;Si;https://www.assetplan.cl/arriendo/departamento/estacion-central/plaza-central/2934/1-dormitorio?unit_id=488001&codigo_referido=;2313;Re-acondicionamiento
Arriendo Normal;PCND3214;Av. Ecuador 4626;Estación Central;Plaza Central;1;30;1D1B;;;No;252000.00;62000.00;12;12;50.00;1;1;0;3;3.00;0;0;69614;P;30.82;0.00;;0;OK;;2025-08-27;Ejecutado;Si;https://www.assetplan.cl/arriendo/departamento/estacion-central/plaza-central/2934/1-dormitorio?unit_id=488007&codigo_referido=;3214;Re-acondicionamiento
Arriendo Normal;PCND820;Av. Ecuador 4626;Estación Central;Plaza Central;1;30;1D1B;;;No;256000.00;63000.00;12;12;50.00;1;1;0;3;3.00;0;0;69615;O;31.38;0.00;;0;NOK;;;Aprobado con mejoras;Si;https://www.assetplan.cl/arriendo/departamento/estacion-central/plaza-central/2934/1-dormitorio?unit_id=488008&codigo_referido=;820;Re-acondicionamiento
Arriendo Normal;PCND2520;Av. Ecuador 4626;Estación Central;Plaza Central;1;30;1D1B;;;No;264000.00;63000.00;12;12;50.00;1;1;0;3;3.00;0;0;69631;O;31.38;0.00;;0;OK;;2025-06-04;Ejecutado;Si;https://www.assetplan.cl/arriendo/departamento/estacion-central/plaza-central/2934/1-dormitorio?unit_id=488024&codigo_referido=;2520;Re-acondicionamiento
Arriendo Normal;PCND814;Av. Ecuador 4626;Estación Central;Plaza Central;1;30;1D1B;;;No;249000.00;62000.00;12;12;50.00;2;1;0;3;3.00;0;0;69649;P;30.82;0.00;;0;OK;;2025-06-02;Ejecutado;Si;https://www.assetplan.cl/arriendo/departamento/estacion-central/plaza-central/2934/1-dormitorio?unit_id=488042&codigo_referido=;814;Re-acondicionamiento
Arriendo Normal;PCND1202;Av. Ecuador 4626;Estación Central;Plaza Central;1;30;1D1B;;;No;259000.00;64000.00;12;12;50.00;1;1;0;3;3.00;0;0;69660;S;32.25;0.00;;0;NOK;;2025-04-28;Ejecutado;Si;https://www.assetplan.cl/arriendo/departamento/estacion-central/plaza-central/2934/1-dormitorio?unit_id=488053&codigo_referido=;1202;Re-acondicionamiento
Arriendo Normal;PCND1414;Av. Ecuador 4626;Estación Central;Plaza Central;1;30;1D1B;;;No;252000.00;62000.00;12;12;50.00;1;1;0;3;3.00;0;0;69668;P;30.82;0.00;;0;NOK;;;En cotización;Si;https://www.assetplan.cl/arriendo/departamento/estacion-central/plaza-central/2934/1-dormitorio?unit_id=488061&codigo_referido=;1414;Re-acondicionamiento
Arriendo Normal;PCND3002;Av. Ecuador 4626;Estación Central;Plaza Central;1;30;1D1B;;;No;262000.00;64000.00;12;12;50.00;1;1;0;3;3.00;0;0;69689;S;32.25;0.00;;0;NOK;;;Aprobado con mejoras;Si;https://www.assetplan.cl/arriendo/departamento/estacion-central/plaza-central/2934/1-dormitorio?unit_id=488082&codigo_referido=;3002;Re-acondicionamiento
Arriendo Normal;PCND2512;Av. Ecuador 4626;Estación Central;Plaza Central;1;30;2D1B;;;No;297000.00;74000.00;12;12;50.00;1;1;0;3;3.00;0;0;69705;S;37.12;0.00;;0;NOK;;;;Si;https://www.assetplan.cl/arriendo/departamento/estacion-central/plaza-central/2934/2-dormitorios?unit_id=488098&codigo_referido=;2512;Re-acondicionamiento
Arriendo Normal;PCND1315;Av. Ecuador 4626;Estación Central;Plaza Central;1;30;2D1B;;;No;303000.00;86000.00;12;12;50.00;1;1;0;3;3.00;0;0;69721;P;42.47;1.04;;0;NOK;;;;Si;https://www.assetplan.cl/arriendo/departamento/estacion-central/plaza-central/2934/2-dormitorios?unit_id=488114&codigo_referido=;1315;Re-acondicionamiento
Arriendo Normal;PCND1115;Av. Ecuador 4626;Estación Central;Plaza Central;1;30;2D1B;;;Si;303000.00;86000.00;12;12;50.00;1;1;0;3;3.00;0;0;69898;P;42.47;1.04;;0;NOK;;2026-09-15;Ejecutado;Si;https://www.assetplan.cl/arriendo/departamento/estacion-central/plaza-central/2934/2-dormitorios?unit_id=488291&codigo_referido=;1115;Lista para arrendar
Arriendo Normal;PCND3008;Av. Ecuador 4626;Estación Central;Plaza Central;1;30;2D1B;;;No;308000.00;85000.00;12;12;50.00;1;1;0;3;3.00;0;0;69915;N;41.87;0.89;;0;NOK;;;Caducado;Si;https://www.assetplan.cl/arriendo/departamento/estacion-central/plaza-central/2934/2-dormitorios?unit_id=488308&codigo_referido=;3008;Re-acondicionamiento
Arriendo Normal;PCND815;Av. Ecuador 4626;Estación Central;Plaza Central;1;30;2D1B;;;Si;299000.00;86000.00;12;12;50.00;2;1;0;3;3.00;0;0;69916;P;42.47;1.04;;0;NOK;;2026-09-24;Ejecutado;Si;https://www.assetplan.cl/arriendo/departamento/estacion-central/plaza-central/2934/2-dormitorios?unit_id=488309&codigo_referido=;815;Lista para arrendar
Arriendo Normal;PCND3515;Av. Ecuador 4626;Estación Central;Plaza Central;1;30;2D1B;;;No;303000.00;86000.00;12;12;50.00;1;1;0;3;3.00;0;0;69924;P;42.47;1.04;;0;OK;;2025-08-19;Ejecutado;Si;https://www.assetplan.cl/arriendo/departamento/estacion-central/plaza-central/2934/2-dormitorios?unit_id=488317&codigo_referido=;3515;Re-acondicionamiento
Arriendo Normal;PCND1820;Av. Ecuador 4626;Estación Central;Plaza Central;1;30;1D1B;;;No;264000.00;63000.00;12;12;50.00;1;1;0;3;3.00;0;0;69925;O;31.38;0.00;;0;OK;;2025-08-06;Ejecutado;Si;https://www.assetplan.cl/arriendo/departamento/estacion-central/plaza-central/2934/1-dormitorio?unit_id=488318&codigo_referido=;1820;Re-acondicionamiento
Arriendo Normal;PCND3412;Av. Ecuador 4626;Estación Central;Plaza Central;1;30;2D1B;;;No;291000.00;74000.00;12;12;50.00;1;1;0;3;3.00;0;0;69927;S;37.12;0.00;;0;NOK;;2025-09-01;En cotización;Si;https://www.assetplan.cl/arriendo/departamento/estacion-central/plaza-central/2934/2-dormitorios?unit_id=488320&codigo_referido=;3412;Re-acondicionamiento
Arriendo Normal;PCND2914;Av. Ecuador 4626;Estación Central;Plaza Central;1;30;1D1B;;;No;256000.00;62000.00;12;12;50.00;1;1;0;3;3.00;0;0;69941;P;30.82;0.00;;0;NOK;;;;Si;https://www.assetplan.cl/arriendo/departamento/estacion-central/plaza-central/2934/1-dormitorio?unit_id=488334&codigo_referido=;2914;Re-acondicionamiento
Arriendo Normal;PCND312;Av. Ecuador 4626;Estación Central;Plaza Central;1;30;2D1B;;;No;283000.00;74000.00;12;12;50.00;1;1;0;3;3.00;0;0;69943;S;37.12;0.00;;0;NOK;;;;Si;https://www.assetplan.cl/arriendo/departamento/estacion-central/plaza-central/2934/2-dormitorios?unit_id=488336&codigo_referido=;312;Re-acondicionamiento
Arriendo Normal;PCND316;Av. Ecuador 4626;Estación Central;Plaza Central;1;30;2D1B;;;No;311000.00;92000.00;12;12;50.00;2;1;0;3;3.00;0;0;69966;P;45.34;1.02;;0;NOK;;;Enviado;Si;https://www.assetplan.cl/arriendo/departamento/estacion-central/plaza-central/2934/2-dormitorios?unit_id=488359&codigo_referido=;316;Re-acondicionamiento
Arriendo Normal;PCND3308;Av. Ecuador 4626;Estación Central;Plaza Central;1;30;2D1B;;;No;304000.00;85000.00;12;12;50.00;1;1;0;3;3.00;0;0;69996;N;41.87;0.89;;0;NOK;;;En cotización;Si;https://www.assetplan.cl/arriendo/departamento/estacion-central/plaza-central/2934/2-dormitorios?unit_id=488389&codigo_referido=;3308;Re-acondicionamiento
Arriendo Normal;PCND3512;Av. Ecuador 4626;Estación Central;Plaza Central;1;30;2D1B;;;No;291000.00;74000.00;12;12;50.00;1;1;0;3;3.00;0;0;70001;S;37.12;0.00;;0;NOK;;;En cotización;Si;https://www.assetplan.cl/arriendo/departamento/estacion-central/plaza-central/2934/2-dormitorios?unit_id=488394&codigo_referido=;3512;Re-acondicionamiento
Arriendo Normal;PCND517;Av. Ecuador 4626;Estación Central;Plaza Central;1;30;2D1B;;;No;318000.00;96000.00;12;12;50.00;2;1;0;3;3.00;0;0;70011;O;47.57;1.11;;0;NOK;;2026-06-05;Ejecutado;Si;https://www.assetplan.cl/arriendo/departamento/estacion-central/plaza-central/2934/2-dormitorios?unit_id=488404&codigo_referido=;517;Re-acondicionamiento
Arriendo Normal;PCND1407;Av. Ecuador 4626;Estación Central;Plaza Central;1;30;Estudio;;;No;227000.00;40000.00;12;12;50.00;1;1;0;3;3.00;0;0;70022;N;19.84;0.00;;0;OK;;;Enviado;Si;https://www.assetplan.cl/arriendo/departamento/estacion-central/plaza-central/2934/estudio?unit_id=488415&codigo_referido=;1407;Re-acondicionamiento
Arriendo Normal;PCND2001;Av. Ecuador 4626;Estación Central;Plaza Central;1;30;Estudio;;;No;233000.00;39000.00;12;12;50.00;1;1;0;3;3.00;0;0;70037;S;19.41;0.00;;0;OK;;;Aprobado con mejoras;Si;https://www.assetplan.cl/arriendo/departamento/estacion-central/plaza-central/2934/estudio?unit_id=488430&codigo_referido=;2001;Re-acondicionamiento
Arriendo Normal;PCND2516;Av. Ecuador 4626;Estación Central;Plaza Central;1;30;2D1B;;;No;324000.00;92000.00;12;12;50.00;1;1;0;3;3.00;0;0;70063;P;45.34;1.02;;0;OK;;;En cotización;Si;https://www.assetplan.cl/arriendo/departamento/estacion-central/plaza-central/2934/2-dormitorios?unit_id=488456&codigo_referido=;2516;Re-acondicionamiento
Arriendo Normal;PCND2717;Av. Ecuador 4626;Estación Central;Plaza Central;1;30;2D1B;;;No;326000.00;96000.00;12;12;50.00;2;1;0;3;3.00;0;0;70077;O;47.57;1.11;;0;NOK;;;;Si;https://www.assetplan.cl/arriendo/departamento/estacion-central/plaza-central/2934/2-dormitorios?unit_id=488470&codigo_referido=;2717;Re-acondicionamiento
Arriendo Normal;ECRD208;Gral. Amengual 0148;Estación Central;Home Inclusive Ecuador;1;30;1D1B;;;Si;310000.00;70000.00;3;6;100.00;1;1;0.5;3;3.00;0;0;72999;NO;29.00;0.00;;0;OK;;2026-08-04;Ejecutado;Si;https://www.assetplan.cl/arriendo/departamento/estacion-central/home-inclusive-ecuador/3064/1-dormitorio?unit_id=495497&codigo_referido=;208;Lista para arrendar
Arriendo Normal;ECRD212;Gral. Amengual 0148;Estación Central;Home Inclusive Ecuador;1;30;Estudio;;;No;257000.00;59000.00;3;6;100.00;1;1;0.5;3;3.00;0;0;73003;O;19.00;0.00;;0;OK;;;;Si;https://www.assetplan.cl/arriendo/departamento/estacion-central/home-inclusive-ecuador/3064/estudio?unit_id=495501&codigo_referido=;212;Re-acondicionamiento
Arriendo Normal;ECRD218;Gral. Amengual 0148;Estación Central;Home Inclusive Ecuador;1;30;Estudio;;;Si;261000.00;59000.00;3;6;100.00;1;1;0.5;3;3.00;0;0;73009;O;19.00;0.00;;0;NOK;;2026-09-21;Ejecutado;Si;https://www.assetplan.cl/arriendo/departamento/estacion-central/home-inclusive-ecuador/3064/estudio?unit_id=495507&codigo_referido=;218;Lista para arrendar
Arriendo Normal;ECRD222;Gral. Amengual 0148;Estación Central;Home Inclusive Ecuador;1;30;1D1B;;;Si;315000.00;73000.00;3;6;100.00;1;1;0.5;3;3.00;0;0;73013;S;29.00;2.00;;0;NOK;;2026-08-12;Ejecutado;Si;https://www.assetplan.cl/arriendo/departamento/estacion-central/home-inclusive-ecuador/3064/1-dormitorio?unit_id=495511&codigo_referido=;222;Lista para arrendar
Arriendo Normal;ECRD226;Gral. Amengual 0148;Estación Central;Home Inclusive Ecuador;1;30;1D1B;;;Si;315000.00;92000.00;3;6;100.00;1;1;0.5;3;3.00;0;0;73016;NO;29.00;18.00;;0;NOK;;;;Si;https://www.assetplan.cl/arriendo/departamento/estacion-central/home-inclusive-ecuador/3064/1-dormitorio?unit_id=495518&codigo_referido=;226;Lista para arrendar
Arriendo Normal;ECRD323;Gral. Amengual 0148;Estación Central;Home Inclusive Ecuador;1;30;1D1B;;;Si;319000.00;73000.00;3;6;100.00;1;1;0.5;3;3.00;0;0;73040;S;29.00;2.00;;0;OK;;2026-08-20;Ejecutado;Si;https://www.assetplan.cl/arriendo/departamento/estacion-central/home-inclusive-ecuador/3064/1-dormitorio?unit_id=495542&codigo_referido=;323;Lista para arrendar
Arriendo Normal;ECRD403;Gral. Amengual 0148;Estación Central;Home Inclusive Ecuador;1;30;Estudio;;;Si;261000.00;62000.00;3;6;100.00;1;1;0.5;3;3.00;0;0;73047;S;20.00;0.00;;0;NOK;;2026-02-25;Ejecutado;Si;https://www.assetplan.cl/arriendo/departamento/estacion-central/home-inclusive-ecuador/3064/estudio?unit_id=495553&codigo_referido=;403;Lista para arrendar
Arriendo Normal;ECRD605;Gral. Amengual 0148;Estación Central;Home Inclusive Ecuador;1;30;1D1B;;;Si;322000.00;73000.00;3;6;100.00;1;1;0.5;3;3.00;0;0;73103;S;29.00;2.00;;0;OK;;2026-08-31;Ejecutado;Si;https://www.assetplan.cl/arriendo/departamento/estacion-central/home-inclusive-ecuador/3064/1-dormitorio?unit_id=495617&codigo_referido=;605;Lista para arrendar
Arriendo Normal;ECRD608;Gral. Amengual 0148;Estación Central;Home Inclusive Ecuador;1;30;1D1B;;;No;318000.00;73000.00;3;6;100.00;1;1;0.5;3;3.00;0;0;73106;NO;29.00;2.00;;0;OK;;2026-02-16;Ejecutado;Si;https://www.assetplan.cl/arriendo/departamento/estacion-central/home-inclusive-ecuador/3064/1-dormitorio?unit_id=495620&codigo_referido=;608;Re-acondicionamiento
Arriendo Normal;ECRD714;Gral. Amengual 0148;Estación Central;Home Inclusive Ecuador;1;30;Estudio;;;Si;267000.00;58000.00;3;6;100.00;1;1;0.5;3;3.00;0;0;73139;O;19.00;1.00;;0;OK;;2026-08-29;Ejecutado;Si;https://www.assetplan.cl/arriendo/departamento/estacion-central/home-inclusive-ecuador/3064/estudio?unit_id=495657&codigo_referido=;714;Lista para arrendar
Arriendo Normal;ECRD920;Gral. Amengual 0148;Estación Central;Home Inclusive Ecuador;1;30;1D1B;;;Si;334000.00;98000.00;3;6;100.00;1;1;0.5;3;3.00;0;0;73197;S;38.00;5.00;;0;NOK;;2026-08-13;Ejecutado;Si;https://www.assetplan.cl/arriendo/departamento/estacion-central/home-inclusive-ecuador/3064/1-dormitorio?unit_id=495723&codigo_referido=;920;Lista para arrendar
Arriendo Normal;ECRD1004;Gral. Amengual 0148;Estación Central;Home Inclusive Ecuador;1;30;1D1B;;;No;328000.00;73000.00;3;6;100.00;1;1;0.5;3;3.00;0;0;73201;S;29.00;2.00;;0;OK;;;En cotización;Si;https://www.assetplan.cl/arriendo/departamento/estacion-central/home-inclusive-ecuador/3064/1-dormitorio?unit_id=495727&codigo_referido=;1004;Re-acondicionamiento
Arriendo Normal;ECRD1011;Gral. Amengual 0148;Estación Central;Home Inclusive Ecuador;1;30;2D2B;;;Si;439000.00;100000.00;3;6;50.00;1;1;0.5;3;3.00;0;0;73208;O;50.00;2.00;;0;NOK;;;;Si;https://www.assetplan.cl/arriendo/departamento/estacion-central/home-inclusive-ecuador/3064/2-dormitorios?unit_id=495734&codigo_referido=;1011;Lista para arrendar
Arriendo Normal;ECRD1104;Gral. Amengual 0148;Estación Central;Home Inclusive Ecuador;1;30;1D1B;;;Si;328000.00;73000.00;3;6;100.00;1;1;0.5;3;3.00;0;0;73221;S;29.00;2.00;;0;OK;;2026-07-06;Ejecutado;Si;https://www.assetplan.cl/arriendo/departamento/estacion-central/home-inclusive-ecuador/3064/1-dormitorio?unit_id=495747&codigo_referido=;1104;Lista para arrendar
Arriendo Normal;ECRD1106;Gral. Amengual 0148;Estación Central;Home Inclusive Ecuador;1;30;Estudio;;;Si;272000.00;62000.00;3;6;100.00;1;1;0.5;3;3.00;0;0;73223;P;20.00;0.00;;0;NOK;;2026-09-23;Ejecutado;Si;https://www.assetplan.cl/arriendo/departamento/estacion-central/home-inclusive-ecuador/3064/estudio?unit_id=495749&codigo_referido=;1106;Lista para arrendar
Arriendo Normal;ECRD1114;Gral. Amengual 0148;Estación Central;Home Inclusive Ecuador;1;30;1D1B;;;Si;327000.00;73000.00;3;6;100.00;1;1;0.5;3;3.00;0;0;73231;O;29.00;2.00;;0;OK;;2026-08-31;Ejecutado;Si;https://www.assetplan.cl/arriendo/departamento/estacion-central/home-inclusive-ecuador/3064/1-dormitorio?unit_id=495757&codigo_referido=;1114;Lista para arrendar
Arriendo Normal;ECRD1116;Gral. Amengual 0148;Estación Central;Home Inclusive Ecuador;1;30;1D1B;;;Si;327000.00;73000.00;3;6;100.00;1;1;0.5;3;3.00;0;0;73233;O;29.00;2.00;;0;OK;;2026-09-21;Ejecutado;Si;https://www.assetplan.cl/arriendo/departamento/estacion-central/home-inclusive-ecuador/3064/1-dormitorio?unit_id=495759&codigo_referido=;1116;Lista para arrendar
Arriendo Normal;ABRD105;Hermanos Arellano 160;Estación Central;Edificio Cinco de Abril;1;30;1D1B;;;No;285000.00;94000.00;12;0;50.00;1;1;0;3;3.00;0;0;76208;SO;33.00;25.00;;0;OK;;;;Si;https://www.assetplan.cl/arriendo/departamento/estacion-central/edificio-cinco-de-abril/3129/1-dormitorio?unit_id=499321&codigo_referido=;105;Re-acondicionamiento
Arriendo Normal;ABRD408;Hermanos Arellano 160;Estación Central;Edificio Cinco de Abril;1;30;1D1B;;;No;282000.00;77000.00;12;0;50.00;1;1;0;3;3.00;0;0;76252;SP;33.00;8.00;;0;NOK;;2026-09-17;Trabajando;Si;https://www.assetplan.cl/arriendo/departamento/estacion-central/edificio-cinco-de-abril/3129/1-dormitorio?unit_id=499365&codigo_referido=;408;Re-acondicionamiento
Arriendo Normal;ABRD612;Hermanos Arellano 160;Estación Central;Edificio Cinco de Abril;1;30;2D2B (3C);;;Si;391000.00;101000.00;12;0;50.00;1;1;0;3;3.00;0;0;76292;NO;47.00;6.00;;0;NOK;;2026-06-25;Ejecutado;Si;https://www.assetplan.cl/arriendo/departamento/estacion-central/edificio-cinco-de-abril/3129/2-dormitorios?unit_id=499405&codigo_referido=;612;Lista para arrendar
Arriendo Normal;ABRD711;Hermanos Arellano 160;Estación Central;Edificio Cinco de Abril;1;30;Estudio;;;Si;257000.00;55000.00;12;0;50.00;1;1;0;3;3.00;0;0;76309;NP;26.00;0.00;;0;NOK;;2026-08-14;Ejecutado;Si;https://www.assetplan.cl/arriendo/departamento/estacion-central/edificio-cinco-de-abril/3129/estudio?unit_id=499422&codigo_referido=;711;Lista para arrendar
Arriendo Normal;ABRD903;Hermanos Arellano 160;Estación Central;Edificio Cinco de Abril;1;30;Estudio;;;Si;261000.00;59000.00;12;0;50.00;1;1;0;3;3.00;0;0;76337;O;22.00;12.00;;0;NOK;;2026-08-27;Ejecutado;Si;https://www.assetplan.cl/arriendo/departamento/estacion-central/edificio-cinco-de-abril/3129/estudio?unit_id=499450&codigo_referido=;903;Lista para arrendar
Arriendo Normal;ABRD904;Hermanos Arellano 160;Estación Central;Edificio Cinco de Abril;1;30;2D2B;;;No;364000.00;114000.00;12;0;50.00;1;1;0;3;3.00;0;0;76338;SP;51.00;10.00;;0;NOK;;;;Si;https://www.assetplan.cl/arriendo/departamento/estacion-central/edificio-cinco-de-abril/3129/2-dormitorios?unit_id=499451&codigo_referido=;904;Re-acondicionamiento
Arriendo Normal;ABRD914;Hermanos Arellano 160;Estación Central;Edificio Cinco de Abril;1;30;2D2B (4C);;;No;413000.00;111000.00;12;0;50.00;1;1;0;3;3.00;0;0;76348;NP;50.00;10.00;;0;NOK;;2026-09-12;Trabajando;Si;https://www.assetplan.cl/arriendo/departamento/estacion-central/edificio-cinco-de-abril/3129/2-dormitorios?unit_id=499461&codigo_referido=;914;Re-acondicionamiento
Arriendo Normal;ABRD1005;Hermanos Arellano 160;Estación Central;Edificio Cinco de Abril;1;30;2D1B (3C);;;Si;349000.00;96000.00;12;0;50.00;1;1;0;3;3.00;0;0;76357;SP;42.00;10.00;;0;OK;;2026-04-16;Ejecutado;Si;https://www.assetplan.cl/arriendo/departamento/estacion-central/edificio-cinco-de-abril/3129/2-dormitorios?unit_id=499470&codigo_referido=;1005;Lista para arrendar
Arriendo Normal;ABRD1012;Hermanos Arellano 160;Estación Central;Edificio Cinco de Abril;1;30;1D1B;;;Si;287000.00;75000.00;12;0;50.00;1;1;0;3;3.00;0;0;76364;NP;33.00;6.00;;0;NOK;;2026-09-04;Ejecutado;Si;https://www.assetplan.cl/arriendo/departamento/estacion-central/edificio-cinco-de-abril/3129/1-dormitorio?unit_id=499477&codigo_referido=;1012;Lista para arrendar
Arriendo Normal;ABRD1104;Hermanos Arellano 160;Estación Central;Edificio Cinco de Abril;1;30;2D2B;;;Si;367000.00;114000.00;12;0;50.00;1;1;0;3;3.00;0;0;76372;SP;51.00;10.00;;0;NOK;;2026-07-20;Ejecutado;Si;https://www.assetplan.cl/arriendo/departamento/estacion-central/edificio-cinco-de-abril/3129/2-dormitorios?unit_id=499485&codigo_referido=;1104;Lista para arrendar
Arriendo Normal;ABRD1205;Hermanos Arellano 160;Estación Central;Edificio Cinco de Abril;1;30;2D1B (3C);;;Si;352000.00;96000.00;12;0;50.00;1;1;0;3;3.00;0;0;76389;SP;42.00;10.00;;0;NOK;;2026-07-30;Ejecutado;Si;https://www.assetplan.cl/arriendo/departamento/estacion-central/edificio-cinco-de-abril/3129/2-dormitorios?unit_id=499502&codigo_referido=;1205;Lista para arrendar
Arriendo Normal;ABRD1214;Hermanos Arellano 160;Estación Central;Edificio Cinco de Abril;1;30;Estudio;;;Si;256000.00;51000.00;12;0;50.00;1;1;0;3;3.00;0;0;76398;NP;24.00;0.00;;0;NOK;;2026-07-15;Ejecutado;Si;https://www.assetplan.cl/arriendo/departamento/estacion-central/edificio-cinco-de-abril/3129/estudio?unit_id=499511&codigo_referido=;1214;Lista para arrendar
Arriendo Normal;ABRD1215;Hermanos Arellano 160;Estación Central;Edificio Cinco de Abril;1;30;1D1B;;;Si;283000.00;67000.00;12;0;50.00;1;1;0;3;3.00;0;0;76399;SO;30.00;5.00;;0;NOK;;2026-09-09;Ejecutado;Si;https://www.assetplan.cl/arriendo/departamento/estacion-central/edificio-cinco-de-abril/3129/1-dormitorio?unit_id=499512&codigo_referido=;1215;Lista para arrendar
Arriendo Normal;ABRD1405;Hermanos Arellano 160;Estación Central;Edificio Cinco de Abril;1;30;2D1B (3C);;;Si;352000.00;96000.00;12;0;50.00;1;1;0;3;3.00;0;0;76420;SP;42.00;10.00;;0;NOK;;2026-07-03;Ejecutado;Si;https://www.assetplan.cl/arriendo/departamento/estacion-central/edificio-cinco-de-abril/3129/2-dormitorios?unit_id=499533&codigo_referido=;1405;Lista para arrendar
Arriendo Normal;ABRD1406;Hermanos Arellano 160;Estación Central;Edificio Cinco de Abril;1;30;1D1B;;;No;286000.00;75000.00;12;0;50.00;1;1;0;3;3.00;0;0;76421;SP;32.00;8.00;;0;NOK;;2026-09-15;Trabajando;Si;https://www.assetplan.cl/arriendo/departamento/estacion-central/edificio-cinco-de-abril/3129/1-dormitorio?unit_id=499534&codigo_referido=;1406;Re-acondicionamiento
Arriendo Normal;ABRD1407;Hermanos Arellano 160;Estación Central;Edificio Cinco de Abril;1;30;2D2B (4C);;;No;407000.00;109000.00;12;0;50.00;1;1;0;3;3.00;0;0;76422;SP;50.00;8.00;;0;NOK;;2025-09-17;Ejecutado;Si;https://www.assetplan.cl/arriendo/departamento/estacion-central/edificio-cinco-de-abril/3129/2-dormitorios?unit_id=499535&codigo_referido=;1407;Re-acondicionamiento
Arriendo Normal;ABRD1610;Hermanos Arellano 160;Estación Central;Edificio Cinco de Abril;1;30;2D2B;;;Si;364000.00;109000.00;12;0;50.00;1;1;0;3;3.00;0;0;76455;SP;50.00;7.00;;0;NOK;;2026-08-08;Ejecutado;Si;https://www.assetplan.cl/arriendo/departamento/estacion-central/edificio-cinco-de-abril/3129/2-dormitorios?unit_id=499568&codigo_referido=;1610;Lista para arrendar
Arriendo Normal;ABRD1705;Hermanos Arellano 160;Estación Central;Edificio Cinco de Abril;1;30;2D1B (3C);;;Si;354000.00;96000.00;12;0;50.00;1;1;0;3;3.00;0;0;76465;SP;42.00;10.00;;0;NOK;;2026-09-07;Ejecutado;Si;https://www.assetplan.cl/arriendo/departamento/estacion-central/edificio-cinco-de-abril/3129/2-dormitorios?unit_id=499578&codigo_referido=;1705;Lista para arrendar
Arriendo Normal;ABRD1802;Hermanos Arellano 160;Estación Central;Edificio Cinco de Abril;1;30;Estudio;;;Si;268000.00;57000.00;12;0;50.00;1;1;0;3;3.00;0;0;76477;NO;22.00;10.00;;0;NOK;;2026-07-11;Ejecutado;Si;https://www.assetplan.cl/arriendo/departamento/estacion-central/edificio-cinco-de-abril/3129/estudio?unit_id=499590&codigo_referido=;1802;Lista para arrendar
Arriendo Normal;ABRD2002;Hermanos Arellano 160;Estación Central;Edificio Cinco de Abril;1;30;Estudio;;;Si;262000.00;46000.00;12;0;50.00;1;1;0;3;3.00;0;0;76493;NO;22.00;0.00;;0;NOK;;;;Si;https://www.assetplan.cl/arriendo/departamento/estacion-central/edificio-cinco-de-abril/3129/estudio?unit_id=499606&codigo_referido=;2002;Lista para arrendar
Arriendo Normal;ABRD2003;Hermanos Arellano 160;Estación Central;Edificio Cinco de Abril;1;30;1D1B;;;No;287000.00;76000.00;12;0;50.00;1;1;0;3;3.00;0;0;76494;SP;33.00;7.00;;0;NOK;;2026-06-26;Ejecutado;Si;;2003;Esperando check-in
Arriendo Normal;PLAD610;Placilla 0124;Estación Central;Placilla;1;30;2D2B;;;Si;415000.00;92000.00;3;6;0.00;0;1;0;3;3.00;0;0;124561;N;43.73;3.28;;0;NOK;;2026-08-07;Ejecutado;Si;https://www.assetplan.cl/arriendo/departamento/estacion-central/placilla/3667/2-dormitorios?unit_id=526235&codigo_referido=;610;Lista para arrendar
Arriendo Normal;PLAD702;Placilla 0124;Estación Central;Placilla;1;30;2D1B;;;Si;377000.00;81000.00;3;6;0.00;0;1;0;3;3.00;0;0;124564;O;41.00;3.28;;0;NOK;;2026-09-10;Ejecutado;Si;https://www.assetplan.cl/arriendo/departamento/estacion-central/placilla/3667/2-dormitorios?unit_id=526238&codigo_referido=;702;Lista para arrendar
Arriendo Normal;PLAD711;Placilla 0124;Estación Central;Placilla;1;30;Estudio;;;No;260000.00;54000.00;3;12;50.00;1;1;0;3;3.00;0;0;124573;N;21.01;3.73;;0;NOK;;2026-08-28;Ejecutado;Si;;711;Esperando check-in
Arriendo Normal;PLAD1202;Placilla 0124;Estación Central;Placilla;1;30;2D1B;;;Si;380000.00;81000.00;3;6;0.00;0;1;0;3;3.00;0;0;124619;O;41.00;3.28;;0;NOK;;2026-09-15;Ejecutado;Si;https://www.assetplan.cl/arriendo/departamento/estacion-central/placilla/3667/2-dormitorios?unit_id=526293&codigo_referido=;1202;Lista para arrendar
Arriendo Normal;PLAD1309;Placilla 0124;Estación Central;Placilla;1;30;Estudio;;;Si;266000.00;56000.00;3;12;50.00;1;1;0;3;3.00;0;0;124637;N;21.66;4.07;;0;NOK;;2026-09-08;Ejecutado;Si;https://www.assetplan.cl/arriendo/departamento/estacion-central/placilla/3667/estudio?unit_id=526311&codigo_referido=;1309;Lista para arrendar
Arriendo Normal;PLAD2004;Placilla 0124;Estación Central;Placilla;1;30;2D2B;;;Si;420000.00;98000.00;3;6;0.00;0;1;0;3;3.00;0;0;124708;SO;44.52;8.11;;0;NOK;;2026-08-21;Ejecutado;Si;https://www.assetplan.cl/arriendo/departamento/estacion-central/placilla/3667/2-dormitorios?unit_id=526383&codigo_referido=;2004;Lista para arrendar
Arriendo Normal;PLAD2310;Placilla 0124;Estación Central;Placilla;1;30;2D2B;;;Si;417000.00;92000.00;3;6;0.00;0;1;0;3;3.00;0;0;124747;N;43.73;3.28;;0;NOK;;2026-09-17;Ejecutado;Si;https://www.assetplan.cl/arriendo/departamento/estacion-central/placilla/3667/2-dormitorios?unit_id=526422&codigo_referido=;2310;Lista para arrendar
Arriendo Normal;PLAD2410;Placilla 0124;Estación Central;Placilla;1;30;2D2B;;;Si;415000.00;92000.00;3;6;0.00;0;1;0;3;3.00;0;0;124758;N;43.73;3.28;;0;NOK;;2026-08-27;Ejecutado;Si;https://www.assetplan.cl/arriendo/departamento/estacion-central/placilla/3667/2-dormitorios?unit_id=526433&codigo_referido=;2410;Lista para arrendar
Arriendo Normal;PLAD2602;Placilla 0124;Estación Central;Placilla;1;30;2D1B;;;Si;377000.00;81000.00;3;6;0.00;0;1;0;3;3.00;0;0;124772;O;41.00;3.28;;0;NOK;;2026-09-21;Ejecutado;Si;https://www.assetplan.cl/arriendo/departamento/estacion-central/placilla/3667/2-dormitorios?unit_id=526447&codigo_referido=;2602;Lista para arrendar
Arriendo Normal;ALMD311;La Rinconada 291;Huechuraba;Los Almendros Torre A ;1;30;2D2B (4C);;;Si;785000.00;147000.00;3;0;0.00;0;1;1;1;3.00;1;0;48713;SP;69.00;13.00;Ofic. Santa Lucía;530;OK;;2026-07-08;Ejecutado;Si;https://www.assetplan.cl/arriendo/departamento/huechuraba/los-almendros-torre-a/1851/2-dormitorios?unit_id=455637&codigo_referido=;311-A;Lista para arrendar
Arriendo Normal;ALMD410;La Rinconada 291;Huechuraba;Los Almendros Torre A ;1;30;2D2B (4C);;;Si;790000.00;146000.00;3;0;0.00;0;1;1;3;3.50;1;0;48717;NO;68.00;14.00;;1135;OK;;;Aprobado con mejoras;Si;https://www.assetplan.cl/arriendo/departamento/huechuraba/los-almendros-torre-a/1851/2-dormitorios?unit_id=455650&codigo_referido=;410-A;Re-acondicionamiento
Arriendo Normal;ALHD206;Hipódromo Chile 1631;Independencia;Alma Hipodromo;1;30;3D2B;;;No;472000.00;164000.00;3;0;50.00;1;1;1;3;3.00;1;0;8861;NO;61.52;6.98;;0;OK;En ejecución. 1;2023-04-28;Caducado;Si;https://www.assetplan.cl/arriendo/departamento/independencia/alma-hipodromo/642/3-dormitorios?unit_id=217976&codigo_referido=;206;Re-acondicionamiento
Arriendo Especial;ALHD607;Hipódromo Chile 1631;Independencia;Alma Hipodromo;1;30;2D2B (3C);;;Si;399000.00;105000.00;3;0;50.00;1;1;1;3;3.00;1;0;8890;O;45.30;3.96;Edificio Multifamily;0;OK;SC 03-11;2022-11-14;Caducado;Si;https://www.assetplan.cl/arriendo/departamento/independencia/alma-hipodromo/642/2-dormitorios?unit_id=218005&codigo_referido=;607;Lista para arrendar
Arriendo Especial;ALHD806;Hipódromo Chile 1631;Independencia;Alma Hipodromo;1;30;3D2B;;;Si;479000.00;164000.00;3;0;50.00;1;1;1;3;3.00;1;0;8903;NO;61.49;6.93;;0;NOK;2. Tercerizar (MC Servicios SPA);2023-04-25;;Si;https://www.assetplan.cl/arriendo/departamento/independencia/alma-hipodromo/642/3-dormitorios?unit_id=218018&codigo_referido=;806;Lista para arrendar
Arriendo Normal;ALHD903;Hipódromo Chile 1631;Independencia;Alma Hipodromo;1;30;1D1B;;;No;342000.00;75000.00;3;0;0.00;0;1;1;3;2.50;1;0;8907;P;28.38;3.11;;0;OK;;2023-04-14;;Si;https://www.assetplan.cl/arriendo/departamento/independencia/alma-hipodromo/642/1-dormitorio?unit_id=218022&codigo_referido=;903;Re-acondicionamiento
Arriendo Especial;ALHD1003;Hipódromo Chile 1631;Independencia;Alma Hipodromo;1;30;1D1B;;;Si;345000.00;75000.00;3;0;0.00;0;1;1;3;2.50;1;0;8914;P;28.38;3.11;;0;OK;;2023-02-18;;Si;https://www.assetplan.cl/arriendo/departamento/independencia/alma-hipodromo/642/1-dormitorio?unit_id=218029&codigo_referido=;1003;Lista para arrendar
Arriendo Especial;ALHD1004;Hipódromo Chile 1631;Independencia;Alma Hipodromo;1;30;2D2B (4C);;;Si;435000.00;119000.00;3;0;50.00;1;1;1;3;3.00;1;0;8915;P;52.12;3.40;;0;OK;;;;Si;https://www.assetplan.cl/arriendo/departamento/independencia/alma-hipodromo/642/2-dormitorios?unit_id=218030&codigo_referido=;1004;Lista para arrendar
Arriendo Normal;ALHD1106;Hipódromo Chile 1631;Independencia;Alma Hipodromo;1;30;3D2B;;;No;473000.00;164000.00;3;0;50.00;1;1;1;3;3.00;1;0;8924;NO;61.49;6.93;;0;NOK;;1994-02-01;;Si;https://www.assetplan.cl/arriendo/departamento/independencia/alma-hipodromo/642/3-dormitorios?unit_id=218039&codigo_referido=;1106;Re-acondicionamiento
Arriendo Normal;ALHD1202;Hipódromo Chile 1631;Independencia;Alma Hipodromo;1;30;3D2B;;;Si;478000.00;167000.00;3;0;50.00;1;1;1;3;3.00;1;0;8927;SP;64.25;4.27;;0;OK;En ejecución;2023-04-19;;Si;https://www.assetplan.cl/arriendo/departamento/independencia/alma-hipodromo/642/3-dormitorios?unit_id=218042&codigo_referido=;1202;Lista para arrendar
Arriendo Normal;ALHD1204;Hipódromo Chile 1631;Independencia;Alma Hipodromo;1;30;2D2B (4C);;;No;435000.00;119000.00;3;0;50.00;1;1;1;3;3.00;1;0;8929;P;52.12;3.40;;0;OK;;2020-12-18;;Si;https://www.assetplan.cl/arriendo/departamento/independencia/alma-hipodromo/642/2-dormitorios?unit_id=218044&codigo_referido=;1204;Re-acondicionamiento
Arriendo Normal;ALHD1605;Hipódromo Chile 1631;Independencia;Alma Hipodromo;1;30;3D2B;;;No;472000.00;164000.00;3;0;50.00;1;1;1;3;2.50;1;0;8958;NP;61.69;6.93;;0;NOK;;2023-05-19;;Si;https://www.assetplan.cl/arriendo/departamento/independencia/alma-hipodromo/642/3-dormitorios?unit_id=218073&codigo_referido=;1605;Re-acondicionamiento
Arriendo Especial;ALHD1901;Hipódromo Chile 1631;Independencia;Alma Hipodromo;1;30;2D2B (4C);;;Si;444000.00;120000.00;3;0;50.00;1;1;1;3;3.00;1;0;8975;SO;53.31;3.12;Edificio Multifamily;0;OK;SC 20-11;1996-02-01;;Si;https://www.assetplan.cl/arriendo/departamento/independencia/alma-hipodromo/642/2-dormitorios?unit_id=218090&codigo_referido=;1901;Lista para arrendar
Arriendo Normal;CGAD404;Gamero 1363;Independencia;Mirador Gamero;1;30;1D1B+T;;;Si;333000.00;84000.00;3;6;50.00;1;1;0;3;3.00;0;0;49352;O;29.91;2.85;;0;NOK;;;;Si;https://www.assetplan.cl/arriendo/departamento/independencia/mirador-gamero/1747/1-dormitorio?unit_id=455179&codigo_referido=;404;Lista para arrendar
Arriendo Normal;CGAD414;Gamero 1363;Independencia;Mirador Gamero;1;30;1D1B+T;;;Si;330000.00;83000.00;3;6;50.00;1;1;0;3;3.00;0;0;49358;S;29.84;2.27;;0;OK;;;En cotización;Si;https://www.assetplan.cl/arriendo/departamento/independencia/mirador-gamero/1747/1-dormitorio?unit_id=455189&codigo_referido=;414;Lista para arrendar
Arriendo Normal;CGAD712;Gamero 1363;Independencia;Mirador Gamero;1;30;1D1B+T;;;Si;335000.00;83000.00;3;6;50.00;1;1;0;3;3.00;0;0;49386;S;29.84;2.31;;0;OK;;;En cotización;Si;https://www.assetplan.cl/arriendo/departamento/independencia/mirador-gamero/1747/1-dormitorio?unit_id=455235&codigo_referido=;712;Lista para arrendar
Arriendo Normal;CGAD910;Gamero 1363;Independencia;Mirador Gamero;1;30;1D1B;;;Si;309000.00;83000.00;3;6;50.00;1;1;0;3;3.00;0;0;49405;P;30.53;0.00;;0;NOK;;;En cotización;Si;https://www.assetplan.cl/arriendo/departamento/independencia/mirador-gamero/1747/1-dormitorio?unit_id=455265&codigo_referido=;910;Lista para arrendar
Arriendo Normal;CGAD1004;Gamero 1363;Independencia;Mirador Gamero;1;30;1D1B+T;;;Si;339000.00;84000.00;3;6;50.00;1;1;0;3;3.00;0;0;49306;O;29.91;2.85;;0;NOK;;;;Si;https://www.assetplan.cl/arriendo/departamento/independencia/mirador-gamero/1747/1-dormitorio?unit_id=455275&codigo_referido=;1004;Lista para arrendar
Arriendo Normal;CGAD1012;Gamero 1363;Independencia;Mirador Gamero;1;30;1D1B+T;;;Si;338000.00;83000.00;3;6;50.00;1;1;0;3;3.00;0;0;49310;S;29.84;2.31;;0;NOK;;;;Si;https://www.assetplan.cl/arriendo/departamento/independencia/mirador-gamero/1747/1-dormitorio?unit_id=455283&codigo_referido=;1012;Lista para arrendar
Arriendo Normal;CGAD1013;Gamero 1363;Independencia;Mirador Gamero;1;30;1D1B+T;;;No;336000.00;83000.00;3;6;50.00;1;1;0;3;3.00;0;0;49311;S;29.84;2.27;;0;NOK;;;;Si;https://www.assetplan.cl/arriendo/departamento/independencia/mirador-gamero/1747/1-dormitorio?unit_id=455284&codigo_referido=;1013;Re-acondicionamiento
Arriendo Normal;CGAD1014;Gamero 1363;Independencia;Mirador Gamero;1;30;1D1B+T;;;No;336000.00;83000.00;3;6;50.00;1;1;0;3;3.00;0;0;49312;S;29.84;2.27;;0;NOK;;;;Si;https://www.assetplan.cl/arriendo/departamento/independencia/mirador-gamero/1747/1-dormitorio?unit_id=455285&codigo_referido=;1014;Re-acondicionamiento
Arriendo Normal;CGAD1106;Gamero 1363;Independencia;Mirador Gamero;1;30;3D2B;;;No;606000.00;140000.00;3;0;0.00;0;1;0;3;3.00;0;0;49435;NO;63.45;2.06;;0;OK;;;;Si;https://www.assetplan.cl/arriendo/departamento/independencia/mirador-gamero/1747/3-dormitorios?unit_id=455293&codigo_referido=;1106;Re-acondicionamiento
Arriendo Normal;CGAD1209;Gamero 1363;Independencia;Mirador Gamero;1;30;1D1B;;;Si;312000.00;83000.00;3;6;50.00;1;1;0;3;3.00;0;0;49328;P;30.53;0.00;;0;NOK;;;;Si;https://www.assetplan.cl/arriendo/departamento/independencia/mirador-gamero/1747/1-dormitorio?unit_id=455312&codigo_referido=;1209;Lista para arrendar
Arriendo Especial;BEZD303;Bezanilla 1320;Independencia;Activa Bezanilla;1;30;1D1B;;;Si;379000.00;85000.00;3;6;50.00;3;1;0.5;3;3.00;0;0;63423;O;35.00;6.00;;0;OK;;2026-07-18;Ejecutado;Si;https://www.assetplan.cl/arriendo/departamento/independencia/activa-bezanilla/2786/1-dormitorio?unit_id=478660&codigo_referido=;303;Lista para arrendar
Arriendo Especial;BEZD307;Bezanilla 1320;Independencia;Activa Bezanilla;1;30;2D2B;;;Si;509000.00;124000.00;3;6;50.00;3;1;0;3;3.00;0;0;63427;SO;56.00;4.00;;0;NOK;;2026-09-09;Ejecutado;Si;https://www.assetplan.cl/arriendo/departamento/independencia/activa-bezanilla/2786/2-dormitorios?unit_id=478664&codigo_referido=;307;Lista para arrendar
Arriendo Especial;BEZD503;Bezanilla 1320;Independencia;Activa Bezanilla;1;30;1D1B;;;Si;377000.00;85000.00;3;6;50.00;3;1;0.5;3;3.00;0;0;63445;O;35.00;6.00;;0;OK;;2026-08-22;Ejecutado;Si;https://www.assetplan.cl/arriendo/departamento/independencia/activa-bezanilla/2786/1-dormitorio?unit_id=478682&codigo_referido=;503;Lista para arrendar
Arriendo Especial;BEZD507;Bezanilla 1320;Independencia;Activa Bezanilla;1;30;2D2B;;;Si;507000.00;124000.00;3;6;50.00;3;1;0;3;3.00;0;0;63449;SO;56.00;4.00;;0;OK;;2026-08-07;Ejecutado;Si;https://www.assetplan.cl/arriendo/departamento/independencia/activa-bezanilla/2786/2-dormitorios?unit_id=478686&codigo_referido=;507;Lista para arrendar
Arriendo Especial;BEZD508;Bezanilla 1320;Independencia;Activa Bezanilla;1;30;2D2B;;;Si;505000.00;124000.00;3;6;50.00;3;1;0;3;3.00;0;1;63450;SP;56.00;4.00;;0;OK;;2026-09-09;Ejecutado;Si;https://www.assetplan.cl/arriendo/departamento/independencia/activa-bezanilla/2786/2-dormitorios?unit_id=478687&codigo_referido=;508;Lista para arrendar
Arriendo Especial;BEZD605;Bezanilla 1320;Independencia;Activa Bezanilla;1;30;2D2B (4C);;;Si;495000.00;119000.00;3;6;50.00;3;1;0.5;3;3.00;0;0;63458;O;54.00;7.00;;0;OK;;2026-06-12;Ejecutado;Si;https://www.assetplan.cl/arriendo/departamento/independencia/activa-bezanilla/2786/2-dormitorios?unit_id=478695&codigo_referido=;605;Lista para arrendar
Arriendo Especial;BEZD610;Bezanilla 1320;Independencia;Activa Bezanilla;1;30;2D2B (4C);;;Si;488000.00;111000.00;3;6;50.00;3;1;0;3;3.00;0;1;63463;P;52.00;3.00;;0;OK;;2026-09-09;Ejecutado;Si;https://www.assetplan.cl/arriendo/departamento/independencia/activa-bezanilla/2786/2-dormitorios?unit_id=478700&codigo_referido=;610;Lista para arrendar
Arriendo Especial;BEZD701;Bezanilla 1320;Independencia;Activa Bezanilla;1;30;3D2B;;;Si;648000.00;146000.00;3;6;50.00;3;1;0;3;3.00;0;0;63465;NP;66.00;6.00;;0;OK;;2026-09-10;Ejecutado;Si;https://www.assetplan.cl/arriendo/departamento/independencia/activa-bezanilla/2786/3-dormitorios?unit_id=478702&codigo_referido=;701;Lista para arrendar
Arriendo Especial Plus;BEZD707;Bezanilla 1320;Independencia;Activa Bezanilla;1;30;2D2B;;;Si;507000.00;124000.00;3;6;50.00;3;1;0.5;3;3.00;0;0;63471;SO;56.00;4.00;;0;OK;;;Aprobado sin mejoras;Si;https://www.assetplan.cl/arriendo/departamento/independencia/activa-bezanilla/2786/2-dormitorios?unit_id=478708&codigo_referido=;707;Lista para arrendar
Arriendo Especial;BEZD710;Bezanilla 1320;Independencia;Activa Bezanilla;1;30;2D2B (4C);;;Si;488000.00;111000.00;3;6;50.00;3;1;0;3;3.00;0;0;63474;P;52.00;3.00;;0;NOK;;2026-09-04;Ejecutado;Si;https://www.assetplan.cl/arriendo/departamento/independencia/activa-bezanilla/2786/2-dormitorios?unit_id=478711&codigo_referido=;710;Lista para arrendar
Arriendo Especial;BEZD904;Bezanilla 1320;Independencia;Activa Bezanilla;1;30;2D2B (4C);;;Si;497000.00;119000.00;3;6;50.00;3;1;0;3;3.00;0;0;63490;O;54.00;7.00;;0;OK;;2026-08-11;Ejecutado;Si;https://www.assetplan.cl/arriendo/departamento/independencia/activa-bezanilla/2786/2-dormitorios?unit_id=478727&codigo_referido=;904;Lista para arrendar
Arriendo Normal;BEZD1002;Bezanilla 1320;Independencia;Activa Bezanilla;1;30;3D2B;;;Si;651000.00;146000.00;3;6;50.00;3;1;0;3;3.00;0;1;63499;NO;66.00;6.00;;0;OK;;2026-09-10;Ejecutado;Si;https://www.assetplan.cl/arriendo/departamento/independencia/activa-bezanilla/2786/3-dormitorios?unit_id=478736&codigo_referido=;1002;Lista para arrendar
Arriendo Especial;BEZD1110;Bezanilla 1320;Independencia;Activa Bezanilla;1;30;2D2B (4C);;;Si;492000.00;111000.00;3;6;50.00;3;1;0;3;3.00;0;0;63518;P;52.00;3.00;;0;OK;;2026-08-01;Ejecutado;Si;https://www.assetplan.cl/arriendo/departamento/independencia/activa-bezanilla/2786/2-dormitorios?unit_id=478755&codigo_referido=;1110;Lista para arrendar
Arriendo Especial;BEZD1205;Bezanilla 1320;Independencia;Activa Bezanilla;1;30;2D2B (4C);;;Si;499000.00;119000.00;3;6;50.00;3;1;0.5;3;3.00;0;0;63522;O;54.00;7.00;;0;OK;;2026-07-02;Ejecutado;Si;https://www.assetplan.cl/arriendo/departamento/independencia/activa-bezanilla/2786/2-dormitorios?unit_id=478759&codigo_referido=;1205;Lista para arrendar
Arriendo Normal;BEZD1211;Bezanilla 1320;Independencia;Activa Bezanilla;1;30;2D2B (4C);;;Si;492000.00;111000.00;3;6;50.00;3;1;0;3;3.00;0;1;63528;P;52.00;3.00;;0;NOK;;2026-09-09;Ejecutado;Si;https://www.assetplan.cl/arriendo/departamento/independencia/activa-bezanilla/2786/2-dormitorios?unit_id=478765&codigo_referido=;1211;Lista para arrendar
Arriendo Normal;IDPD1101A;Escanilla 1035;Independencia;Home Inclusive Independencia;1;30;Estudio;;;Si;285000.00;59000.00;3;6;50.00;2;1;0.5;3;3.00;0;0;73912;O;22.00;3.00;;0;NOK;;;En cotización;Si;https://www.assetplan.cl/arriendo/departamento/independencia/home-inclusive-independencia/3063/estudio?unit_id=495871&codigo_referido=;1101-A;Lista para arrendar
Arriendo Normal;IDPD1119B;Escanilla 1035;Independencia;Home Inclusive Independencia;1;30;1D1B;;;Si;308000.00;76000.00;3;6;50.00;2;1;0.5;3;3.00;0;0;73942;P;30.00;4.00;;0;NOK;;;En cotización;Si;https://www.assetplan.cl/arriendo/departamento/independencia/home-inclusive-independencia/3063/1-dormitorio?unit_id=495901&codigo_referido=;1119-B;Lista para arrendar
Arriendo Normal;IDPD1218B;Escanilla 1035;Independencia;Home Inclusive Independencia;1;30;2D1B;;;No;394000.00;87000.00;3;6;50.00;2;1;0.5;3;3.00;0;0;73973;P;38.00;3.00;;0;OK;;;Aprobado sin mejoras;Si;https://www.assetplan.cl/arriendo/departamento/independencia/home-inclusive-independencia/3063/2-dormitorios?unit_id=495932&codigo_referido=;1218-B;Re-acondicionamiento
Arriendo Normal;IDPD1304B;Escanilla 1035;Independencia;Home Inclusive Independencia;1;30;1D1B;;;No;311000.00;74000.00;3;6;50.00;2;1;0.5;3;3.00;0;0;73983;N;30.00;3.00;;0;NOK;;;Aprobado sin mejoras;Si;https://www.assetplan.cl/arriendo/departamento/independencia/home-inclusive-independencia/3063/1-dormitorio?unit_id=495942&codigo_referido=;1304-B;Re-acondicionamiento
Arriendo Normal;IDPD1407A;Escanilla 1035;Independencia;Home Inclusive Independencia;1;30;1D1B;;;Si;308000.00;76000.00;3;6;50.00;2;1;0.5;3;3.00;0;0;74018;N;32.00;0.00;;0;NOK;;2026-08-24;Ejecutado;Si;https://www.assetplan.cl/arriendo/departamento/independencia/home-inclusive-independencia/3063/1-dormitorio?unit_id=495977&codigo_referido=;1407-A;Lista para arrendar
Arriendo Normal;IDPD1412B;Escanilla 1035;Independencia;Home Inclusive Independencia;1;30;1D1B;;;Si;305000.00;73000.00;3;6;50.00;2;1;0.5;3;3.00;0;0;74029;O;31.00;0.00;;0;NOK;;;Enviado;Si;https://www.assetplan.cl/arriendo/departamento/independencia/home-inclusive-independencia/3063/1-dormitorio?unit_id=495988&codigo_referido=;1412-B;Lista para arrendar
Arriendo Normal;IDPD1413A;Escanilla 1035;Independencia;Home Inclusive Independencia;1;30;2D1B;;;No;396000.00;88000.00;3;6;50.00;2;1;0.5;3;3.00;0;0;74030;P;38.00;4.00;;0;NOK;;;Ejecutado;Si;https://www.assetplan.cl/arriendo/departamento/independencia/home-inclusive-independencia/3063/2-dormitorios?unit_id=495989&codigo_referido=;1413-A;Re-acondicionamiento
Arriendo Normal;IDPD1414A;Escanilla 1035;Independencia;Home Inclusive Independencia;1;30;1D1B;;;Si;310000.00;79000.00;3;6;50.00;2;1;0.5;3;3.00;0;0;74032;S;32.00;3.00;;0;NOK;;;Enviado;Si;https://www.assetplan.cl/arriendo/departamento/independencia/home-inclusive-independencia/3063/1-dormitorio?unit_id=495991&codigo_referido=;1414-A;Lista para arrendar
Arriendo Normal;IDPD1506B;Escanilla 1035;Independencia;Home Inclusive Independencia;1;30;2D2B;;;Si;455000.00;107000.00;3;6;50.00;2;1;0.5;3;3.00;0;0;74049;P;46.00;6.00;;0;NOK;;;Enviado;Si;https://www.assetplan.cl/arriendo/departamento/independencia/home-inclusive-independencia/3063/2-dormitorios?unit_id=496008&codigo_referido=;1506-B;Lista para arrendar
Arriendo Normal;IDPD1518B;Escanilla 1035;Independencia;Home Inclusive Independencia;1;30;2D1B;;;Si;396000.00;87000.00;3;6;50.00;1;1;0.5;3;3.00;0;0;74069;P;38.00;3.00;;0;NOK;;;En cotización;Si;https://www.assetplan.cl/arriendo/departamento/independencia/home-inclusive-independencia/3063/2-dormitorios?unit_id=496028&codigo_referido=;1518-B;Lista para arrendar
Arriendo Normal;IDPD1519B;Escanilla 1035;Independencia;Home Inclusive Independencia;1;30;1D1B;;;No;311000.00;76000.00;3;6;50.00;2;1;0.5;3;3.00;0;0;74070;P;30.00;4.00;;0;NOK;;;;Si;https://www.assetplan.cl/arriendo/departamento/independencia/home-inclusive-independencia/3063/1-dormitorio?unit_id=496029&codigo_referido=;1519-B;Re-acondicionamiento
Arriendo Normal;IDPD1610B;Escanilla 1035;Independencia;Home Inclusive Independencia;1;30;2D1B;;;No;397000.00;97000.00;3;6;50.00;2;1;0.5;3;3.00;0;0;74089;P;41.00;6.00;;0;NOK;;;Aprobado sin mejoras;Si;https://www.assetplan.cl/arriendo/departamento/independencia/home-inclusive-independencia/3063/2-dormitorios?unit_id=496048&codigo_referido=;1610-B;Re-acondicionamiento
Arriendo Normal;IDPD1616A;Escanilla 1035;Independencia;Home Inclusive Independencia;1;30;1D1B;;;No;307000.00;73000.00;3;6;50.00;2;1;0.5;3;3.00;0;0;74098;O;30.00;2.00;;0;OK;;;En cotización;Si;https://www.assetplan.cl/arriendo/departamento/independencia/home-inclusive-independencia/3063/1-dormitorio?unit_id=496057&codigo_referido=;1616-A;Re-acondicionamiento
Arriendo Normal;IDPD1804A;Escanilla 1035;Independencia;Home Inclusive Independencia;1;30;1D1B;;;Si;308000.00;73000.00;3;6;50.00;2;1;0.5;3;3.00;0;0;74142;N;31.00;0.00;;0;OK;;2026-08-08;Ejecutado;Si;https://www.assetplan.cl/arriendo/departamento/independencia/home-inclusive-independencia/3063/1-dormitorio?unit_id=496101&codigo_referido=;1804-A;Lista para arrendar
Arriendo Normal;IDPD1804B;Escanilla 1035;Independencia;Home Inclusive Independencia;1;30;1D1B;;;No;311000.00;74000.00;3;6;50.00;2;1;0.5;3;3.00;0;0;74143;N;30.00;3.00;;0;NOK;;;Aprobado sin mejoras;Si;https://www.assetplan.cl/arriendo/departamento/independencia/home-inclusive-independencia/3063/1-dormitorio?unit_id=496102&codigo_referido=;1804-B;Re-acondicionamiento
Arriendo Normal;IDPD1806B;Escanilla 1035;Independencia;Home Inclusive Independencia;1;30;2D2B;;;Si;455000.00;107000.00;3;6;50.00;2;1;0.5;3;3.00;0;0;74145;P;46.00;6.00;;0;NOK;;2026-07-30;Ejecutado;Si;https://www.assetplan.cl/arriendo/departamento/independencia/home-inclusive-independencia/3063/2-dormitorios?unit_id=496104&codigo_referido=;1806-B;Lista para arrendar
Arriendo Normal;IDPD1807B;Escanilla 1035;Independencia;Home Inclusive Independencia;1;30;Estudio;;;No;294000.00;63000.00;3;6;50.00;2;1;0.5;3;3.00;0;0;74147;P;23.00;4.00;;0;NOK;;2026-08-17;Ejecutado;Si;;1807-B;Esperando check-in
Arriendo Normal;IDPD1903B;Escanilla 1035;Independencia;Home Inclusive Independencia;1;30;1D1B;;;Si;311000.00;77000.00;3;6;50.00;2;1;0.5;3;3.00;0;0;74173;N;31.00;3.00;;0;OK;;2026-08-17;Ejecutado;Si;https://www.assetplan.cl/arriendo/departamento/independencia/home-inclusive-independencia/3063/1-dormitorio?unit_id=496132&codigo_referido=;1903-B;Lista para arrendar
Arriendo Normal;IDPD2015A;Escanilla 1035;Independencia;Home Inclusive Independencia;1;30;1D1B;;;Si;308000.00;71000.00;3;6;50.00;2;1;0.5;3;3.00;0;0;74218;S;30.00;0.00;;0;OK;;;Ejecutado;Si;https://www.assetplan.cl/arriendo/departamento/independencia/home-inclusive-independencia/3063/1-dormitorio?unit_id=496177&codigo_referido=;2015-A;Lista para arrendar
Arriendo Normal;IDPD205A;Escanilla 1035;Independencia;Home Inclusive Independencia;1;30;2D1B;;;Si;393000.00;97000.00;3;6;50.00;2;1;0.5;3;3.00;0;0;74229;O;43.00;2.00;;0;NOK;;;En cotización;Si;https://www.assetplan.cl/arriendo/departamento/independencia/home-inclusive-independencia/3063/2-dormitorios?unit_id=496188&codigo_referido=;205-A;Lista para arrendar
Arriendo Normal;IDPD207B;Escanilla 1035;Independencia;Home Inclusive Independencia;1;30;Estudio;;;Si;286000.00;62000.00;3;6;50.00;2;1;0.5;3;3.00;0;0;74233;P;23.00;3.00;;0;OK;;;;Si;https://www.assetplan.cl/arriendo/departamento/independencia/home-inclusive-independencia/3063/estudio?unit_id=496192&codigo_referido=;207-B;Lista para arrendar
Arriendo Normal;IDPD2102A;Escanilla 1035;Independencia;Home Inclusive Independencia;1;30;1D1B;;;No;308000.00;77000.00;3;6;50.00;2;1;0.5;3;3.00;0;0;74240;O;30.00;5.00;;0;NOK;;;En cotización;Si;https://www.assetplan.cl/arriendo/departamento/independencia/home-inclusive-independencia/3063/1-dormitorio?unit_id=496199&codigo_referido=;2102-A;Re-acondicionamiento
Arriendo Normal;IDPD2103B;Escanilla 1035;Independencia;Home Inclusive Independencia;1;30;1D1B;;;Si;310000.00;77000.00;3;6;50.00;2;1;0.5;3;3.00;0;0;74243;N;31.00;3.00;;0;NOK;;;En cotización;Si;https://www.assetplan.cl/arriendo/departamento/independencia/home-inclusive-independencia/3063/1-dormitorio?unit_id=496202&codigo_referido=;2103-B;Lista para arrendar
Arriendo Normal;IDPD2104B;Escanilla 1035;Independencia;Home Inclusive Independencia;1;30;1D1B;;;Si;310000.00;74000.00;3;6;50.00;2;1;0.5;3;3.00;0;0;74244;N;30.00;3.00;;0;NOK;;2026-09-03;Ejecutado;Si;https://www.assetplan.cl/arriendo/departamento/independencia/home-inclusive-independencia/3063/1-dormitorio?unit_id=496203&codigo_referido=;2104-B;Lista para arrendar
Arriendo Normal;IDPD2109B;Escanilla 1035;Independencia;Home Inclusive Independencia;1;30;1D1B;;;Si;306000.00;73000.00;3;6;50.00;2;1;0.5;3;3.00;0;0;74251;P;31.00;0.00;;0;OK;;2026-07-30;Ejecutado;Si;https://www.assetplan.cl/arriendo/departamento/independencia/home-inclusive-independencia/3063/1-dormitorio?unit_id=496210&codigo_referido=;2109-B;Lista para arrendar
Arriendo Normal;IDPD211A;Escanilla 1035;Independencia;Home Inclusive Independencia;1;30;1D1B;;;No;301000.00;77000.00;3;6;50.00;2;1;0.5;3;3.00;0;0;74264;P;31.00;3.00;;0;NOK;;2026-04-25;En cotización;Si;https://www.assetplan.cl/arriendo/departamento/independencia/home-inclusive-independencia/3063/1-dormitorio?unit_id=496223&codigo_referido=;211-A;Re-acondicionamiento
Arriendo Normal;IDPD2209A;Escanilla 1035;Independencia;Home Inclusive Independencia;1;30;1D1B;;;Si;331000.00;76000.00;3;6;50.00;1;1;0.5;3;3.00;0;0;74293;P;30.00;4.00;;0;NOK;;2025-07-04;Ejecutado;Si;https://www.assetplan.cl/arriendo/departamento/independencia/home-inclusive-independencia/3063/1-dormitorio?unit_id=496252&codigo_referido=;2209-A;Lista para arrendar
Arriendo Normal;IDPD2218A;Escanilla 1035;Independencia;Home Inclusive Independencia;1;30;1D1B;;;No;308000.00;77000.00;3;6;50.00;2;1;0.5;3;3.00;0;0;74304;O;30.00;5.00;;0;NOK;;;En cotización;Si;https://www.assetplan.cl/arriendo/departamento/independencia/home-inclusive-independencia/3063/1-dormitorio?unit_id=496263&codigo_referido=;2218-A;Re-acondicionamiento
Arriendo Normal;IDPD2219B;Escanilla 1035;Independencia;Home Inclusive Independencia;1;30;1D1B;;;Si;308000.00;78000.00;3;6;50.00;2;1;0.5;3;3.00;0;0;74305;O;31.00;4.00;;0;NOK;;;Aprobado sin mejoras;Si;https://www.assetplan.cl/arriendo/departamento/independencia/home-inclusive-independencia/3063/1-dormitorio?unit_id=496264&codigo_referido=;2219-B;Lista para arrendar
Arriendo Normal;IDPD2316A;Escanilla 1035;Independencia;Home Inclusive Independencia;1;30;1D1B;;;Si;306000.00;73000.00;3;6;50.00;2;1;0.5;3;3.00;0;0;74327;O;30.00;2.00;;0;OK;;2026-07-27;Ejecutado;Si;https://www.assetplan.cl/arriendo/departamento/independencia/home-inclusive-independencia/3063/1-dormitorio?unit_id=496286&codigo_referido=;2316-A;Lista para arrendar
Arriendo Normal;IDPD2404B;Escanilla 1035;Independencia;Home Inclusive Independencia;1;30;1D1B;;;Si;310000.00;74000.00;3;6;50.00;2;1;0.5;3;3.00;0;0;74338;N;30.00;3.00;;0;NOK;;2026-06-08;Ejecutado;Si;https://www.assetplan.cl/arriendo/departamento/independencia/home-inclusive-independencia/3063/1-dormitorio?unit_id=496297&codigo_referido=;2404-B;Lista para arrendar
Arriendo Normal;IDPD2408B;Escanilla 1035;Independencia;Home Inclusive Independencia;1;30;1D1B;;;No;310000.00;77000.00;3;6;50.00;2;1;0.5;3;3.00;0;0;74343;P;30.00;5.00;;0;OK;;;Enviado;Si;https://www.assetplan.cl/arriendo/departamento/independencia/home-inclusive-independencia/3063/1-dormitorio?unit_id=496302&codigo_referido=;2408-B;Re-acondicionamiento
Arriendo Normal;IDPD2409B;Escanilla 1035;Independencia;Home Inclusive Independencia;1;30;1D1B;;;Si;306000.00;73000.00;3;6;50.00;2;1;0.5;3;3.00;0;0;74345;P;31.00;0.00;;0;OK;;2026-07-30;Ejecutado;Si;https://www.assetplan.cl/arriendo/departamento/independencia/home-inclusive-independencia/3063/1-dormitorio?unit_id=496304&codigo_referido=;2409-B;Lista para arrendar
Arriendo Normal;IDPD2602A;Escanilla 1035;Independencia;Home Inclusive Independencia;1;30;1D1B;;;No;308000.00;77000.00;3;6;50.00;2;1;0.5;3;3.00;0;0;74384;O;30.00;5.00;;0;NOK;;;Enviado;Si;https://www.assetplan.cl/arriendo/departamento/independencia/home-inclusive-independencia/3063/1-dormitorio?unit_id=496343&codigo_referido=;2602-A;Re-acondicionamiento
Arriendo Normal;IDPD2603B;Escanilla 1035;Independencia;Home Inclusive Independencia;1;30;1D1B;;;Si;310000.00;77000.00;3;6;50.00;2;1;0.5;3;3.00;0;0;74387;N;31.00;3.00;;0;NOK;;2026-03-10;Ejecutado;Si;https://www.assetplan.cl/arriendo/departamento/independencia/home-inclusive-independencia/3063/1-dormitorio?unit_id=496346&codigo_referido=;2603-B;Lista para arrendar
Arriendo Normal;IDPD2607B;Escanilla 1035;Independencia;Home Inclusive Independencia;1;30;Estudio;;;Si;293000.00;63000.00;3;6;50.00;1;1;0.5;3;3.00;0;0;74391;P;23.00;4.00;;0;NOK;;;Ejecutado;Si;https://www.assetplan.cl/arriendo/departamento/independencia/home-inclusive-independencia/3063/estudio?unit_id=496350&codigo_referido=;2607-B;Lista para arrendar
Arriendo Normal;IDPD2715A;Escanilla 1035;Independencia;Home Inclusive Independencia;1;30;1D1B;;;Si;307000.00;71000.00;3;6;50.00;2;1;0.5;3;3.00;0;0;74426;S;30.00;0.00;;0;OK;;2026-03-30;Ejecutado;Si;https://www.assetplan.cl/arriendo/departamento/independencia/home-inclusive-independencia/3063/1-dormitorio?unit_id=496385&codigo_referido=;2715-A;Lista para arrendar
Arriendo Normal;IDPD2807B;Escanilla 1035;Independencia;Home Inclusive Independencia;1;30;Estudio;;;Si;293000.00;63000.00;3;6;50.00;2;1;0.5;3;3.00;0;0;74441;P;23.00;4.00;;0;OK;;2026-07-11;Ejecutado;Si;https://www.assetplan.cl/arriendo/departamento/independencia/home-inclusive-independencia/3063/estudio?unit_id=496400&codigo_referido=;2807-B;Lista para arrendar
Arriendo Normal;IDPD2808A;Escanilla 1035;Independencia;Home Inclusive Independencia;1;30;2D2B;;;No;454000.00;107000.00;3;6;50.00;2;1;0.5;3;3.00;0;0;74442;P;46.00;6.00;;0;NOK;;;Enviado;Si;https://www.assetplan.cl/arriendo/departamento/independencia/home-inclusive-independencia/3063/2-dormitorios?unit_id=496401&codigo_referido=;2808-A;Re-acondicionamiento
Arriendo Normal;IDPD2811A;Escanilla 1035;Independencia;Home Inclusive Independencia;1;30;1D1B;;;Si;308000.00;77000.00;3;6;50.00;2;1;0.5;3;3.00;0;0;74447;P;31.00;3.00;;0;NOK;;;Caducado;Si;https://www.assetplan.cl/arriendo/departamento/independencia/home-inclusive-independencia/3063/1-dormitorio?unit_id=496406&codigo_referido=;2811-A;Lista para arrendar
Arriendo Normal;IDPD308A;Escanilla 1035;Independencia;Home Inclusive Independencia;1;30;2D2B;;;Si;451000.00;107000.00;3;6;50.00;2;1;0.5;3;3.00;0;0;74471;P;46.00;6.00;;0;NOK;;2025-07-11;Ejecutado;Si;https://www.assetplan.cl/arriendo/departamento/independencia/home-inclusive-independencia/3063/2-dormitorios?unit_id=496430&codigo_referido=;308-A;Lista para arrendar
Arriendo Normal;IDPD407B;Escanilla 1035;Independencia;Home Inclusive Independencia;1;30;Estudio;;;No;289000.00;62000.00;3;6;50.00;2;1;0.5;3;3.00;0;0;74508;P;23.00;3.00;;0;NOK;;;En cotización;Si;https://www.assetplan.cl/arriendo/departamento/independencia/home-inclusive-independencia/3063/estudio?unit_id=496467&codigo_referido=;407-B;Re-acondicionamiento
Arriendo Normal;IDPD504A;Escanilla 1035;Independencia;Home Inclusive Independencia;1;30;1D1B;;;Si;307000.00;79000.00;3;6;50.00;2;1;0.5;3;3.00;0;0;74539;N;32.00;37.00;;0;NOK;;2025-07-04;Ejecutado;Si;https://www.assetplan.cl/arriendo/departamento/independencia/home-inclusive-independencia/3063/1-dormitorio?unit_id=496498&codigo_referido=;504-A;Lista para arrendar
Arriendo Normal;IDPD505B;Escanilla 1035;Independencia;Home Inclusive Independencia;1;30;2D1B;;;Si;393000.00;87000.00;3;6;50.00;2;1;0.5;3;3.00;0;0;74541;P;38.00;3.00;;0;NOK;;;En cotización;Si;https://www.assetplan.cl/arriendo/departamento/independencia/home-inclusive-independencia/3063/2-dormitorios?unit_id=496500&codigo_referido=;505-B;Lista para arrendar
Arriendo Normal;IDPD506B;Escanilla 1035;Independencia;Home Inclusive Independencia;1;30;2D2B;;;Si;452000.00;107000.00;3;6;50.00;2;1;0.5;3;3.00;0;0;74542;P;46.00;6.00;;0;NOK;;;En cotización;Si;https://www.assetplan.cl/arriendo/departamento/independencia/home-inclusive-independencia/3063/2-dormitorios?unit_id=496501&codigo_referido=;506-B;Lista para arrendar
Arriendo Normal;IDPD610B;Escanilla 1035;Independencia;Home Inclusive Independencia;1;30;2D1B;;;No;394000.00;97000.00;3;6;50.00;2;1;0.5;3;3.00;0;0;74580;P;41.00;6.00;;0;OK;;;En cotización;Si;https://www.assetplan.cl/arriendo/departamento/independencia/home-inclusive-independencia/3063/2-dormitorios?unit_id=496539&codigo_referido=;610-B;Re-acondicionamiento
Arriendo Normal;IDPD704B;Escanilla 1035;Independencia;Home Inclusive Independencia;1;30;1D1B;;;Si;307000.00;74000.00;3;6;50.00;2;1;0.5;3;3.00;0;0;74601;N;30.00;3.00;;0;NOK;;;En cotización;Si;https://www.assetplan.cl/arriendo/departamento/independencia/home-inclusive-independencia/3063/1-dormitorio?unit_id=496560&codigo_referido=;704-B;Lista para arrendar
Arriendo Normal;IDPD803A;Escanilla 1035;Independencia;Home Inclusive Independencia;1;30;2D2B;;;Si;452000.00;107000.00;3;6;50.00;2;1;0.5;3;3.00;0;0;74630;O;46.00;6.00;;0;NOK;;;Aprobado sin mejoras;Si;https://www.assetplan.cl/arriendo/departamento/independencia/home-inclusive-independencia/3063/2-dormitorios?unit_id=496589&codigo_referido=;803-A;Lista para arrendar
Arriendo Normal;IDPD811A;Escanilla 1035;Independencia;Home Inclusive Independencia;1;30;1D1B;;;Si;306000.00;77000.00;3;6;50.00;2;1;0.5;3;3.00;0;0;74644;P;31.00;3.00;;0;OK;;2026-06-12;Ejecutado;Si;https://www.assetplan.cl/arriendo/departamento/independencia/home-inclusive-independencia/3063/1-dormitorio?unit_id=496603&codigo_referido=;811-A;Lista para arrendar
Arriendo Normal;IDPD818A;Escanilla 1035;Independencia;Home Inclusive Independencia;1;30;1D1B;;;No;306000.00;77000.00;3;6;50.00;2;1;0.5;3;3.00;0;0;74654;O;30.00;5.00;;0;NOK;;;Aprobado sin mejoras;Si;;818-A;Esperando check-in
Arriendo Normal;IDPD907A;Escanilla 1035;Independencia;Home Inclusive Independencia;1;30;1D1B;;;Si;305000.00;76000.00;3;6;50.00;2;1;0.5;3;3.00;0;0;74668;N;32.00;0.00;;0;NOK;;1969-12-31;Ejecutado;Si;https://www.assetplan.cl/arriendo/departamento/independencia/home-inclusive-independencia/3063/1-dormitorio?unit_id=496627&codigo_referido=;907-A;Lista para arrendar
Arriendo Normal;IDPD912B;Escanilla 1035;Independencia;Home Inclusive Independencia;1;30;1D1B;;;No;302000.00;73000.00;3;6;50.00;2;1;0.5;3;3.00;0;0;74679;O;31.00;0.00;;0;NOK;;;En cotización;Si;https://www.assetplan.cl/arriendo/departamento/independencia/home-inclusive-independencia/3063/1-dormitorio?unit_id=496638&codigo_referido=;912-B;Re-acondicionamiento
Arriendo Normal;IDPD916A;Escanilla 1035;Independencia;Home Inclusive Independencia;1;30;1D1B;;;Si;304000.00;73000.00;3;6;50.00;2;1;0.5;3;3.00;0;0;74684;O;30.00;2.00;;0;NOK;;2025-07-24;En cotización;Si;https://www.assetplan.cl/arriendo/departamento/independencia/home-inclusive-independencia/3063/1-dormitorio?unit_id=496643&codigo_referido=;916-A;Lista para arrendar
Arriendo Normal;IDPD918B;Escanilla 1035;Independencia;Home Inclusive Independencia;1;30;2D1B;;;Si;394000.00;87000.00;3;6;50.00;2;1;0.5;3;3.00;0;0;74687;P;38.00;3.00;;0;NOK;;;En cotización;Si;https://www.assetplan.cl/arriendo/departamento/independencia/home-inclusive-independencia/3063/2-dormitorios?unit_id=496646&codigo_referido=;918-B;Lista para arrendar
Arriendo Normal;NDPD819-A;Av. Independencia 435;Independencia;Edificio Nueva Independencia;1;30;Estudio;;;Si;225000.00;44000.00;12;0;50.00;1;1;0.5;3;3.00;0;0;120215;O;20.21;;;0;NOK;;2026-09-09;Ejecutado;Si;https://www.assetplan.cl/arriendo/departamento/independencia/edificio-nueva-independencia/3603/estudio?unit_id=519533&codigo_referido=;819-A;Lista para arrendar
Arriendo Normal;NDPD935-A;Av. Independencia 435;Independencia;Edificio Nueva Independencia;1;30;2D1B;;;Si;334000.00;83000.00;12;0;0.00;0;1;0.5;3;3.00;0;0;120258;P;39.12;;;0;OK;;2026-07-06;Ejecutado;Si;https://www.assetplan.cl/arriendo/departamento/independencia/edificio-nueva-independencia/3603/2-dormitorios?unit_id=519576&codigo_referido=;935-A;Lista para arrendar
Arriendo Normal;NDPD1001-A;Av. Independencia 435;Independencia;Edificio Nueva Independencia;1;30;2D1B;;;Si;329000.00;75000.00;12;0;0.00;0;1;0.5;3;3.00;0;0;120261;N;35.35;;;0;OK;;2026-06-26;Ejecutado;Si;https://www.assetplan.cl/arriendo/departamento/independencia/edificio-nueva-independencia/3603/2-dormitorios?unit_id=519579&codigo_referido=;1001-A;Lista para arrendar
Arriendo Normal;NDPD1036-A;Av. Independencia 435;Independencia;Edificio Nueva Independencia;1;30;2D1B;;;Si;334000.00;83000.00;12;0;0.00;0;1;0.5;3;3.00;0;0;120290;P;39.17;;;0;NOK;;2026-07-12;Ejecutado;Si;https://www.assetplan.cl/arriendo/departamento/independencia/edificio-nueva-independencia/3603/2-dormitorios?unit_id=519608&codigo_referido=;1036-A;Lista para arrendar
Arriendo Normal;NDPD1136-A;Av. Independencia 435;Independencia;Edificio Nueva Independencia;1;30;2D1B;;2006;Si;337000.00;83000.00;12;0;0.00;0;1;0.5;3;3.00;0;0;120321;P;39.17;;;0;OK;;2026-07-15;Ejecutado;Si;https://www.assetplan.cl/arriendo/departamento/independencia/edificio-nueva-independencia/3603/2-dormitorios?unit_id=519639&codigo_referido=;1136-A;Lista para arrendar
Arriendo Especial;NDPD1204-A;Av. Independencia 435;Independencia;Edificio Nueva Independencia;1;30;2D1B;;;Si;334000.00;79000.00;12;0;0.00;0;1;0.5;3;3.00;0;0;120326;N;37.47;;;0;OK;;2026-05-25;Ejecutado;Si;https://www.assetplan.cl/arriendo/departamento/independencia/edificio-nueva-independencia/3603/2-dormitorios?unit_id=519644&codigo_referido=;1204-A;Lista para arrendar
Arriendo Normal;NDPD1211-A;Av. Independencia 435;Independencia;Edificio Nueva Independencia;1;30;1D1B;;;Si;260000.00;71000.00;12;0;0.00;0;1;0.5;3;3.00;0;0;120333;P;32.35;;;0;NOK;;2026-09-16;Ejecutado;Si;https://www.assetplan.cl/arriendo/departamento/independencia/edificio-nueva-independencia/3603/1-dormitorio?unit_id=519651&codigo_referido=;1211-A;Lista para arrendar
Arriendo Especial;NDPD1316-A;Av. Independencia 435;Independencia;Edificio Nueva Independencia;1;30;2D1B;;;Si;331000.00;77000.00;12;0;0.00;0;1;0.5;3;3.00;0;0;120367;O;36.52;;;0;NOK;;2026-05-25;Ejecutado;Si;https://www.assetplan.cl/arriendo/departamento/independencia/edificio-nueva-independencia/3603/2-dormitorios?unit_id=519685&codigo_referido=;1316-A;Lista para arrendar
Arriendo Normal;NDPD1404-A;Av. Independencia 435;Independencia;Edificio Nueva Independencia;1;30;2D1B;;;Si;337000.00;79000.00;12;0;0.00;0;1;0.5;3;3.00;0;0;120388;N;37.47;;;0;NOK;;2026-08-21;Ejecutado;Si;https://www.assetplan.cl/arriendo/departamento/independencia/edificio-nueva-independencia/3603/2-dormitorios?unit_id=519706&codigo_referido=;1404-A;Lista para arrendar
Arriendo Especial;NDPD1416-A;Av. Independencia 435;Independencia;Edificio Nueva Independencia;1;30;2D1B;;;Si;334000.00;77000.00;12;0;0.00;0;1;0.5;3;3.00;0;0;120398;O;36.52;;;0;OK;;2026-07-09;Ejecutado;Si;https://www.assetplan.cl/arriendo/departamento/independencia/edificio-nueva-independencia/3603/2-dormitorios?unit_id=519716&codigo_referido=;1416-A;Lista para arrendar
Arriendo Normal;NDPD1504-A;Av. Independencia 435;Independencia;Edificio Nueva Independencia;1;30;2D1B;;;Si;337000.00;79000.00;12;0;0.00;0;1;0.5;3;3.00;0;0;120419;N;37.47;;;0;OK;;2026-05-25;Ejecutado;Si;https://www.assetplan.cl/arriendo/departamento/independencia/edificio-nueva-independencia/3603/2-dormitorios?unit_id=519737&codigo_referido=;1504-A;Lista para arrendar
Arriendo Normal;NDPD1529-A;Av. Independencia 435;Independencia;Edificio Nueva Independencia;1;30;2D1B;;;No;339000.00;83000.00;12;0;0.00;0;1;0.5;3;3.00;0;0;120440;S;38.98;;;0;NOK;;;;Si;https://www.assetplan.cl/arriendo/departamento/independencia/edificio-nueva-independencia/3603/2-dormitorios?unit_id=519758&codigo_referido=;1529-A;Re-acondicionamiento
Arriendo Normal;NDPD1606-A;Av. Independencia 435;Independencia;Edificio Nueva Independencia;1;30;2D1B;;;No;342000.00;89000.00;12;0;0.00;0;1;0.5;3;3.00;0;0;120452;N;42.20;;;0;NOK;;;;Si;https://www.assetplan.cl/arriendo/departamento/independencia/edificio-nueva-independencia/3603/2-dormitorios?unit_id=519770&codigo_referido=;1606-A;Re-acondicionamiento
Arriendo Normal;NDPD1616-A;Av. Independencia 435;Independencia;Edificio Nueva Independencia;1;30;2D1B;;;Si;334000.00;77000.00;12;0;0.00;0;1;0.5;3;3.00;0;0;120460;O;36.52;;;0;NOK;;2026-07-27;Ejecutado;Si;https://www.assetplan.cl/arriendo/departamento/independencia/edificio-nueva-independencia/3603/2-dormitorios?unit_id=519778&codigo_referido=;1616-A;Lista para arrendar
Arriendo Especial;NDPD1629-A;Av. Independencia 435;Independencia;Edificio Nueva Independencia;1;30;2D1B;;;No;339000.00;83000.00;12;0;0.00;0;1;0.5;3;3.00;0;0;120471;S;38.98;;;0;OK;;2026-06-22;Ejecutado;Si;;1629-A;Esperando check-in
Arriendo Normal;NDPD1636-A;Av. Independencia 435;Independencia;Edificio Nueva Independencia;1;30;2D1B;;;No;339000.00;83000.00;12;0;0.00;0;1;0.5;3;3.00;0;0;120476;P;39.17;;;0;NOK;;;;Si;https://www.assetplan.cl/arriendo/departamento/independencia/edificio-nueva-independencia/3603/2-dormitorios?unit_id=519794&codigo_referido=;1636-A;Re-acondicionamiento
Arriendo Normal;NDPD1916-A;Av. Independencia 435;Independencia;Edificio Nueva Independencia;1;30;2D1B;;;Si;331000.00;77000.00;12;0;0.00;0;1;0.5;3;3.00;0;0;120507;O;36.52;;;0;OK;;2026-05-25;Ejecutado;Si;https://www.assetplan.cl/arriendo/departamento/independencia/edificio-nueva-independencia/3603/2-dormitorios?unit_id=519825&codigo_referido=;1916-A;Lista para arrendar
Arriendo Normal;NDPD203-B;Av. Independencia 435;Independencia;Edificio Nueva Independencia;1;30;1D1B;;;Si;252000.00;68000.00;12;0;0.00;0;1;0.5;3;3.00;0;0;120524;P;30.69;;;0;NOK;;2026-09-11;Ejecutado;Si;https://www.assetplan.cl/arriendo/departamento/independencia/edificio-nueva-independencia/3603/1-dormitorio?unit_id=519842&codigo_referido=;203-B;Lista para arrendar
Arriendo Normal;NDPD502-B;Av. Independencia 435;Independencia;Edificio Nueva Independencia;1;30;2D1B;;;Si;334000.00;89000.00;12;0;0.00;0;1;0.5;3;3.00;0;0;120541;P;42.14;;;0;NOK;;2026-07-27;Ejecutado;Si;https://www.assetplan.cl/arriendo/departamento/independencia/edificio-nueva-independencia/3603/2-dormitorios?unit_id=519859&codigo_referido=;502-B;Lista para arrendar
Arriendo Normal;NDPD505-B;Av. Independencia 435;Independencia;Edificio Nueva Independencia;1;30;1D1B;;;Si;256000.00;70000.00;12;0;0.00;0;1;0.5;3;3.00;0;0;120544;O;31.68;;;0;NOK;;2026-09-16;Ejecutado;Si;https://www.assetplan.cl/arriendo/departamento/independencia/edificio-nueva-independencia/3603/1-dormitorio?unit_id=519862&codigo_referido=;505-B;Lista para arrendar
Arriendo Normal;CLND501;Colón 1377;Independencia;Edificio Colón;1;30;2D2B;;;Si;384000.00;111000.00;6;0;50.00;1;1;0.5;3;3.00;0;0;119444;S;52.13;;;0;OK;;2026-07-01;Ejecutado;Si;https://www.assetplan.cl/arriendo/departamento/independencia/edificio-colon/3604/2-dormitorios?unit_id=518760&codigo_referido=;501;Lista para arrendar
Arriendo Normal;CLND1002;Colón 1377;Independencia;Edificio Colón;1;30;Estudio;;;No;255000.00;50000.00;6;0;0.00;0;1;0.5;3;3.00;0;0;119463;N;22.50;;;0;NOK;;;;Si;https://www.assetplan.cl/arriendo/departamento/independencia/edificio-colon/3604/estudio?unit_id=518779&codigo_referido=;1002;Re-acondicionamiento
Arriendo Normal;CLND1808;Colón 1377;Independencia;Edificio Colón;1;30;1D1B;76;;Si;287000.00;67000.00;6;0;0.00;0;1;0.5;3;3.00;0;0;119589;P;29.15;;;0;NOK;;2026-09-15;Ejecutado;Si;https://www.assetplan.cl/arriendo/departamento/independencia/edificio-colon/3604/1-dormitorio?unit_id=518905&codigo_referido=;1808;Lista para arrendar
Arriendo Normal;CLND409;Colón 1377;Independencia;Edificio Colón;1;30;2D2B;;;Si;372000.00;95000.00;6;0;0.00;0;1;0.5;3;3.00;0;0;119596;P;44.30;;;0;NOK;;2026-08-25;Ejecutado;Si;https://www.assetplan.cl/arriendo/departamento/independencia/edificio-colon/3604/2-dormitorios?unit_id=518912&codigo_referido=;409;Lista para arrendar
Arriendo Normal;CLND1019;Colón 1377;Independencia;Edificio Colón;1;30;Estudio;;;Si;255000.00;50000.00;6;0;0.00;0;1;0.5;3;3.00;0;0;119748;N;22.33;;;0;NOK;;2026-08-10;Ejecutado;Si;https://www.assetplan.cl/arriendo/departamento/independencia/edificio-colon/3604/estudio?unit_id=519063&codigo_referido=;1019;Lista para arrendar
Arriendo Normal;CLND1219;Colón 1377;Independencia;Edificio Colón;1;30;Estudio;;;Si;259000.00;50000.00;6;0;0.00;0;1;0.5;3;3.00;0;0;119750;N;22.33;;;0;NOK;;2026-09-09;Ejecutado;Si;https://www.assetplan.cl/arriendo/departamento/independencia/edificio-colon/3604/estudio?unit_id=519065&codigo_referido=;1219;Lista para arrendar
Arriendo Normal;CLND1021;Colón 1377;Independencia;Edificio Colón;1;30;Estudio;;;No;251000.00;44000.00;6;0;0.00;0;1;0.5;3;3.00;0;0;119776;S;19.80;;;0;NOK;;;;Si;https://www.assetplan.cl/arriendo/departamento/independencia/edificio-colon/3604/estudio?unit_id=519091&codigo_referido=;1021;Re-acondicionamiento
Arriendo Normal;VDPD314;Julio Martínez Pradanos 1355;Independencia;Edificio Vive Independencia;1;30;1D1B;;;Si;278000.00;80000.00;6;0;0.00;0;1;0.5;3;3.00;0;0;121967;P;30.43;;;0;OK;;2026-06-04;Ejecutado;Si;https://www.assetplan.cl/arriendo/departamento/independencia/edificio-vive-independencia/3605/1-dormitorio?unit_id=521284&codigo_referido=;314;Lista para arrendar
Arriendo Normal;VDPD1304;Julio Martínez Pradanos 1355;Independencia;Edificio Vive Independencia;1;30;1D1B;;;Si;282000.00;77000.00;6;0;0.00;0;1;0.5;3;3.00;0;0;122093;S;29.02;;;0;OK;;2026-07-09;Ejecutado;Si;https://www.assetplan.cl/arriendo/departamento/independencia/edificio-vive-independencia/3605/1-dormitorio?unit_id=521410&codigo_referido=;1304;Lista para arrendar
Arriendo Normal;VDPD1613;Julio Martínez Pradanos 1355;Independencia;Edificio Vive Independencia;1;30;1D1B;;;Si;247000.00;85000.00;6;0;0.00;0;1;0.5;3;3.00;0;0;122136;P;29.77;;;0;NOK;;2026-08-19;Ejecutado;Si;https://www.assetplan.cl/arriendo/departamento/independencia/edificio-vive-independencia/3605/1-dormitorio?unit_id=521453&codigo_referido=;1613;Lista para arrendar
Arriendo Normal;VDPD1712;Julio Martínez Pradanos 1355;Independencia;Edificio Vive Independencia;1;30;1D1B;;;No;288000.00;83000.00;6;0;0.00;0;1;0.5;3;3.00;0;0;122141;P;31.38;;;0;NOK;;;;Si;https://www.assetplan.cl/arriendo/departamento/independencia/edificio-vive-independencia/3605/1-dormitorio?unit_id=521458&codigo_referido=;1712;Re-acondicionamiento
Arriendo Normal;SLSD207;San Luis 1315;Independencia;Edificio San Luis;1;30;Estudio;;;No;238000.00;55000.00;12;0;50.00;1;1;0.5;3;3.00;0;0;120917;S;19.50;;;0;NOK;Bodega Materiales MT;;;Si;https://www.assetplan.cl/arriendo/departamento/independencia/edificio-san-luis/3606/estudio?unit_id=520234&codigo_referido=;207;Re-acondicionamiento
Arriendo Normal;SLSD219;San Luis 1315;Independencia;Edificio San Luis;1;30;1D1B;;;Si;280000.00;67000.00;12;0;50.00;1;1;0.5;3;3.00;0;0;120929;N;31.00;;;0;NOK;;2026-09-12;Ejecutado;Si;https://www.assetplan.cl/arriendo/departamento/independencia/edificio-san-luis/3606/1-dormitorio?unit_id=520246&codigo_referido=;219;Lista para arrendar
Arriendo Normal;SLSD301;San Luis 1315;Independencia;Edificio San Luis;1;30;1D1B;;;No;280000.00;67000.00;12;0;50.00;1;1;0.5;3;3.00;0;0;120931;N;31.22;;;0;NOK;;;Enviado;Si;https://www.assetplan.cl/arriendo/departamento/independencia/edificio-san-luis/3606/1-dormitorio?unit_id=520248&codigo_referido=;301;Re-acondicionamiento
Arriendo Normal;SLSD303;San Luis 1315;Independencia;Edificio San Luis;1;30;2D1B;;;Si;351000.00;84000.00;12;0;50.00;1;1;0.5;3;3.00;0;0;120933;NO;37.88;;;0;NOK;;2026-08-27;Ejecutado;Si;https://www.assetplan.cl/arriendo/departamento/independencia/edificio-san-luis/3606/2-dormitorios?unit_id=520250&codigo_referido=;303;Lista para arrendar
Arriendo Normal;SLSD405;San Luis 1315;Independencia;Edificio San Luis;1;30;Estudio;;;Si;242000.00;59000.00;12;0;50.00;1;1;0.5;3;3.00;0;0;120955;S;21.10;;;0;NOK;;2026-09-25;Ejecutado;Si;https://www.assetplan.cl/arriendo/departamento/independencia/edificio-san-luis/3606/estudio?unit_id=520272&codigo_referido=;405;Lista para arrendar
Arriendo Normal;SLSD519;San Luis 1315;Independencia;Edificio San Luis;1;30;1D1B;;;No;284000.00;67000.00;12;0;50.00;1;1;0.5;3;3.00;0;0;120987;N;31.14;;;0;NOK;;;;Si;https://www.assetplan.cl/arriendo/departamento/independencia/edificio-san-luis/3606/1-dormitorio?unit_id=520304&codigo_referido=;519;Re-acondicionamiento
Arriendo Normal;SLSD1107;San Luis 1315;Independencia;Edificio San Luis;1;30;Estudio;;;No;247000.00;55000.00;12;0;50.00;1;1;0.5;3;3.00;0;0;121085;S;19.56;;;0;NOK;;;;Si;https://www.assetplan.cl/arriendo/departamento/independencia/edificio-san-luis/3606/estudio?unit_id=520402&codigo_referido=;1107;Re-acondicionamiento
Arriendo Normal;SLSD1218;San Luis 1315;Independencia;Edificio San Luis;1;30;1D1B;;;No;291000.00;67000.00;12;0;50.00;1;1;0.5;3;3.00;0;0;121112;N;31.22;;;0;NOK;;;;Si;https://www.assetplan.cl/arriendo/departamento/independencia/edificio-san-luis/3606/1-dormitorio?unit_id=520429&codigo_referido=;1218;Re-acondicionamiento
Arriendo Normal;SLSD1402;San Luis 1315;Independencia;Edificio San Luis;1;30;2D2B;;;Si;395000.00;87000.00;12;0;50.00;1;1;0.5;3;3.00;0;0;121134;N;41.49;;;0;NOK;;;Enviado;Si;https://www.assetplan.cl/arriendo/departamento/independencia/edificio-san-luis/3606/2-dormitorios?unit_id=520451&codigo_referido=;1402;Lista para arrendar
Arriendo Normal;SLSD1404;San Luis 1315;Independencia;Edificio San Luis;1;30;1D1B;;;No;294000.00;67000.00;12;0;50.00;1;1;0.5;3;3.00;0;0;121136;SO;31.18;;;0;NOK;;;;Si;https://www.assetplan.cl/arriendo/departamento/independencia/edificio-san-luis/3606/1-dormitorio?unit_id=520453&codigo_referido=;1404;Re-acondicionamiento
Arriendo Normal;SLSD1502;San Luis 1315;Independencia;Edificio San Luis;1;30;2D2B;;;Si;395000.00;87000.00;12;0;50.00;1;1;0.5;3;3.00;0;0;121152;N;41.49;;;0;OK;;2026-07-03;Ejecutado;Si;https://www.assetplan.cl/arriendo/departamento/independencia/edificio-san-luis/3606/2-dormitorios?unit_id=520469&codigo_referido=;1502;Lista para arrendar
Arriendo Normal;SLSD1508;San Luis 1315;Independencia;Edificio San Luis;1;30;1D1B;205;2013;No;290000.00;62000.00;12;0;50.00;1;1;0.5;3;3.00;0;0;121158;S;28.89;;;0;NOK;;;;Si;https://www.assetplan.cl/arriendo/departamento/independencia/edificio-san-luis/3606/1-dormitorio?unit_id=520475&codigo_referido=;1508;Re-acondicionamiento
Arriendo Normal;SLSD1512;San Luis 1315;Independencia;Edificio San Luis;1;30;Estudio;;;Si;256000.00;73000.00;12;0;50.00;1;1;0.5;3;3.00;0;0;121162;S;26.19;;;0;NOK;;2026-08-27;Ejecutado;Si;https://www.assetplan.cl/arriendo/departamento/independencia/edificio-san-luis/3606/estudio?unit_id=520479&codigo_referido=;1512;Lista para arrendar
Arriendo Normal;SLSD1516;San Luis 1315;Independencia;Edificio San Luis;1;30;1D1B;;;Si;290000.00;62000.00;12;0;50.00;1;1;0.5;3;3.00;0;0;121164;N;28.74;;;0;OK;;2026-08-04;Ejecutado;Si;https://www.assetplan.cl/arriendo/departamento/independencia/edificio-san-luis/3606/1-dormitorio?unit_id=520481&codigo_referido=;1516;Lista para arrendar
Arriendo Normal;SUID301;Av. Independencia 733;Independencia;Edificio Su Independencia - MF;1;30;Estudio;;;No;230000.00;53000.00;12;0;50.00;1;1;0.5;3;3.00;0;0;121379;N;23.56;;;0;NOK;;;Enviado;Si;https://www.assetplan.cl/arriendo/departamento/independencia/edificio-su-independencia-mf/3607/estudio?unit_id=520698&codigo_referido=;301;Re-acondicionamiento
Arriendo Especial;SUID306;Av. Independencia 733;Independencia;Edificio Su Independencia - MF;1;30;2D1B;;;Si;310000.00;82000.00;12;0;50.00;1;1;0.5;3;3.00;0;0;121384;S;39.97;;;0;OK;;2026-07-07;Ejecutado;Si;https://www.assetplan.cl/arriendo/departamento/independencia/edificio-su-independencia-mf/3607/2-dormitorios?unit_id=520703&codigo_referido=;306;Lista para arrendar
Arriendo Especial;SUID317;Av. Independencia 733;Independencia;Edificio Su Independencia - MF;1;30;2D1B;;;Si;310000.00;80000.00;12;0;50.00;1;1;0.5;3;3.00;0;0;121395;O;39.32;;;0;NOK;;;Ejecutado;Si;https://www.assetplan.cl/arriendo/departamento/independencia/edificio-su-independencia-mf/3607/2-dormitorios?unit_id=520714&codigo_referido=;317;Lista para arrendar
Arriendo Normal;SUID411;Av. Independencia 733;Independencia;Edificio Su Independencia - MF;1;30;2D1B;;;Si;310000.00;83000.00;12;0;50.00;1;1;0.5;3;3.00;0;0;121406;O;40.74;;;0;NOK;;2026-09-09;Ejecutado;Si;https://www.assetplan.cl/arriendo/departamento/independencia/edificio-su-independencia-mf/3607/2-dormitorios?unit_id=520725&codigo_referido=;411;Lista para arrendar
Arriendo Normal;SUID505;Av. Independencia 733;Independencia;Edificio Su Independencia - MF;1;30;2D1B;;;No;310000.00;81000.00;12;0;50.00;1;1;0.5;3;3.00;0;0;121417;N;39.67;;;0;NOK;;2026-09-09;Ejecutado;Si;https://www.assetplan.cl/arriendo/departamento/independencia/edificio-su-independencia-mf/3607/2-dormitorios?unit_id=520736&codigo_referido=;505;Re-acondicionamiento
Arriendo Normal;SUID506;Av. Independencia 733;Independencia;Edificio Su Independencia - MF;1;30;2D1B;;;No;310000.00;81000.00;12;0;50.00;1;1;0.5;3;3.00;0;0;121418;S;39.67;;;0;NOK;;0000-00-00;Ejecutado;Si;https://www.assetplan.cl/arriendo/departamento/independencia/edificio-su-independencia-mf/3607/2-dormitorios?unit_id=520737&codigo_referido=;506;Re-acondicionamiento
Arriendo Normal;SUID513;Av. Independencia 733;Independencia;Edificio Su Independencia - MF;1;30;1D1B;;;No;260000.00;57000.00;12;0;50.00;1;1;0.5;3;3.00;0;0;121425;P;28.06;;;0;NOK;;;Enviado;Si;https://www.assetplan.cl/arriendo/departamento/independencia/edificio-su-independencia-mf/3607/1-dormitorio?unit_id=520744&codigo_referido=;513;Re-acondicionamiento
Arriendo Normal;SUID517;Av. Independencia 733;Independencia;Edificio Su Independencia - MF;1;30;2D1B;;;Si;310000.00;80000.00;12;0;50.00;1;1;0.5;3;3.00;0;0;121429;O;39.32;;;0;NOK;;2026-09-04;Ejecutado;Si;https://www.assetplan.cl/arriendo/departamento/independencia/edificio-su-independencia-mf/3607/2-dormitorios?unit_id=520748&codigo_referido=;517;Lista para arrendar
Arriendo Especial;SUID606;Av. Independencia 733;Independencia;Edificio Su Independencia - MF;1;30;2D1B;;;Si;310000.00;81000.00;12;0;50.00;1;1;0.5;3;3.00;0;0;121435;S;39.67;;;0;OK;;2026-07-29;Ejecutado;Si;https://www.assetplan.cl/arriendo/departamento/independencia/edificio-su-independencia-mf/3607/2-dormitorios?unit_id=520754&codigo_referido=;606;Lista para arrendar
Arriendo Normal;SUID612;Av. Independencia 733;Independencia;Edificio Su Independencia - MF;1;30;2D1B;;;No;310000.00;87000.00;12;0;50.00;1;1;0.5;3;3.00;0;0;121441;P;42.57;;;0;NOK;;2026-09-09;Ejecutado;Si;https://www.assetplan.cl/arriendo/departamento/independencia/edificio-su-independencia-mf/3607/2-dormitorios?unit_id=520760&codigo_referido=;612;Re-acondicionamiento
Arriendo Normal;SUID617;Av. Independencia 733;Independencia;Edificio Su Independencia - MF;1;30;2D1B;;;No;310000.00;80000.00;12;0;50.00;1;1;0.5;3;3.00;0;0;121446;O;39.32;;;0;NOK;;;Ejecutado;Si;https://www.assetplan.cl/arriendo/departamento/independencia/edificio-su-independencia-mf/3607/2-dormitorios?unit_id=520765&codigo_referido=;617;Re-acondicionamiento
Arriendo Normal;SUID703;Av. Independencia 733;Independencia;Edificio Su Independencia - MF;1;30;1D1B;;;Si;260000.00;57000.00;12;0;50.00;1;1;0.5;3;3.00;0;0;121449;N;28.16;;;0;NOK;;2026-09-23;Ejecutado;Si;https://www.assetplan.cl/arriendo/departamento/independencia/edificio-su-independencia-mf/3607/1-dormitorio?unit_id=520768&codigo_referido=;703;Lista para arrendar
Arriendo Normal;SUID817;Av. Independencia 733;Independencia;Edificio Su Independencia - MF;1;30;2D1B;;;No;310000.00;80000.00;12;0;50.00;1;1;0.5;3;3.00;0;0;121480;O;39.32;;;0;NOK;;2026-09-09;Ejecutado;Si;https://www.assetplan.cl/arriendo/departamento/independencia/edificio-su-independencia-mf/3607/2-dormitorios?unit_id=520799&codigo_referido=;817;Re-acondicionamiento
Arriendo Normal;SUID902;Av. Independencia 733;Independencia;Edificio Su Independencia - MF;1;30;1D1B;;;Si;260000.00;60000.00;12;0;50.00;1;1;0.5;3;3.00;0;0;121482;N;28.16;;;0;NOK;;2026-07-29;Ejecutado;Si;https://www.assetplan.cl/arriendo/departamento/independencia/edificio-su-independencia-mf/3607/1-dormitorio?unit_id=520801&codigo_referido=;902;Lista para arrendar
Arriendo Normal;SUID1005;Av. Independencia 733;Independencia;Edificio Su Independencia - MF;1;30;2D1B;;;No;310000.00;81000.00;12;0;50.00;1;1;0.5;3;3.00;0;0;121498;N;39.67;;;0;NOK;;;En revisión;Si;https://www.assetplan.cl/arriendo/departamento/independencia/edificio-su-independencia-mf/3607/2-dormitorios?unit_id=520817&codigo_referido=;1005;Re-acondicionamiento
Arriendo Normal;SUID1007;Av. Independencia 733;Independencia;Edificio Su Independencia - MF;1;30;Estudio;;;Si;230000.00;43000.00;12;0;50.00;1;1;0.5;3;3.00;0;0;121500;S;18.94;;;0;NOK;;2026-09-04;Ejecutado;Si;https://www.assetplan.cl/arriendo/departamento/independencia/edificio-su-independencia-mf/3607/estudio?unit_id=520819&codigo_referido=;1007;Lista para arrendar
Arriendo Especial;SUID1106;Av. Independencia 733;Independencia;Edificio Su Independencia - MF;1;30;2D1B;;;Si;310000.00;81000.00;12;0;50.00;1;1;0.5;3;3.00;0;0;121512;S;39.67;;;0;NOK;;2026-07-29;Ejecutado;Si;https://www.assetplan.cl/arriendo/departamento/independencia/edificio-su-independencia-mf/3607/2-dormitorios?unit_id=520831&codigo_referido=;1106;Lista para arrendar
Arriendo Normal;SUID1301;Av. Independencia 733;Independencia;Edificio Su Independencia - MF;1;30;Estudio;;;No;230000.00;65000.00;12;0;50.00;1;1;0.5;3;3.00;0;0;121533;N;28.80;;;0;NOK;;;;Si;https://www.assetplan.cl/arriendo/departamento/independencia/edificio-su-independencia-mf/3607/estudio?unit_id=520852&codigo_referido=;1301;Re-acondicionamiento
Arriendo Normal;SUID1306;Av. Independencia 733;Independencia;Edificio Su Independencia - MF;1;30;2D1B;;;Si;310000.00;81000.00;12;0;50.00;1;1;0.5;3;3.00;0;0;121538;S;39.67;;;0;NOK;;2026-09-23;Ejecutado;Si;https://www.assetplan.cl/arriendo/departamento/independencia/edificio-su-independencia-mf/3607/2-dormitorios?unit_id=520857&codigo_referido=;1306;Lista para arrendar
Arriendo Normal;SUID1403;Av. Independencia 733;Independencia;Edificio Su Independencia - MF;1;30;1D1B;;;No;260000.00;57000.00;12;0;50.00;1;1;0.5;3;3.00;0;0;121548;N;28.16;;;0;NOK;;;;Si;https://www.assetplan.cl/arriendo/departamento/independencia/edificio-su-independencia-mf/3607/1-dormitorio?unit_id=520867&codigo_referido=;1403;Re-acondicionamiento
Arriendo Especial;SUID1406;Av. Independencia 733;Independencia;Edificio Su Independencia - MF;1;30;2D1B;;;Si;310000.00;81000.00;12;0;50.00;1;1;0.5;3;3.00;0;0;121551;S;39.67;;;0;NOK;;2026-07-30;Ejecutado;Si;https://www.assetplan.cl/arriendo/departamento/independencia/edificio-su-independencia-mf/3607/2-dormitorios?unit_id=520870&codigo_referido=;1406;Lista para arrendar
Arriendo Especial;SUID1505;Av. Independencia 733;Independencia;Edificio Su Independencia - MF;1;30;2D1B;;;Si;310000.00;81000.00;12;0;50.00;1;1;0.5;3;3.00;0;0;121563;N;39.67;;;0;NOK;;;Ejecutado;Si;https://www.assetplan.cl/arriendo/departamento/independencia/edificio-su-independencia-mf/3607/2-dormitorios?unit_id=520882&codigo_referido=;1505;Lista para arrendar
Arriendo Especial;SUID1506;Av. Independencia 733;Independencia;Edificio Su Independencia - MF;1;30;2D1B;;;Si;310000.00;81000.00;12;0;50.00;1;1;0.5;3;3.00;0;0;121564;S;39.67;;;0;NOK;;2026-07-29;Ejecutado;Si;https://www.assetplan.cl/arriendo/departamento/independencia/edificio-su-independencia-mf/3607/2-dormitorios?unit_id=520883&codigo_referido=;1506;Lista para arrendar
Arriendo Normal;SUID1605;Av. Independencia 733;Independencia;Edificio Su Independencia - MF;1;30;2D1B;;;No;310000.00;81000.00;12;0;50.00;1;1;0.5;3;3.00;0;0;121576;N;39.67;;;0;NOK;;;;Si;https://www.assetplan.cl/arriendo/departamento/independencia/edificio-su-independencia-mf/3607/2-dormitorios?unit_id=520895&codigo_referido=;1605;Re-acondicionamiento
Arriendo Normal;SUID1706;Av. Independencia 733;Independencia;Edificio Su Independencia - MF;1;30;2D1B;;;Si;310000.00;81000.00;12;0;50.00;1;1;0.5;3;3.00;0;0;121590;S;39.67;;;0;NOK;Fecha de culminación de reparacion  27 febrero;2026-09-08;Ejecutado;Si;https://www.assetplan.cl/arriendo/departamento/independencia/edificio-su-independencia-mf/3607/2-dormitorios?unit_id=520909&codigo_referido=;1706;Lista para arrendar
Arriendo Normal;SUID1803;Av. Independencia 733;Independencia;Edificio Su Independencia - MF;1;30;1D1B;;;Si;260000.00;57000.00;12;0;50.00;1;1;0.5;3;3.00;0;0;121601;N;28.16;;;0;NOK;;2026-08-24;Ejecutado;Si;https://www.assetplan.cl/arriendo/departamento/independencia/edificio-su-independencia-mf/3607/1-dormitorio?unit_id=520919&codigo_referido=;1803;Lista para arrendar
Arriendo Normal;SUID1905;Av. Independencia 733;Independencia;Edificio Su Independencia - MF;1;30;2D1B;;;No;310000.00;81000.00;12;0;50.00;1;1;0.5;3;3.00;0;0;121616;N;39.67;;;0;NOK;;;Aprobado sin mejoras;Si;https://www.assetplan.cl/arriendo/departamento/independencia/edificio-su-independencia-mf/3607/2-dormitorios?unit_id=520934&codigo_referido=;1905;Re-acondicionamiento
Arriendo Especial;SUID1906;Av. Independencia 733;Independencia;Edificio Su Independencia - MF;1;30;2D1B;;;Si;310000.00;81000.00;12;0;50.00;1;1;0.5;3;3.00;0;0;121617;S;39.67;;;0;OK;;;Ejecutado;Si;https://www.assetplan.cl/arriendo/departamento/independencia/edificio-su-independencia-mf/3607/2-dormitorios?unit_id=520935&codigo_referido=;1906;Lista para arrendar
Arriendo Normal;SUID2006;Av. Independencia 733;Independencia;Edificio Su Independencia - MF;1;30;2D1B;;;No;320000.00;84000.00;12;0;50.00;1;1;0.5;3;3.00;0;0;121630;S;39.67;;;0;NOK;;;;Si;https://www.assetplan.cl/arriendo/departamento/independencia/edificio-su-independencia-mf/3607/2-dormitorios?unit_id=520948&codigo_referido=;2006;Re-acondicionamiento
Arriendo Normal;SUID2106;Av. Independencia 733;Independencia;Edificio Su Independencia - MF;1;30;2D1B;;;No;320000.00;84000.00;12;0;50.00;1;1;0.5;3;3.00;0;0;121643;S;39.67;;;0;NOK;;;;Si;https://www.assetplan.cl/arriendo/departamento/independencia/edificio-su-independencia-mf/3607/2-dormitorios?unit_id=520961&codigo_referido=;2106;Re-acondicionamiento
Arriendo Especial;SUID2205;Av. Independencia 733;Independencia;Edificio Su Independencia - MF;1;30;2D1B;;;Si;320000.00;84000.00;12;0;50.00;1;1;0.5;3;3.00;0;0;121655;N;39.67;;;0;NOK;;2026-07-29;Ejecutado;Si;https://www.assetplan.cl/arriendo/departamento/independencia/edificio-su-independencia-mf/3607/2-dormitorios?unit_id=520973&codigo_referido=;2205;Lista para arrendar
Arriendo Normal;SUID2206;Av. Independencia 733;Independencia;Edificio Su Independencia - MF;1;30;2D1B;;;Si;320000.00;84000.00;12;0;50.00;1;1;0.5;3;3.00;0;0;121656;S;39.67;;;0;NOK;Fecha de culminación de reparacion  27 febrero;2026-09-23;Ejecutado;Si;https://www.assetplan.cl/arriendo/departamento/independencia/edificio-su-independencia-mf/3607/2-dormitorios?unit_id=520974&codigo_referido=;2206;Lista para arrendar
Arriendo Normal;SUID2505;Av. Independencia 733;Independencia;Edificio Su Independencia - MF;1;30;2D1B;;;Si;320000.00;84000.00;12;0;50.00;1;1;0.5;3;3.00;0;0;121694;N;39.67;;;0;NOK;;2026-09-08;Ejecutado;Si;https://www.assetplan.cl/arriendo/departamento/independencia/edificio-su-independencia-mf/3607/2-dormitorios?unit_id=521012&codigo_referido=;2505;Lista para arrendar
Arriendo Normal;DPYD311;Gastón Despouy 8740;La Cisterna;Conecta Despouy;1;30;1D1B;;;Si;335521.00;75705.00;12;0;0.00;0;1;1;3;3.00;0;0;16655;N;30.13;3.42;;0;NOK;;2026-09-22;Ejecutado;Si;https://www.assetplan.cl/arriendo/departamento/la-cisterna/conecta-despouy/1210/1-dormitorio?unit_id=438152&codigo_referido=;311;Lista para arrendar
Arriendo Normal;DPYD418;Gastón Despouy 8740;La Cisterna;Conecta Despouy;1;30;2D1B;;;Si;357104.00;100840.00;12;0;50.00;1;1;1;3;3.00;0;0;16681;S;40.61;3.47;;0;NOK;;;;Si;https://www.assetplan.cl/arriendo/departamento/la-cisterna/conecta-despouy/1210/2-dormitorios?unit_id=438178&codigo_referido=;418;Re-acondicionamiento
Arriendo Normal;DPYD611;Gastón Despouy 8740;La Cisterna;Conecta Despouy;1;30;1D1B;;;Si;336215.00;75705.00;12;0;0.00;0;1;1;3;3.00;0;0;16712;N;30.13;3.42;;0;OK;;2026-09-15;Ejecutado;Si;https://www.assetplan.cl/arriendo/departamento/la-cisterna/conecta-despouy/1210/1-dormitorio?unit_id=438209&codigo_referido=;611;Lista para arrendar
Arriendo Normal;DPYD618;Gastón Despouy 8740;La Cisterna;Conecta Despouy;1;30;2D1B;;;Si;357602.00;100840.00;12;0;50.00;1;1;1;3;3.00;0;0;16720;S;40.61;3.47;;0;OK;;2026-08-24;Ejecutado;Si;https://www.assetplan.cl/arriendo/departamento/la-cisterna/conecta-despouy/1210/2-dormitorios?unit_id=438216&codigo_referido=;618;Lista para arrendar
Arriendo Normal;DPYD712;Gastón Despouy 8740;La Cisterna;Conecta Despouy;1;30;2D2B;;;No;419080.00;107636.00;12;0;50.00;1;1;1;3;3.00;0;0;16736;N;44.62;3.42;;0;OK;;2025-06-24;Ejecutado;Si;https://www.assetplan.cl/arriendo/departamento/la-cisterna/conecta-despouy/1210/2-dormitorios?unit_id=438229&codigo_referido=;712;Re-acondicionamiento
Arriendo Normal;DPYD812;Gastón Despouy 8740;La Cisterna;Conecta Despouy;1;30;2D2B;;;No;419378.00;107636.00;12;0;50.00;1;1;1;3;3.00;0;0;16751;N;44.62;3.42;;0;OK;Piloto;2022-04-11;;Si;https://www.assetplan.cl/arriendo/departamento/la-cisterna/conecta-despouy/1210/2-dormitorios?unit_id=438248&codigo_referido=;812;Re-acondicionamiento
Arriendo Normal;DPYD813;Gastón Despouy 8740;La Cisterna;Conecta Despouy;1;30;2D1B;;;No;354508.00;99852.00;12;0;50.00;1;1;1;3;3.00;0;0;16752;P;40.05;3.76;;0;OK;;;;Si;https://www.assetplan.cl/arriendo/departamento/la-cisterna/conecta-despouy/1210/2-dormitorios?unit_id=438249&codigo_referido=;813;Re-acondicionamiento
Arriendo Normal;DPYD814;Gastón Despouy 8740;La Cisterna;Conecta Despouy;1;30;2D1B;;;No;353801.00;99661.00;12;0;50.00;1;1;1;3;3.00;0;0;16753;P;39.97;3.76;;0;OK;;2025-04-22;Ejecutado;Si;https://www.assetplan.cl/arriendo/departamento/la-cisterna/conecta-despouy/1210/2-dormitorios?unit_id=438250&codigo_referido=;814;Re-acondicionamiento
Arriendo Normal;DPYD918;Gastón Despouy 8740;La Cisterna;Conecta Despouy;1;30;2D1B;;;Si;358348.00;100840.00;12;0;50.00;1;1;1;3;3.00;0;0;16776;S;40.61;3.47;;0;OK;bloquedo;2026-09-11;Ejecutado;Si;https://www.assetplan.cl/arriendo/departamento/la-cisterna/conecta-despouy/1210/2-dormitorios?unit_id=438273&codigo_referido=;918;Lista para arrendar
Arriendo Normal;DPYD1401;Gastón Despouy 8740;La Cisterna;Conecta Despouy;1;30;1D1B;;;Si;321000.00;71000.00;12;0;50.00;1;1;1;3;3.00;0;0;16989;S;30.33;;;0;OK;;;;Si;https://www.assetplan.cl/arriendo/departamento/la-cisterna/conecta-despouy/1210/1-dormitorio?unit_id=438351&codigo_referido=;1401;Re-acondicionamiento
Arriendo Normal;DPYD1414;Gastón Despouy 8740;La Cisterna;Conecta Despouy;1;30;2D1B;;;Si;355276.00;99661.00;12;0;50.00;1;1;1;3;3.00;0;0;17002;P;39.97;3.76;;0;NOK;;2026-08-28;Ejecutado;Si;https://www.assetplan.cl/arriendo/departamento/la-cisterna/conecta-despouy/1210/2-dormitorios?unit_id=438364&codigo_referido=;1414;Lista para arrendar
Arriendo Normal;URTD303;José Ureta 139;La Cisterna;Mirador José Ureta;1;30;1D1B;;;Si;296000.00;73000.00;3;6;50.00;1;1;0;3;3.00;0;0;17176;P;30.00;;;0;OK;;1996-02-01;;Si;https://www.assetplan.cl/arriendo/departamento/la-cisterna/mirador-jose-ureta/1214/1-dormitorio?unit_id=438634&codigo_referido=;303;Lista para arrendar
Arriendo Normal;URTD901;José Ureta 139;La Cisterna;Mirador José Ureta;1;30;1D1B;;;Si;300000.00;73000.00;3;6;50.00;1;1;0;3;3.00;0;0;17246;P;30.04;;;0;NOK;;;;Si;https://www.assetplan.cl/arriendo/departamento/la-cisterna/mirador-jose-ureta/1214/1-dormitorio?unit_id=438704&codigo_referido=;901;Lista para arrendar
Arriendo Normal;URTD1104;José Ureta 139;La Cisterna;Mirador José Ureta;1;30;2D2B (4C);;;Si;421000.00;112000.00;3;6;0.00;0;1;0;3;3.00;0;0;17273;N;45.46;;;0;NOK;;;;Si;https://www.assetplan.cl/arriendo/departamento/la-cisterna/mirador-jose-ureta/1214/2-dormitorios?unit_id=438731&codigo_referido=;1104;Lista para arrendar
Arriendo Normal;URTD1401;José Ureta 139;La Cisterna;Mirador José Ureta;1;30;1D1B+T;;;Si;334000.00;73000.00;3;6;0.00;0;1;0;3;3.00;0;0;17306;P;30.04;5.57;;0;NOK;;1996-02-01;;Si;https://www.assetplan.cl/arriendo/departamento/la-cisterna/mirador-jose-ureta/1214/1-dormitorio?unit_id=438764&codigo_referido=;1401;Lista para arrendar
Arriendo Normal;URTD1405;José Ureta 139;La Cisterna;Mirador José Ureta;1;30;2D2B (3C);;;Si;377000.00;98000.00;3;6;50.00;1;1;0;3;3.00;0;0;17310;N;40.79;;;0;OK;Subir Kit 
Cojín futón 
Tuerca futón ;2023-03-20;;Si;https://www.assetplan.cl/arriendo/departamento/la-cisterna/mirador-jose-ureta/1214/2-dormitorios?unit_id=438768&codigo_referido=;1405;Lista para arrendar
Arriendo Normal;URTD1509;José Ureta 139;La Cisterna;Mirador José Ureta;1;30;1D1B;;;Si;302000.00;73000.00;3;6;50.00;1;1;0;3;3.00;0;0;17326;O;30.04;;;0;NOK;Pendiente Aseo Profundo;1996-02-01;;Si;https://www.assetplan.cl/arriendo/departamento/la-cisterna/mirador-jose-ureta/1214/1-dormitorio?unit_id=438784&codigo_referido=;1509;Lista para arrendar
Arriendo Normal;URTD1704;José Ureta 139;La Cisterna;Mirador José Ureta;1;30;2D2B (4C);;;Si;417000.00;112000.00;3;6;50.00;1;1;0;3;3.00;0;0;17345;N;45.46;;;0;OK;;2024-01-26;;Si;https://www.assetplan.cl/arriendo/departamento/la-cisterna/mirador-jose-ureta/1214/2-dormitorios?unit_id=438803&codigo_referido=;1704;Lista para arrendar
Arriendo Normal;URTD1705;José Ureta 139;La Cisterna;Mirador José Ureta;1;30;2D2B (3C);;;Si;375000.00;98000.00;3;6;0.00;0;1;0;3;3.00;0;0;17346;N;40.79;;;0;OK;SC 06-07;1996-02-01;;Si;https://www.assetplan.cl/arriendo/departamento/la-cisterna/mirador-jose-ureta/1214/2-dormitorios?unit_id=438804&codigo_referido=;1705;Lista para arrendar
Arriendo Normal;URTD1805;José Ureta 139;La Cisterna;Mirador José Ureta;1;30;2D2B (3C);;;Si;375000.00;98000.00;3;6;0.00;0;1;0;3;3.00;0;0;17358;N;40.79;;;0;NOK;KIT, Cambio Cojin de Futon ;2023-04-21;;Si;https://www.assetplan.cl/arriendo/departamento/la-cisterna/mirador-jose-ureta/1214/2-dormitorios?unit_id=438816&codigo_referido=;1805;Lista para arrendar
Arriendo Normal;ERAD312;San Luis 6573;La Cisterna;Era;1;30;2D2B;;;Si;417000.00;114000.00;3;12;50.00;1;1;0;3;3.00;0;0;125901;P;54.03;7.27;;0;OK;;;;Si;https://www.assetplan.cl/arriendo/departamento/la-cisterna/era/3151/2-dormitorios?unit_id=501605&codigo_referido=;312;Lista para arrendar
Arriendo Normal;ERAD411;San Luis 6573;La Cisterna;Era;1;30;2D2B;;;Si;425000.00;114000.00;3;12;50.00;1;1;0;3;3.00;0;0;125915;O;54.03;7.27;;0;OK;;;;Si;https://www.assetplan.cl/arriendo/departamento/la-cisterna/era/3151/2-dormitorios?unit_id=501619&codigo_referido=;411;Lista para arrendar
Arriendo Normal;ERAD501;San Luis 6573;La Cisterna;Era;1;30;1D1B;;;Si;335000.00;83000.00;3;6;50.00;1;1;0;3;3.00;0;0;125920;P;36.26;4.25;;0;OK;;;;Si;https://www.assetplan.cl/arriendo/departamento/la-cisterna/era/3151/1-dormitorio?unit_id=501624&codigo_referido=;501;Lista para arrendar
Arriendo Normal;ERAD505;San Luis 6573;La Cisterna;Era;1;30;1D1B;;;Si;340000.00;83000.00;3;6;50.00;1;1;0;3;3.00;0;0;125924;O;36.26;4.25;;0;OK;;2026-09-02;Ejecutado;Si;https://www.assetplan.cl/arriendo/departamento/la-cisterna/era/3151/1-dormitorio?unit_id=501628&codigo_referido=;505;Lista para arrendar
Arriendo Normal;ERAD611;San Luis 6573;La Cisterna;Era;1;30;2D2B;;;Si;430000.00;116000.00;3;12;50.00;1;1;0;3;3.00;0;0;125945;O;54.91;7.27;;0;OK;;;;Si;https://www.assetplan.cl/arriendo/departamento/la-cisterna/era/3151/2-dormitorios?unit_id=501649&codigo_referido=;611;Lista para arrendar
Arriendo Normal;ERAD612;San Luis 6573;La Cisterna;Era;1;30;2D2B;;;Si;423000.00;116000.00;3;12;50.00;1;1;0;3;3.00;0;0;125946;P;54.91;7.27;;0;OK;;;;Si;https://www.assetplan.cl/arriendo/departamento/la-cisterna/era/3151/2-dormitorios?unit_id=501650&codigo_referido=;612;Lista para arrendar
Arriendo Normal;ERAD615;San Luis 6573;La Cisterna;Era;1;30;1D1B;;;Si;339000.00;84000.00;3;6;50.00;1;1;0;3;3.00;0;0;125949;P;36.99;4.26;;0;OK;;;;Si;https://www.assetplan.cl/arriendo/departamento/la-cisterna/era/3151/1-dormitorio?unit_id=501653&codigo_referido=;615;Lista para arrendar
Arriendo Normal;ERAD802;San Luis 6573;La Cisterna;Era;1;30;1D1B;;;Si;335000.00;84000.00;3;6;50.00;1;1;0;3;3.00;0;0;125966;P;36.71;4.26;;0;OK;;;;Si;https://www.assetplan.cl/arriendo/departamento/la-cisterna/era/3151/1-dormitorio?unit_id=501670&codigo_referido=;802;Lista para arrendar
Arriendo Normal;ERAD809;San Luis 6573;La Cisterna;Era;1;30;1D1B;;;Si;344000.00;84000.00;3;6;50.00;1;1;0;3;3.00;0;0;125973;O;36.90;4.26;;0;OK;;2026-08-30;Ejecutado;Si;https://www.assetplan.cl/arriendo/departamento/la-cisterna/era/3151/1-dormitorio?unit_id=501677&codigo_referido=;809;Lista para arrendar
Arriendo Normal;ERAD812;San Luis 6573;La Cisterna;Era;1;30;2D2B;;;Si;425000.00;116000.00;3;12;50.00;1;1;0;3;3.00;0;0;125976;P;54.91;7.27;;0;OK;;;;Si;https://www.assetplan.cl/arriendo/departamento/la-cisterna/era/3151/2-dormitorios?unit_id=501680&codigo_referido=;812;Lista para arrendar
Arriendo Normal;ERAD813;San Luis 6573;La Cisterna;Era;1;30;1D1B;;;Si;339000.00;84000.00;3;6;50.00;1;1;0;3;3.00;0;0;125977;P;36.90;4.26;;0;OK;;;;Si;https://www.assetplan.cl/arriendo/departamento/la-cisterna/era/3151/1-dormitorio?unit_id=501681&codigo_referido=;813;Lista para arrendar
Arriendo Normal;ERAD815;San Luis 6573;La Cisterna;Era;1;30;1D1B;;;Si;340000.00;84000.00;3;6;50.00;1;1;0;3;3.00;0;0;125979;P;36.99;4.26;;0;OK;;;;Si;https://www.assetplan.cl/arriendo/departamento/la-cisterna/era/3151/1-dormitorio?unit_id=501683&codigo_referido=;815;Lista para arrendar
Arriendo Normal;ERAD903;San Luis 6573;La Cisterna;Era;1;30;2D2B;;;Si;422000.00;116000.00;3;12;50.00;1;1;0;3;3.00;0;0;125982;P;54.91;7.27;;0;OK;;;;Si;https://www.assetplan.cl/arriendo/departamento/la-cisterna/era/3151/2-dormitorios?unit_id=501686&codigo_referido=;903;Lista para arrendar
Arriendo Normal;ERAD1001;San Luis 6573;La Cisterna;Era;1;30;1D1B;;;Si;341000.00;84000.00;3;6;50.00;1;1;0;3;3.00;0;0;125995;P;36.99;4.26;;0;OK;;;;Si;https://www.assetplan.cl/arriendo/departamento/la-cisterna/era/3151/1-dormitorio?unit_id=501699&codigo_referido=;1001;Lista para arrendar
Arriendo Normal;ERAD1002;San Luis 6573;La Cisterna;Era;1;30;1D1B;;;Si;336000.00;84000.00;3;6;50.00;1;1;0;3;3.00;0;0;125996;P;36.71;4.26;;0;OK;;;;Si;https://www.assetplan.cl/arriendo/departamento/la-cisterna/era/3151/1-dormitorio?unit_id=501700&codigo_referido=;1002;Lista para arrendar
Arriendo Normal;ERAD1015;San Luis 6573;La Cisterna;Era;1;30;1D1B;;;Si;341000.00;84000.00;3;6;50.00;1;1;0;3;3.00;0;0;126009;P;36.99;4.26;;0;OK;;;;Si;https://www.assetplan.cl/arriendo/departamento/la-cisterna/era/3151/1-dormitorio?unit_id=501713&codigo_referido=;1015;Lista para arrendar
Arriendo Normal;ERAD1103;San Luis 6573;La Cisterna;Era;1;30;2D2B;;;Si;423000.00;116000.00;3;12;50.00;1;1;0;3;3.00;0;0;126012;P;54.91;7.27;;0;OK;;;;Si;https://www.assetplan.cl/arriendo/departamento/la-cisterna/era/3151/2-dormitorios?unit_id=501716&codigo_referido=;1103;Lista para arrendar
Arriendo Normal;ERAD1105;San Luis 6573;La Cisterna;Era;1;30;1D1B;;;Si;345000.00;84000.00;3;6;50.00;1;1;0;3;3.00;0;0;126014;O;36.90;4.26;;0;OK;;2026-09-17;Ejecutado;Si;https://www.assetplan.cl/arriendo/departamento/la-cisterna/era/3151/1-dormitorio?unit_id=501718&codigo_referido=;1105;Lista para arrendar
Arriendo Normal;ERAD1112;San Luis 6573;La Cisterna;Era;1;30;2D2B;;;Si;427000.00;116000.00;3;12;50.00;1;1;0;3;3.00;0;0;126021;P;54.91;7.27;;0;OK;;;;Si;https://www.assetplan.cl/arriendo/departamento/la-cisterna/era/3151/2-dormitorios?unit_id=501725&codigo_referido=;1112;Lista para arrendar
Arriendo Normal;ERAD1205;San Luis 6573;La Cisterna;Era;1;30;1D1B;;;Si;346000.00;85000.00;3;6;50.00;1;1;0;3;3.00;0;0;126029;O;37.21;4.26;;0;OK;;2026-09-21;Ejecutado;Si;https://www.assetplan.cl/arriendo/departamento/la-cisterna/era/3151/1-dormitorio?unit_id=501733&codigo_referido=;1205;Lista para arrendar
Arriendo Normal;ERAD1211;San Luis 6573;La Cisterna;Era;1;30;2D2B;;;Si;433000.00;116000.00;3;12;50.00;1;1;0;3;3.00;0;0;126035;O;55.14;7.27;;0;OK;;;;Si;https://www.assetplan.cl/arriendo/departamento/la-cisterna/era/3151/2-dormitorios?unit_id=501739&codigo_referido=;1211;Lista para arrendar
Arriendo Normal;ERAD1212;San Luis 6573;La Cisterna;Era;1;30;2D2B;;;Si;427000.00;116000.00;3;12;50.00;1;1;0;3;3.00;0;0;126036;P;55.16;7.27;;0;OK;;;;Si;https://www.assetplan.cl/arriendo/departamento/la-cisterna/era/3151/2-dormitorios?unit_id=501740&codigo_referido=;1212;Lista para arrendar
Arriendo Normal;ERAD1215;San Luis 6573;La Cisterna;Era;1;30;1D1B;;;Si;341000.00;85000.00;3;6;50.00;1;1;0;3;3.00;0;0;126039;P;37.25;4.26;;0;OK;;;;Si;https://www.assetplan.cl/arriendo/departamento/la-cisterna/era/3151/1-dormitorio?unit_id=501743&codigo_referido=;1215;Lista para arrendar
Arriendo Normal;ERAD1301;San Luis 6573;La Cisterna;Era;1;30;1D1B;;;Si;341000.00;85000.00;3;6;50.00;1;1;0;3;3.00;0;0;126040;P;37.25;4.26;;0;OK;;;;Si;https://www.assetplan.cl/arriendo/departamento/la-cisterna/era/3151/1-dormitorio?unit_id=501744&codigo_referido=;1301;Lista para arrendar
Arriendo Normal;ERAD1303;San Luis 6573;La Cisterna;Era;1;30;2D2B;;;Si;423000.00;116000.00;3;12;50.00;1;1;0;3;3.00;0;0;126042;P;55.14;7.27;;0;OK;;;;Si;https://www.assetplan.cl/arriendo/departamento/la-cisterna/era/3151/2-dormitorios?unit_id=501746&codigo_referido=;1303;Lista para arrendar
Arriendo Normal;ERAD1304;San Luis 6573;La Cisterna;Era;1;30;2D2B;;;Si;433000.00;116000.00;3;12;50.00;1;1;0;3;3.00;0;0;126043;O;55.14;7.27;;0;OK;;;;Si;https://www.assetplan.cl/arriendo/departamento/la-cisterna/era/3151/2-dormitorios?unit_id=501747&codigo_referido=;1304;Lista para arrendar
Arriendo Normal;ERAD1311;San Luis 6573;La Cisterna;Era;1;30;2D2B;;;Si;433000.00;116000.00;3;12;50.00;1;1;0;3;3.00;0;0;126050;O;55.14;7.27;;0;OK;;;;Si;https://www.assetplan.cl/arriendo/departamento/la-cisterna/era/3151/2-dormitorios?unit_id=501754&codigo_referido=;1311;Lista para arrendar
Arriendo Normal;ERAD1314;San Luis 6573;La Cisterna;Era;1;30;1D1B;;;Si;340000.00;84000.00;3;6;50.00;1;1;0;3;3.00;0;0;126053;P;36.93;4.26;;0;OK;;;;Si;https://www.assetplan.cl/arriendo/departamento/la-cisterna/era/3151/1-dormitorio?unit_id=501757&codigo_referido=;1314;Lista para arrendar
Arriendo Normal;ERAD1315;San Luis 6573;La Cisterna;Era;1;30;1D1B;;;Si;341000.00;85000.00;3;6;50.00;1;1;0;3;3.00;0;0;126054;P;37.25;4.26;;0;OK;;;;Si;https://www.assetplan.cl/arriendo/departamento/la-cisterna/era/3151/1-dormitorio?unit_id=501758&codigo_referido=;1315;Lista para arrendar
Arriendo Normal;ERAD1401;San Luis 6573;La Cisterna;Era;1;30;1D1B;;;Si;340000.00;85000.00;3;6;50.00;1;1;0;3;3.00;0;0;126055;P;37.25;4.26;;0;OK;;;;Si;https://www.assetplan.cl/arriendo/departamento/la-cisterna/era/3151/1-dormitorio?unit_id=501759&codigo_referido=;1401;Lista para arrendar
Arriendo Normal;ERAD1403;San Luis 6573;La Cisterna;Era;1;30;2D2B;;;Si;422000.00;116000.00;3;12;50.00;1;1;0;3;3.00;0;0;126057;P;55.14;7.27;;0;OK;;;;Si;https://www.assetplan.cl/arriendo/departamento/la-cisterna/era/3151/2-dormitorios?unit_id=501761&codigo_referido=;1403;Lista para arrendar
Arriendo Normal;ERAD1407;San Luis 6573;La Cisterna;Era;1;30;2D2B;;;Si;427000.00;114000.00;3;12;50.00;1;1;0;3;3.00;0;0;126061;O;54.34;7.24;;0;OK;;;;Si;https://www.assetplan.cl/arriendo/departamento/la-cisterna/era/3151/2-dormitorios?unit_id=501765&codigo_referido=;1407;Lista para arrendar
Arriendo Normal;ERAD1415;San Luis 6573;La Cisterna;Era;1;30;1D1B;;;Si;340000.00;85000.00;3;6;50.00;1;1;0;3;3.00;0;0;126069;P;37.25;4.26;;0;OK;;;;Si;https://www.assetplan.cl/arriendo/departamento/la-cisterna/era/3151/1-dormitorio?unit_id=501773&codigo_referido=;1415;Lista para arrendar
Arriendo Normal;ERAD1501;San Luis 6573;La Cisterna;Era;1;30;1D1B;;;Si;340000.00;85000.00;3;6;50.00;1;1;0;3;3.00;0;0;126070;P;37.25;4.26;;0;OK;;;;Si;https://www.assetplan.cl/arriendo/departamento/la-cisterna/era/3151/1-dormitorio?unit_id=501774&codigo_referido=;1501;Lista para arrendar
Arriendo Normal;ERAD1502;San Luis 6573;La Cisterna;Era;1;30;1D1B;;;Si;336000.00;84000.00;3;6;50.00;1;1;0;3;3.00;0;0;126071;P;36.93;4.26;;0;OK;;;;Si;https://www.assetplan.cl/arriendo/departamento/la-cisterna/era/3151/1-dormitorio?unit_id=501775&codigo_referido=;1502;Lista para arrendar
Arriendo Normal;ERAD1508;San Luis 6573;La Cisterna;Era;1;30;1D1B;;;Si;340000.00;85000.00;3;6;50.00;1;1;0;3;3.00;0;0;126077;O;37.21;4.26;;0;OK;;;;Si;https://www.assetplan.cl/arriendo/departamento/la-cisterna/era/3151/1-dormitorio?unit_id=501781&codigo_referido=;1508;Lista para arrendar
Arriendo Normal;ERAD1601;San Luis 6573;La Cisterna;Era;1;30;1D1B;;;Si;339000.00;85000.00;3;6;50.00;1;1;0;3;3.00;0;0;126085;P;37.25;4.26;;0;OK;;;;Si;https://www.assetplan.cl/arriendo/departamento/la-cisterna/era/3151/1-dormitorio?unit_id=501789&codigo_referido=;1601;Lista para arrendar
Arriendo Normal;ERAD1602;San Luis 6573;La Cisterna;Era;1;30;1D1B;;;Si;335000.00;84000.00;3;6;50.00;1;1;0;3;3.00;0;0;126086;P;36.93;4.26;;0;OK;;;;Si;https://www.assetplan.cl/arriendo/departamento/la-cisterna/era/3151/1-dormitorio?unit_id=501790&codigo_referido=;1602;Lista para arrendar
Arriendo Normal;ERAD1614;San Luis 6573;La Cisterna;Era;1;30;1D1B;;;Si;337000.00;84000.00;3;6;50.00;1;1;0;3;3.00;0;0;126098;P;36.93;4.26;;0;OK;;2026-08-28;Ejecutado;Si;https://www.assetplan.cl/arriendo/departamento/la-cisterna/era/3151/1-dormitorio?unit_id=501802&codigo_referido=;1614;Lista para arrendar
Arriendo Normal;ERAD1708;San Luis 6573;La Cisterna;Era;1;30;1D1B;;;Si;344000.00;85000.00;3;6;50.00;1;1;0;3;3.00;0;0;126105;O;37.34;4.26;;0;OK;;2026-08-22;Ejecutado;Si;https://www.assetplan.cl/arriendo/departamento/la-cisterna/era/3151/1-dormitorio?unit_id=501809&codigo_referido=;1708;Lista para arrendar
Arriendo Normal;ERAD1709;San Luis 6573;La Cisterna;Era;1;30;1D1B;;;Si;344000.00;85000.00;3;6;50.00;1;1;0;3;3.00;0;0;126106;O;37.33;4.26;;0;OK;;2026-08-17;Ejecutado;Si;https://www.assetplan.cl/arriendo/departamento/la-cisterna/era/3151/1-dormitorio?unit_id=501810&codigo_referido=;1709;Lista para arrendar
Arriendo Normal;GRDD203;José Ureta 501;La Cisterna;Garden La Cisterna;1;30;1D1B;;;No;298000.00;76000.00;3;12;50.00;1;1;0;3;3.00;1;0;110468;O;30.50;3.19;;0;NOK;;;En cotización;Si;https://www.assetplan.cl/arriendo/departamento/la-cisterna/garden-la-cisterna/3174/1-dormitorio?unit_id=501863&codigo_referido=;203;Re-acondicionamiento
Arriendo Normal;GRDD206;José Ureta 501;La Cisterna;Garden La Cisterna;1;30;1D1B;;;No;298000.00;74000.00;3;12;50.00;1;1;0;3;3.00;1;0;110465;O;29.99;3.19;;0;NOK;;;Enviado;Si;https://www.assetplan.cl/arriendo/departamento/la-cisterna/garden-la-cisterna/3174/1-dormitorio?unit_id=501866&codigo_referido=;206;Re-acondicionamiento
Arriendo Normal;GRDD304;José Ureta 501;La Cisterna;Garden La Cisterna;1;30;1D1B;;;No;298000.00;74000.00;3;12;50.00;1;1;0;3;3.00;1;0;110463;O;29.91;3.09;;0;NOK;;2025-05-28;Ejecutado;Si;https://www.assetplan.cl/arriendo/departamento/la-cisterna/garden-la-cisterna/3174/1-dormitorio?unit_id=501874&codigo_referido=;304;Re-acondicionamiento
Arriendo Normal;GRDD504;José Ureta 501;La Cisterna;Garden La Cisterna;1;30;1D1B;;;Si;300000.00;74000.00;3;12;50.00;1;1;0;3;3.00;1;0;110455;O;29.91;3.09;;0;NOK;;2026-09-16;Ejecutado;Si;https://www.assetplan.cl/arriendo/departamento/la-cisterna/garden-la-cisterna/3174/1-dormitorio?unit_id=501894&codigo_referido=;504;Lista para arrendar
Arriendo Normal;GRDD603;José Ureta 501;La Cisterna;Garden La Cisterna;1;30;1D1B;;;Si;300000.00;75000.00;3;12;50.00;1;1;0;3;3.00;1;0;110452;O;30.11;3.19;;0;NOK;;2026-09-16;Ejecutado;Si;https://www.assetplan.cl/arriendo/departamento/la-cisterna/garden-la-cisterna/3174/1-dormitorio?unit_id=501903&codigo_referido=;603;Lista para arrendar
Arriendo Especial;GRDD806;José Ureta 501;La Cisterna;Garden La Cisterna;1;30;1D1B;;;Si;300000.00;74000.00;3;12;50.00;1;1;0;3;3.00;1;0;110441;O;29.94;3.19;;0;OK;;2026-06-08;Ejecutado;Si;https://www.assetplan.cl/arriendo/departamento/la-cisterna/garden-la-cisterna/3174/1-dormitorio?unit_id=501926&codigo_referido=;806;Lista para arrendar
Arriendo Normal;GRDD904;José Ureta 501;La Cisterna;Garden La Cisterna;1;30;1D1B;;;No;300000.00;74000.00;3;12;50.00;1;1;0;3;3.00;1;0;110439;O;29.91;3.09;;0;NOK;;2025-08-21;Ejecutado;Si;https://www.assetplan.cl/arriendo/departamento/la-cisterna/garden-la-cisterna/3174/1-dormitorio?unit_id=501934&codigo_referido=;904;Re-acondicionamiento
Arriendo Normal;GRDD909;José Ureta 501;La Cisterna;Garden La Cisterna;1;30;2D1B;;;Si;321000.00;81000.00;3;12;50.00;1;1;0;3;3.00;1;0;110522;P;35.85;3.10;;0;NOK;;;;Si;https://www.assetplan.cl/arriendo/departamento/la-cisterna/garden-la-cisterna/3174/2-dormitorios?unit_id=501939&codigo_referido=;909;Lista para arrendar
Arriendo Normal;GRDD1201;José Ureta 501;La Cisterna;Garden La Cisterna;1;30;2D1B (4C);;;Si;380000.00;100000.00;3;12;50.00;1;1;0;3;3.00;1;0;110508;NP;43.20;3.71;;0;NOK;Termopanel de living Quebrado.

En proceso de cambio de proveedor para retomar trabajos y avanzar hacia las reparaciones.

Aproximadamente listo para el 30-07-2026;;Aprobado sin mejoras;Si;https://www.assetplan.cl/arriendo/departamento/la-cisterna/garden-la-cisterna/3174/2-dormitorios?unit_id=501961&codigo_referido=;1201;Lista para arrendar
Arriendo Normal;GRDD1204;José Ureta 501;La Cisterna;Garden La Cisterna;1;30;1D1B;;;No;300000.00;74000.00;3;12;50.00;1;1;0;3;3.00;1;0;110427;O;29.91;3.09;;0;NOK;;2025-04-29;En cotización;Si;https://www.assetplan.cl/arriendo/departamento/la-cisterna/garden-la-cisterna/3174/1-dormitorio?unit_id=501964&codigo_referido=;1204;Re-acondicionamiento
Arriendo Normal;GRDD1409;José Ureta 501;La Cisterna;Garden La Cisterna;1;30;2D1B;;;Si;321000.00;81000.00;3;12;50.00;1;1;0;3;3.00;1;0;110492;P;35.85;3.10;;0;NOK;;2026-09-11;Ejecutado;Si;https://www.assetplan.cl/arriendo/departamento/la-cisterna/garden-la-cisterna/3174/2-dormitorios?unit_id=501989&codigo_referido=;1409;Lista para arrendar
Arriendo Especial;GRDD1604;José Ureta 501;La Cisterna;Garden La Cisterna;1;30;1D1B;;;Si;300000.00;74000.00;3;12;50.00;1;1;0;3;3.00;1;0;110411;O;29.91;3.09;;0;OK;;2026-09-07;Ejecutado;Si;https://www.assetplan.cl/arriendo/departamento/la-cisterna/garden-la-cisterna/3174/1-dormitorio?unit_id=502004&codigo_referido=;1604;Lista para arrendar
Arriendo Normal;MAZD601;Vicuña Mackenna Poniente 6239;La Florida;Mirador Azul;1;30;1D1B;;;Si;386000.00;78000.00;3;0;0.00;0;1;0;3;3.00;0;0;3208;S;34.35;2.37;Edificio Multifamily;0;OK;;1996-02-01;Caducado;Si;https://www.assetplan.cl/arriendo/departamento/la-florida/mirador-azul/375/1-dormitorio?unit_id=100050&codigo_referido=;601;Lista para arrendar
Arriendo Normal;MAZD704;Vicuña Mackenna Poniente 6239;La Florida;Mirador Azul;1;30;2D2B;;;Si;565000.00;140000.00;3;0;0.00;0;1;0;3;3.00;0;1;3219;N;59.90;5.55;;0;NOK;;;En cotización;Si;https://www.assetplan.cl/arriendo/departamento/la-florida/mirador-azul/375/2-dormitorios?unit_id=100061&codigo_referido=;704;Lista para arrendar
Arriendo Normal;MAZD901;Vicuña Mackenna Poniente 6239;La Florida;Mirador Azul;1;30;1D1B;;;No;387000.00;78000.00;3;0;0.00;0;1;0;3;3.00;0;1;3231;S;34.35;2.37;Edificio Multifamily;0;OK;;2025-06-21;Ejecutado;Si;https://www.assetplan.cl/arriendo/departamento/la-florida/mirador-azul/375/1-dormitorio?unit_id=100074&codigo_referido=;901;Re-acondicionamiento
Arriendo Normal;MAZD1308;Vicuña Mackenna Poniente 6239;La Florida;Mirador Azul;1;30;1D1B;;;Si;385000.00;78000.00;3;0;0.00;0;1;0.5;3;3.00;0;0;3265;S;34.35;2.37;;0;OK;;2026-04-21;Ejecutado;Si;https://www.assetplan.cl/arriendo/departamento/la-florida/mirador-azul/375/1-dormitorio?unit_id=100113&codigo_referido=;1308;Lista para arrendar
Arriendo Normal;MAZD1408;Vicuña Mackenna Poniente 6239;La Florida;Mirador Azul;1;30;1D1B;;;Si;385000.00;78000.00;3;0;0.00;0;1;0;3;3.00;0;0;3272;S;34.35;2.37;;0;OK;;;Ejecutado;Si;https://www.assetplan.cl/arriendo/departamento/la-florida/mirador-azul/375/1-dormitorio?unit_id=100121&codigo_referido=;1408;Lista para arrendar
Arriendo Normal;ESCD305;San Carlos de Ancud 74;La Florida;Edificio San Carlos;1;30;2D1B;;;Si;393000.00;109000.00;3;12;50.00;1;1;0;3;3.00;0;0;12834;N;39.92;2.70;;0;OK;;2026-09-16;Trabajando;Si;https://www.assetplan.cl/arriendo/departamento/la-florida/edificio-san-carlos/836/2-dormitorios?unit_id=328456&codigo_referido=;305;Re-acondicionamiento
Arriendo Normal;ESCD408;San Carlos de Ancud 74;La Florida;Edificio San Carlos;1;30;2D1B;;;Si;393000.00;104000.00;3;12;50.00;1;1;0;3;3.00;0;0;12849;N;37.91;3.13;Edificio Multifamily;0;OK;incendio;2026-09-16;Ejecutado;Si;https://www.assetplan.cl/arriendo/departamento/la-florida/edificio-san-carlos/836/2-dormitorios?unit_id=328471&codigo_referido=;408;Lista para arrendar
Arriendo Normal;ESCD609;San Carlos de Ancud 74;La Florida;Edificio San Carlos;1;30;2D2B;;;Si;431000.00;106000.00;3;12;50.00;2;1;0;3;3.00;0;0;12874;NO;40.00;0.00;Edificio Multifamily;0;OK;fecha probable inicio contrato 16 Noviembre ;;En revisión;Si;https://www.assetplan.cl/arriendo/departamento/la-florida/edificio-san-carlos/836/2-dormitorios?unit_id=328496&codigo_referido=;609;Lista para arrendar
Arriendo Normal;ESCD805;San Carlos de Ancud 74;La Florida;Edificio San Carlos;1;30;2D1B;;;Si;393000.00;105000.00;3;12;50.00;1;1;0;3;3.00;0;0;12894;N;39.92;0.00;Edificio Multifamily;0;NOK;;2026-09-09;Ejecutado;Si;https://www.assetplan.cl/arriendo/departamento/la-florida/edificio-san-carlos/836/2-dormitorios?unit_id=328516&codigo_referido=;805;Lista para arrendar
Arriendo Normal;ESCD811;San Carlos de Ancud 74;La Florida;Edificio San Carlos;1;30;2D1B;;;Si;391000.00;96000.00;3;12;50.00;1;1;0;3;3.00;0;0;12900;S;34.78;3.21;Edificio Multifamily;0;NOK;;2026-09-17;Ejecutado;Si;https://www.assetplan.cl/arriendo/departamento/la-florida/edificio-san-carlos/836/2-dormitorios?unit_id=328522&codigo_referido=;811;Lista para arrendar
Arriendo Normal;ESCD906;San Carlos de Ancud 74;La Florida;Edificio San Carlos;1;30;1D1B;;;Si;338000.00;88000.00;3;12;50.00;1;1;0;3;3.00;0;0;12907;N;28.38;0.00;Edificio Multifamily;0;NOK;;;En revisión;Si;https://www.assetplan.cl/arriendo/departamento/la-florida/edificio-san-carlos/836/1-dormitorio?unit_id=328529&codigo_referido=;906;Lista para arrendar
Arriendo Normal;ANTD608;Fresia 6955;La Florida;Antonia;1;30;2D1B (3C);;;Si;420000.00;90000.00;3;0;0.00;0;1;0;3;3.00;0;0;36495;O;41.59;2.15;;0;NOK;Bloqueado para Fundación Alcanzable;2026-07-20;Ejecutado;Si;https://www.assetplan.cl/arriendo/departamento/la-florida/antonia/1223/2-dormitorios?unit_id=442934&codigo_referido=;608;Lista para arrendar
Arriendo Normal;ANTD707;Fresia 6955;La Florida;Antonia;1;30;2D1B (4C);;;No;437000.00;105000.00;3;0;0.00;0;1;0;3;3.00;0;0;36515;S;45.91;4.04;;0;OK;;2026-09-27;Trabajando;Si;https://www.assetplan.cl/arriendo/departamento/la-florida/antonia/1223/2-dormitorios?unit_id=442943&codigo_referido=;707;Re-acondicionamiento
Arriendo Normal;VCUD305;Av. Vicuña Mackenna Pte. 6650;La Florida;Vicuña Urban;1;30;Duplex;;;Si;500000.00;130000.00;3;12;50.00;1;1;0;3;3.00;1;0;35403;S;62.31;;;0;OK;;2026-07-28;Ejecutado;Si;https://www.assetplan.cl/arriendo/departamento/la-florida/vicuna-urban/1322/1-dormitorio?unit_id=443785&codigo_referido=;305;Lista para arrendar
Arriendo Normal;VCUD405;Av. Vicuña Mackenna Pte. 6650;La Florida;Vicuña Urban;1;30;2D1B (3C);;;No;420000.00;88000.00;3;12;50.00;1;1;0;3;3.00;1;0;35411;S;39.67;2.18;;0;OK;;;Aprobado sin mejoras;Si;https://www.assetplan.cl/arriendo/departamento/la-florida/vicuna-urban/1322/2-dormitorios?unit_id=443793&codigo_referido=;405;Re-acondicionamiento
Arriendo Especial;VCUD610;Av. Vicuña Mackenna Pte. 6650;La Florida;Vicuña Urban;1;30;2D1B (3C);;;Si;420000.00;88000.00;3;12;50.00;1;1;0;3;3.00;1;0;35439;N;39.80;2.18;;0;OK;;2026-06-24;Ejecutado;Si;https://www.assetplan.cl/arriendo/departamento/la-florida/vicuna-urban/1322/2-dormitorios?unit_id=443821&codigo_referido=;610;Lista para arrendar
Arriendo Especial;VCUD805;Av. Vicuña Mackenna Pte. 6650;La Florida;Vicuña Urban;1;30;2D1B (3C);;;Si;420000.00;88000.00;3;12;50.00;1;1;0;3;3.00;1;0;35458;S;39.92;2.18;Edificio Multifamily;0;OK;;2026-07-18;Ejecutado;Si;https://www.assetplan.cl/arriendo/departamento/la-florida/vicuna-urban/1322/2-dormitorios?unit_id=443840&codigo_referido=;805;Lista para arrendar
Arriendo Normal;VCUD810;Av. Vicuña Mackenna Pte. 6650;La Florida;Vicuña Urban;1;30;2D1B (3C);;;No;420000.00;88000.00;3;12;50.00;1;1;0;3;3.00;1;0;35463;N;39.95;2.18;Edificio Multifamily;0;OK;;2025-03-13;Ejecutado;Si;https://www.assetplan.cl/arriendo/departamento/la-florida/vicuna-urban/1322/2-dormitorios?unit_id=443845&codigo_referido=;810;Re-acondicionamiento
Arriendo Especial;VCUD910;Av. Vicuña Mackenna Pte. 6650;La Florida;Vicuña Urban;1;30;2D1B (3C);;;Si;420000.00;88000.00;3;12;50.00;1;1;0;3;3.00;1;0;35475;N;39.95;2.18;Edificio Multifamily;0;OK;;2026-08-14;Ejecutado;Si;https://www.assetplan.cl/arriendo/departamento/la-florida/vicuna-urban/1322/2-dormitorios?unit_id=443857&codigo_referido=;910;Lista para arrendar
Arriendo Normal;VCUD1003;Av. Vicuña Mackenna Pte. 6650;La Florida;Vicuña Urban;1;30;1D1B;;;Si;376000.00;80000.00;3;12;50.00;1;1;0;3;3.00;1;0;35480;O;35.29;2.76;Edificio Multifamily;0;OK;;2026-04-15;Ejecutado;Si;https://www.assetplan.cl/arriendo/departamento/la-florida/vicuna-urban/1322/1-dormitorio?unit_id=443862&codigo_referido=;1003;Lista para arrendar
Arriendo Normal;VCUD1004;Av. Vicuña Mackenna Pte. 6650;La Florida;Vicuña Urban;1;30;2D1B (3C);;;Si;420000.00;94000.00;3;12;50.00;1;1;0;3;3.00;1;0;35481;S;42.42;2.18;Edificio Multifamily;0;OK;;1996-02-01;Ejecutado;Si;https://www.assetplan.cl/arriendo/departamento/la-florida/vicuna-urban/1322/2-dormitorios?unit_id=443863&codigo_referido=;1004;Lista para arrendar
Arriendo Especial;VCUD1010;Av. Vicuña Mackenna Pte. 6650;La Florida;Vicuña Urban;1;30;2D1B (3C);;;Si;420000.00;88000.00;3;12;50.00;1;1;0;3;3.00;1;0;35487;N;39.78;2.18;Edificio Multifamily;0;OK;;2026-08-13;Ejecutado;Si;https://www.assetplan.cl/arriendo/departamento/la-florida/vicuna-urban/1322/2-dormitorios?unit_id=443869&codigo_referido=;1010;Lista para arrendar
Arriendo Normal;VCUD1107;Av. Vicuña Mackenna Pte. 6650;La Florida;Vicuña Urban;1;30;1D1B;;;No;362000.00;68000.00;3;12;50.00;1;1;0;3;3.00;1;0;35496;P;28.42;6.00;Edificio Multifamily;0;OK;;2025-08-27;Ejecutado;Si;https://www.assetplan.cl/arriendo/departamento/la-florida/vicuna-urban/1322/1-dormitorio?unit_id=443878&codigo_referido=;1107;Re-acondicionamiento
Arriendo Normal;VCUD1203;Av. Vicuña Mackenna Pte. 6650;La Florida;Vicuña Urban;1;30;1D1B;;;Si;376000.00;80000.00;3;12;50.00;1;1;0;3;3.00;1;0;35504;O;35.29;2.76;Edificio Multifamily;0;OK;Piloto;2026-04-26;Ejecutado;Si;https://www.assetplan.cl/arriendo/departamento/la-florida/vicuna-urban/1322/1-dormitorio?unit_id=443886&codigo_referido=;1203;Lista para arrendar
Arriendo Especial;VCUD1204;Av. Vicuña Mackenna Pte. 6650;La Florida;Vicuña Urban;1;30;2D1B (3C);;;Si;420000.00;94000.00;3;12;50.00;1;1;0;3;3.00;1;0;35505;S;42.42;2.18;Edificio Multifamily;0;OK;Piloto;2026-04-23;Ejecutado;Si;https://www.assetplan.cl/arriendo/departamento/la-florida/vicuna-urban/1322/2-dormitorios?unit_id=443887&codigo_referido=;1204;Lista para arrendar
Arriendo Especial;VCUD1304;Av. Vicuña Mackenna Pte. 6650;La Florida;Vicuña Urban;1;30;2D1B (3C);;;Si;420000.00;94000.00;3;12;50.00;1;1;0;3;3.00;1;0;35517;S;42.42;2.18;Edificio Multifamily;0;OK;;2026-07-22;Ejecutado;Si;https://www.assetplan.cl/arriendo/departamento/la-florida/vicuna-urban/1322/2-dormitorios?unit_id=443899&codigo_referido=;1304;Lista para arrendar
Arriendo Especial;VCUD1510;Av. Vicuña Mackenna Pte. 6650;La Florida;Vicuña Urban;1;30;2D1B (3C);;;Si;420000.00;88000.00;3;12;50.00;1;1;0;3;3.00;1;0;35547;N;39.78;2.18;;0;OK;;2026-04-30;Ejecutado;Si;https://www.assetplan.cl/arriendo/departamento/la-florida/vicuna-urban/1322/2-dormitorios?unit_id=443929&codigo_referido=;1510;Lista para arrendar
Arriendo Normal;VCUD1803;Av. Vicuña Mackenna Pte. 6650;La Florida;Vicuña Urban;1;30;1D1B;;;Si;376000.00;80000.00;3;12;50.00;1;1;0;3;3.00;1;0;35576;O;35.29;2.76;Edificio Multifamily;0;OK;;2026-06-25;Ejecutado;Si;https://www.assetplan.cl/arriendo/departamento/la-florida/vicuna-urban/1322/1-dormitorio?unit_id=443958&codigo_referido=;1803;Lista para arrendar
Arriendo Especial;VCUD1804;Av. Vicuña Mackenna Pte. 6650;La Florida;Vicuña Urban;1;30;2D1B (3C);;;Si;420000.00;94000.00;3;12;50.00;1;1;0;3;3.00;1;0;35577;S;42.42;2.18;Edificio Multifamily;0;OK;;2026-05-15;Ejecutado;Si;https://www.assetplan.cl/arriendo/departamento/la-florida/vicuna-urban/1322/2-dormitorios?unit_id=443959&codigo_referido=;1804;Lista para arrendar
Arriendo Especial;VCUD1904;Av. Vicuña Mackenna Pte. 6650;La Florida;Vicuña Urban;1;30;2D1B (3C);;;Si;420000.00;94000.00;3;12;50.00;1;1;0;3;3.00;1;0;35589;S;42.42;2.18;Edificio Multifamily;0;OK;;2026-04-14;Ejecutado;Si;https://www.assetplan.cl/arriendo/departamento/la-florida/vicuna-urban/1322/2-dormitorios?unit_id=443971&codigo_referido=;1904;Lista para arrendar
Arriendo Especial;VCUD1905;Av. Vicuña Mackenna Pte. 6650;La Florida;Vicuña Urban;1;30;2D1B (3C);;;Si;420000.00;88000.00;3;12;50.00;1;1;0;3;3.00;1;0;35590;S;39.76;2.18;Edificio Multifamily;0;OK;check out del 15-03;2026-06-16;Ejecutado;Si;https://www.assetplan.cl/arriendo/departamento/la-florida/vicuna-urban/1322/2-dormitorios?unit_id=443972&codigo_referido=;1905;Lista para arrendar
Arriendo Normal;VCUD1908;Av. Vicuña Mackenna Pte. 6650;La Florida;Vicuña Urban;1;30;1D1B;;;No;362000.00;68000.00;3;12;50.00;1;1;0;3;3.00;1;0;35593;P;28.42;6.00;Edificio Multifamily;0;OK;;;;Si;https://www.assetplan.cl/arriendo/departamento/la-florida/vicuna-urban/1322/1-dormitorio?unit_id=443975&codigo_referido=;1908;Re-acondicionamiento
Arriendo Normal;VCUD2001;Av. Vicuña Mackenna Pte. 6650;La Florida;Vicuña Urban;1;30;1D1B;;;Si;376000.00;80000.00;3;12;50.00;1;1;0;3;3.00;1;0;35598;O;35.41;2.76;Edificio Multifamily;0;OK;;2026-08-18;Ejecutado;Si;https://www.assetplan.cl/arriendo/departamento/la-florida/vicuna-urban/1322/1-dormitorio?unit_id=443980&codigo_referido=;2001;Lista para arrendar
Arriendo Especial;VCUD2005;Av. Vicuña Mackenna Pte. 6650;La Florida;Vicuña Urban;1;30;2D1B (3C);;;Si;420000.00;88000.00;3;12;50.00;1;1;0;3;3.00;1;0;35602;S;39.76;2.18;;0;OK;;;;Si;https://www.assetplan.cl/arriendo/departamento/la-florida/vicuna-urban/1322/2-dormitorios?unit_id=443984&codigo_referido=;2005;Lista para arrendar
Arriendo Normal;VCUD2101;Av. Vicuña Mackenna Pte. 6650;La Florida;Vicuña Urban;1;30;1D1B;;;Si;366000.00;80000.00;3;12;50.00;1;1;0;3;3.00;1;0;35610;O;35.41;2.76;;0;OK;;2026-08-26;Ejecutado;Si;https://www.assetplan.cl/arriendo/departamento/la-florida/vicuna-urban/1322/1-dormitorio?unit_id=443992&codigo_referido=;2101;Lista para arrendar
Arriendo Normal;VCUD2204;Av. Vicuña Mackenna Pte. 6650;La Florida;Vicuña Urban;1;30;2D1B (3C);;;Si;420000.00;94000.00;3;12;50.00;1;1;0;3;3.00;1;0;35625;S;42.42;2.18;Edificio Multifamily;0;OK;;2026-02-17;Ejecutado;Si;https://www.assetplan.cl/arriendo/departamento/la-florida/vicuna-urban/1322/2-dormitorios?unit_id=444007&codigo_referido=;2204;Lista para arrendar
Arriendo Especial;VCUD2205;Av. Vicuña Mackenna Pte. 6650;La Florida;Vicuña Urban;1;30;2D1B (3C);;;Si;420000.00;88000.00;3;12;50.00;1;1;0;3;3.00;1;0;35626;S;39.76;2.18;;0;OK;;2026-06-24;Ejecutado;Si;https://www.assetplan.cl/arriendo/departamento/la-florida/vicuna-urban/1322/2-dormitorios?unit_id=444008&codigo_referido=;2205;Lista para arrendar
Arriendo Normal;VCUD2212;Av. Vicuña Mackenna Pte. 6650;La Florida;Vicuña Urban;1;30;1D1B;;;No;372000.00;72000.00;3;12;50.00;1;1;0;3;3.00;1;0;35633;N;32.12;2.37;Edificio Multifamily;0;OK;;2025-10-09;En cotización;Si;https://www.assetplan.cl/arriendo/departamento/la-florida/vicuna-urban/1322/1-dormitorio?unit_id=444015&codigo_referido=;2212;Re-acondicionamiento
Arriendo Normal;TVMD312-A;Av. Vicuña Mackenna Pte. 6456;La Florida;Torres de Vicuña Mackenna;1;30;2D1B;;;Si;402000.00;91000.00;3;12;50.00;1;1;0;3;3.00;0;0;38718;O;40.74;0.00;Edificio Multifamily;0;OK;;2025-06-26;En cotización;Si;https://www.assetplan.cl/arriendo/departamento/la-florida/torres-de-vicuna-mackenna/1362/2-dormitorios?unit_id=446358&codigo_referido=;312-A;Lista para arrendar
Arriendo Normal;TVMD406-A;Av. Vicuña Mackenna Pte. 6456;La Florida;Torres de Vicuña Mackenna;1;30;1D1B+T;;;Si;354000.00;70000.00;3;12;50.00;1;1;0;3;3.00;0;0;38471;P;29.30;2.00;;0;OK;;2026-09-24;Ejecutado;Si;https://www.assetplan.cl/arriendo/departamento/la-florida/torres-de-vicuna-mackenna/1362/1-dormitorio?unit_id=446369&codigo_referido=;406-A;Lista para arrendar
Arriendo Normal;TVMD903-A;Av. Vicuña Mackenna Pte. 6456;La Florida;Torres de Vicuña Mackenna;1;30;1D1B;;;Si;339000.00;69000.00;3;12;50.00;1;1;0;3;3.00;0;0;38390;O;29.30;0.00;;0;OK;;2026-09-17;Ejecutado;Si;https://www.assetplan.cl/arriendo/departamento/la-florida/torres-de-vicuna-mackenna/1362/1-dormitorio?unit_id=446451&codigo_referido=;903-A;Lista para arrendar
Arriendo Normal;TVMD914-A;Av. Vicuña Mackenna Pte. 6456;La Florida;Torres de Vicuña Mackenna;1;30;1D1B;;;Si;339000.00;69000.00;3;12;50.00;1;1;0;3;3.00;0;0;38378;O;29.30;0.00;;0;OK;;2024-07-24;En cotización;Si;https://www.assetplan.cl/arriendo/departamento/la-florida/torres-de-vicuna-mackenna/1362/1-dormitorio?unit_id=446462&codigo_referido=;914-A;Lista para arrendar
Arriendo Normal;TVMD1205-A;Av. Vicuña Mackenna Pte. 6456;La Florida;Torres de Vicuña Mackenna;1;30;1D1B+T;;;Si;358000.00;70000.00;3;12;50.00;1;1;0;3;3.00;0;0;38677;P;29.30;2.00;;0;NOK;;2026-08-21;Ejecutado;Si;https://www.assetplan.cl/arriendo/departamento/la-florida/torres-de-vicuna-mackenna/1362/1-dormitorio?unit_id=446504&codigo_referido=;1205-A;Lista para arrendar
Arriendo Normal;TVMD1507-A;Av. Vicuña Mackenna Pte. 6456;La Florida;Torres de Vicuña Mackenna;1;30;1D1B;;;Si;338000.00;69000.00;3;12;50.00;1;1;0;3;3.00;0;0;38623;P;29.30;0.00;;0;NOK;;;Enviado;Si;https://www.assetplan.cl/arriendo/departamento/la-florida/torres-de-vicuna-mackenna/1362/1-dormitorio?unit_id=446557&codigo_referido=;1507-A;Lista para arrendar
Arriendo Normal;TVMD1710-A;Av. Vicuña Mackenna Pte. 6456;La Florida;Torres de Vicuña Mackenna;1;30;2D2B;;;Si;460000.00;99000.00;3;12;50.00;1;1;0;3;3.00;0;0;38784;P;46.22;0.00;;0;OK;;2026-08-21;Ejecutado;Si;https://www.assetplan.cl/arriendo/departamento/la-florida/torres-de-vicuna-mackenna/1362/2-dormitorios?unit_id=446594&codigo_referido=;1710-A;Lista para arrendar
Arriendo Normal;TVMD1711-A;Av. Vicuña Mackenna Pte. 6456;La Florida;Torres de Vicuña Mackenna;1;30;1D1B;;;Si;336000.00;69000.00;3;12;50.00;1;1;0;3;3.00;0;0;38584;P;29.30;0.00;;0;OK;;;Enviado;Si;https://www.assetplan.cl/arriendo/departamento/la-florida/torres-de-vicuna-mackenna/1362/1-dormitorio?unit_id=446595&codigo_referido=;1711-A;Lista para arrendar
Arriendo Normal;TVMD1813-A;Av. Vicuña Mackenna Pte. 6456;La Florida;Torres de Vicuña Mackenna;1;30;2D1B;;;No;399000.00;89000.00;3;12;50.00;1;1;0;3;3.00;0;0;38566;O;38.65;2.00;;0;NOK;;2026-09-26;Trabajando;Si;https://www.assetplan.cl/arriendo/departamento/la-florida/torres-de-vicuna-mackenna/1362/2-dormitorios?unit_id=446614&codigo_referido=;1813-A;Re-acondicionamiento
Arriendo Normal;TVMD1912-A;Av. Vicuña Mackenna Pte. 6456;La Florida;Torres de Vicuña Mackenna;1;30;2D1B;;;Si;402000.00;86000.00;3;12;100.00;1;1;0;3;3.00;0;0;38762;O;40.74;0.00;;0;OK;;2026-08-21;Ejecutado;Si;https://www.assetplan.cl/arriendo/departamento/la-florida/torres-de-vicuna-mackenna/1362/2-dormitorios?unit_id=446630&codigo_referido=;1912-A;Lista para arrendar
Arriendo Normal;TVMD305-B;Av. Vicuña Mackenna Pte. 6456;La Florida;Torres de Vicuña Mackenna;1;30;1D1B;;;Si;346000.00;72000.00;3;12;50.00;1;1;0;3;3.00;0;0;38489;S;30.75;0.00;;0;OK;Fecha de salida el 12-03;2026-09-17;Ejecutado;Si;https://www.assetplan.cl/arriendo/departamento/la-florida/torres-de-vicuna-mackenna/1362/1-dormitorio?unit_id=446682&codigo_referido=;305-B;Lista para arrendar
Arriendo Especial;TVMD406-B;Av. Vicuña Mackenna Pte. 6456;La Florida;Torres de Vicuña Mackenna;1;30;2D2B (3C);;;Si;417000.00;90000.00;3;12;50.00;1;1;0;3;3.00;0;0;38801;P;40.31;0.00;;0;OK;;;;Si;https://www.assetplan.cl/arriendo/departamento/la-florida/torres-de-vicuna-mackenna/1362/2-dormitorios?unit_id=446692&codigo_referido=;406-B;Lista para arrendar
Arriendo Normal;TVMD408-B;Av. Vicuña Mackenna Pte. 6456;La Florida;Torres de Vicuña Mackenna;1;30;2D2B;;;Si;478000.00;100000.00;3;12;50.00;1;1;0;3;3.00;0;0;38802;N;46.94;0.00;;0;OK;;2026-07-31;Ejecutado;Si;https://www.assetplan.cl/arriendo/departamento/la-florida/torres-de-vicuna-mackenna/1362/2-dormitorios?unit_id=446694&codigo_referido=;408-B;Lista para arrendar
Arriendo Normal;TVMD506-B;Av. Vicuña Mackenna Pte. 6456;La Florida;Torres de Vicuña Mackenna;1;30;2D2B (3C);;;No;453000.00;90000.00;3;12;50.00;1;1;0;3;3.00;0;0;38805;P;40.31;0.00;;0;OK;;;En cotización;Si;https://www.assetplan.cl/arriendo/departamento/la-florida/torres-de-vicuna-mackenna/1362/2-dormitorios?unit_id=446701&codigo_referido=;506-B;Re-acondicionamiento
Arriendo Normal;TVMD1002-B;Av. Vicuña Mackenna Pte. 6456;La Florida;Torres de Vicuña Mackenna;1;30;1D1B;;;Si;350000.00;72000.00;3;12;50.00;1;1;0;3;3.00;0;0;38714;S;30.75;0.00;;0;OK;;2026-07-25;Ejecutado;Si;https://www.assetplan.cl/arriendo/departamento/la-florida/torres-de-vicuna-mackenna/1362/1-dormitorio?unit_id=446742&codigo_referido=;1002-B;Lista para arrendar
Arriendo Normal;TVMD1307-B;Av. Vicuña Mackenna Pte. 6456;La Florida;Torres de Vicuña Mackenna;1;30;1D1B;;;Si;351000.00;72000.00;3;12;50.00;1;1;0;3;3.00;0;0;38656;N;30.75;0.00;;2936;OK;;2026-09-23;Ejecutado;Si;https://www.assetplan.cl/arriendo/departamento/la-florida/torres-de-vicuna-mackenna/1362/1-dormitorio?unit_id=446774&codigo_referido=;1307-B;Lista para arrendar
Arriendo Normal;TVMD1808-B;Av. Vicuña Mackenna Pte. 6456;La Florida;Torres de Vicuña Mackenna;1;30;2D2B;;;Si;480000.00;100000.00;3;12;50.00;1;1;0;3;3.00;0;0;38785;N;46.94;0.00;;0;OK;;;Enviado;Si;https://www.assetplan.cl/arriendo/departamento/la-florida/torres-de-vicuna-mackenna/1362/2-dormitorios?unit_id=446820&codigo_referido=;1808-B;Lista para arrendar
Arriendo Normal;TVMD1908-B;Av. Vicuña Mackenna Pte. 6456;La Florida;Torres de Vicuña Mackenna;1;30;2D2B;;;Si;478000.00;100000.00;3;12;50.00;1;1;0;3;3.00;0;0;38787;N;46.94;0.00;Edificio Multifamily;0;OK;;2026-07-27;Ejecutado;Si;https://www.assetplan.cl/arriendo/departamento/la-florida/torres-de-vicuna-mackenna/1362/2-dormitorios?unit_id=446829&codigo_referido=;1908-B;Lista para arrendar
Arriendo Normal;TVMD2009-B;Av. Vicuña Mackenna Pte. 6456;La Florida;Torres de Vicuña Mackenna;1;30;1D1B;;;Si;348000.00;72000.00;3;12;50.00;1;1;0;3;3.00;0;0;38534;N;30.75;0.00;;0;NOK;;;Ejecutado;Si;https://www.assetplan.cl/arriendo/departamento/la-florida/torres-de-vicuna-mackenna/1362/1-dormitorio?unit_id=446839&codigo_referido=;2009-B;Lista para arrendar
Arriendo Normal;TVMD2105-B;Av. Vicuña Mackenna Pte. 6456;La Florida;Torres de Vicuña Mackenna;1;30;1D1B;;;Si;346000.00;72000.00;3;12;50.00;1;1;0;3;3.00;0;0;38510;S;30.75;0.00;;0;OK;;2026-09-24;Ejecutado;Si;https://www.assetplan.cl/arriendo/departamento/la-florida/torres-de-vicuna-mackenna/1362/1-dormitorio?unit_id=446844&codigo_referido=;2105-B;Lista para arrendar
Arriendo Normal;BJPD205;Juan de Pineda 7704;La Florida;Barrio Juan de Pineda;1;30;2D1B;;;Si;443000.00;105000.00;3;0;0.00;0;1;0;3;3.00;0;0;44483;N;41.00;4.00;;312;NOK;;2024-03-12;Ejecutado;Si;https://www.assetplan.cl/arriendo/departamento/la-florida/barrio-juan-de-pineda/1562/2-dormitorios?unit_id=450120&codigo_referido=;205;Re-acondicionamiento
Arriendo Normal;BJPD302;Juan de Pineda 7704;La Florida;Barrio Juan de Pineda;1;30;1D1B;;;Si;383000.00;87000.00;3;0;0.00;0;1;0;3;3.00;0;0;44489;NP;36.00;5.00;;0;NOK;;2025-01-15;Ejecutado;Si;https://www.assetplan.cl/arriendo/departamento/la-florida/barrio-juan-de-pineda/1562/1-dormitorio?unit_id=450126&codigo_referido=;302;Lista para arrendar
Arriendo Normal;BJPD309;Juan de Pineda 7704;La Florida;Barrio Juan de Pineda;1;30;1D1B;;;Si;365000.00;81000.00;3;0;0.00;0;1;0;3;3.00;0;0;44496;S;34.00;4.00;;1778;NOK;;;Caducado;Si;https://www.assetplan.cl/arriendo/departamento/la-florida/barrio-juan-de-pineda/1562/1-dormitorio?unit_id=450133&codigo_referido=;309;Lista para arrendar
Arriendo Normal;BJPD704;Juan de Pineda 7704;La Florida;Barrio Juan de Pineda;1;30;2D2B;;;Si;466000.00;109000.00;3;0;0.00;0;1;0;3;3.00;0;0;44527;N;49.00;4.00;Ofic. Santa Lucía;2286;OK;;;Caducado;Si;https://www.assetplan.cl/arriendo/departamento/la-florida/barrio-juan-de-pineda/1562/2-dormitorios?unit_id=450164&codigo_referido=;704;Re-acondicionamiento
Arriendo Normal;IMAD208;Av. Vicuña Mackenna Ote. 6197;La Florida;Mirador Capital;1;30;1D1B;;;Si;368000.00;71000.00;3;6;0.00;0;1;0;3;3.00;0;0;52271;NO;28.03;2.66;;0;OK;;2026-08-20;Ejecutado;Si;https://www.assetplan.cl/arriendo/departamento/la-florida/mirador-capital/1825/1-dormitorio?unit_id=454665&codigo_referido=;208;Lista para arrendar
Arriendo Normal;IMAD306;Av. Vicuña Mackenna Ote. 6197;La Florida;Mirador Capital;1;30;2D2B;;;Si;499000.00;103000.00;3;6;0.00;0;1;0;3;3.00;0;0;52279;NO;45.21;2.71;;0;OK;;2026-09-23;Ejecutado;Si;https://www.assetplan.cl/arriendo/departamento/la-florida/mirador-capital/1825/2-dormitorios?unit_id=454673&codigo_referido=;306;Lista para arrendar
Arriendo Normal;IMAD406;Av. Vicuña Mackenna Ote. 6197;La Florida;Mirador Capital;1;30;2D2B;;;Si;499000.00;103000.00;3;6;0.00;0;1;0;3;3.00;0;0;52289;NO;45.05;2.71;;0;OK;;2026-08-10;Ejecutado;Si;https://www.assetplan.cl/arriendo/departamento/la-florida/mirador-capital/1825/2-dormitorios?unit_id=454683&codigo_referido=;406;Lista para arrendar
Arriendo Normal;IMAD502;Av. Vicuña Mackenna Ote. 6197;La Florida;Mirador Capital;1;30;1D1B;;;Si;375000.00;83000.00;3;6;0.00;0;1;0;3;3.00;0;0;52295;SP;32.71;2.86;;0;OK;;2026-07-08;Ejecutado;Si;https://www.assetplan.cl/arriendo/departamento/la-florida/mirador-capital/1825/1-dormitorio?unit_id=454689&codigo_referido=;502;Lista para arrendar
Arriendo Normal;IMAD902;Av. Vicuña Mackenna Ote. 6197;La Florida;Mirador Capital;1;30;1D1B;;;Si;375000.00;83000.00;3;6;0.00;0;1;0;3;3.00;0;0;52335;SP;32.71;2.86;;0;OK;;2026-06-18;Ejecutado;Si;https://www.assetplan.cl/arriendo/departamento/la-florida/mirador-capital/1825/1-dormitorio?unit_id=454729&codigo_referido=;902;Lista para arrendar
Arriendo Normal;LOFD312;Av. Vicuña Mackenna Ote. 6711;La Florida;Lofty;1;30;2D2B;;;Si;512000.00;123000.00;6;0;50.00;1;1;0;3;3.00;0;0;53151;NP;55.83;4.07;;0;OK;;;Enviado;Si;https://www.assetplan.cl/arriendo/departamento/la-florida/lofty/2120/2-dormitorios?unit_id=462852&codigo_referido=;312;Lista para arrendar
Arriendo Normal;LOFD414;Av. Vicuña Mackenna Ote. 6711;La Florida;Lofty;1;30;2D2B;;;Si;495000.00;96000.00;6;0;50.00;1;1;0;3;3.00;0;0;53133;O;42.25;6.25;;0;OK;;2026-04-30;Ejecutado;Si;https://www.assetplan.cl/arriendo/departamento/la-florida/lofty/2120/2-dormitorios?unit_id=462870&codigo_referido=;414;Lista para arrendar
Arriendo Normal;LOFD714;Av. Vicuña Mackenna Ote. 6711;La Florida;Lofty;1;30;2D2B;;;Si;495000.00;96000.00;6;0;50.00;1;1;0;3;3.00;0;0;53085;O;42.25;6.25;;0;OK;;;;Si;https://www.assetplan.cl/arriendo/departamento/la-florida/lofty/2120/2-dormitorios?unit_id=462918&codigo_referido=;714;Lista para arrendar
Arriendo Normal;LOFD804;Av. Vicuña Mackenna Ote. 6711;La Florida;Lofty;1;30;2D2B;;;No;514000.00;123000.00;6;0;50.00;1;1;0;3;3.00;0;0;53079;SO;55.83;4.07;;0;OK;;2025-06-04;Ejecutado;Si;https://www.assetplan.cl/arriendo/departamento/la-florida/lofty/2120/2-dormitorios?unit_id=462924&codigo_referido=;804;Re-acondicionamiento
Arriendo Normal;LOFD811;Av. Vicuña Mackenna Ote. 6711;La Florida;Lofty;1;30;Estudio;;;Si;333000.00;68000.00;6;0;50.00;1;1;0;3;3.00;0;0;53072;P;27.49;6.21;;0;OK;;;;Si;https://www.assetplan.cl/arriendo/departamento/la-florida/lofty/2120/estudio?unit_id=462931&codigo_referido=;811;Lista para arrendar
Arriendo Normal;LOFD904;Av. Vicuña Mackenna Ote. 6711;La Florida;Lofty;1;30;2D2B;;;Si;514000.00;123000.00;6;0;50.00;1;1;0;3;3.00;0;0;53063;SO;55.83;4.07;;0;OK;;;;Si;https://www.assetplan.cl/arriendo/departamento/la-florida/lofty/2120/2-dormitorios?unit_id=462940&codigo_referido=;904;Lista para arrendar
Arriendo Normal;LOFD1515;Av. Vicuña Mackenna Ote. 6711;La Florida;Lofty;1;30;Estudio;;;No;325000.00;69000.00;6;0;50.00;1;1;0;3;3.00;0;0;52956;O;28.01;5.93;;0;OK;;;;Si;https://www.assetplan.cl/arriendo/departamento/la-florida/lofty/2120/estudio?unit_id=463047&codigo_referido=;1515;Re-acondicionamiento
Arriendo Normal;LOFD1804;Av. Vicuña Mackenna Ote. 6711;La Florida;Lofty;1;30;2D2B;;;Si;517000.00;123000.00;6;0;50.00;1;1;0;3;3.00;0;0;52919;SO;55.83;4.07;;0;OK;;;Enviado;Si;https://www.assetplan.cl/arriendo/departamento/la-florida/lofty/2120/2-dormitorios?unit_id=463084&codigo_referido=;1804;Lista para arrendar
Arriendo Normal;LOFD1808;Av. Vicuña Mackenna Ote. 6711;La Florida;Lofty;1;30;Estudio;;;No;348000.00;79000.00;6;0;50.00;1;1;0;3;3.00;0;0;52915;P;31.91;7.25;;0;OK;;;;Si;https://www.assetplan.cl/arriendo/departamento/la-florida/lofty/2120/estudio?unit_id=463088&codigo_referido=;1808;Re-acondicionamiento
Arriendo Normal;CSRD211;Paso El Roble 139;La Florida;Casa el Roble;1;30;1D1B;;;Si;357000.00;93000.00;3;12;50.00;1;1;0;3;3.00;0;0;57639;S;36.00;3.00;;0;OK;;2026-08-04;Ejecutado;Si;https://www.assetplan.cl/arriendo/departamento/la-florida/casa-el-roble/2227/1-dormitorio?unit_id=465238&codigo_referido=;211;Lista para arrendar
Arriendo Normal;CSRD216;Paso El Roble 139;La Florida;Casa el Roble;1;30;2D2B;;;Si;453000.00;116000.00;3;12;50.00;1;1;0;3;3.00;0;0;57829;P;48.00;3.00;;0;OK;;2026-09-11;Ejecutado;Si;https://www.assetplan.cl/arriendo/departamento/la-florida/casa-el-roble/2227/2-dormitorios?unit_id=465243&codigo_referido=;216;Lista para arrendar
Arriendo Normal;CSRD310;Paso El Roble 139;La Florida;Casa el Roble;1;30;1D1B;;;Si;359000.00;90000.00;3;12;50.00;1;1;0;3;3.00;0;0;57637;S;35.00;3.00;;0;OK;;2026-09-04;Ejecutado;Si;https://www.assetplan.cl/arriendo/departamento/la-florida/casa-el-roble/2227/1-dormitorio?unit_id=465255&codigo_referido=;310;Lista para arrendar
Arriendo Normal;CSRD411;Paso El Roble 139;La Florida;Casa el Roble;1;30;1D1B;;;Si;361000.00;93000.00;3;12;50.00;1;1;0;1;3.00;0;0;57633;S;36.00;3.00;;0;OK;;2026-09-11;Ejecutado;Si;https://www.assetplan.cl/arriendo/departamento/la-florida/casa-el-roble/2227/1-dormitorio?unit_id=465275&codigo_referido=;411;Lista para arrendar
Arriendo Normal;CSRD510;Paso El Roble 139;La Florida;Casa el Roble;1;30;1D1B;;;Si;361000.00;90000.00;3;12;50.00;1;1;0;3;3.00;0;0;57631;S;35.00;3.00;;0;OK;;2026-08-21;Ejecutado;Si;https://www.assetplan.cl/arriendo/departamento/la-florida/casa-el-roble/2227/1-dormitorio?unit_id=465293&codigo_referido=;510;Lista para arrendar
Arriendo Normal;CSRD515;Paso El Roble 139;La Florida;Casa el Roble;1;30;2D2B;;;Si;462000.00;116000.00;3;12;50.00;1;1;0;3;3.00;0;0;57821;P;48.00;3.00;;0;OK;;2026-08-04;Ejecutado;Si;https://www.assetplan.cl/arriendo/departamento/la-florida/casa-el-roble/2227/2-dormitorios?unit_id=465298&codigo_referido=;515;Lista para arrendar
Arriendo Normal;CSRD615;Paso El Roble 139;La Florida;Casa el Roble;1;30;2D2B;;;Si;462000.00;116000.00;3;12;50.00;1;1;0;3;3.00;0;0;57818;P;48.00;3.00;;0;OK;;2026-09-04;Ejecutado;Si;https://www.assetplan.cl/arriendo/departamento/la-florida/casa-el-roble/2227/2-dormitorios?unit_id=465317&codigo_referido=;615;Lista para arrendar
Arriendo Normal;CSRD1011;Paso El Roble 139;La Florida;Casa el Roble;1;30;1D1B;;;Si;363000.00;93000.00;3;12;50.00;1;1;0;3;3.00;0;0;57615;S;36.00;3.00;;0;OK;;2026-09-14;Ejecutado;Si;https://www.assetplan.cl/arriendo/departamento/la-florida/casa-el-roble/2227/1-dormitorio?unit_id=465389&codigo_referido=;1011;Lista para arrendar
Arriendo Normal;CSRD1015;Paso El Roble 139;La Florida;Casa el Roble;1;30;2D2B;;;Si;460000.00;116000.00;3;12;50.00;1;1;0;3;3.00;0;0;57806;P;48.00;3.00;;0;OK;;2026-09-17;Ejecutado;Si;https://www.assetplan.cl/arriendo/departamento/la-florida/casa-el-roble/2227/2-dormitorios?unit_id=465393&codigo_referido=;1015;Lista para arrendar
Arriendo Normal;CSRD1016;Paso El Roble 139;La Florida;Casa el Roble;1;30;2D2B;;;Si;460000.00;116000.00;3;12;50.00;1;1;0;3;3.00;0;0;57805;P;48.00;3.00;;0;OK;;2026-02-17;Ejecutado;Si;https://www.assetplan.cl/arriendo/departamento/la-florida/casa-el-roble/2227/2-dormitorios?unit_id=465394&codigo_referido=;1016;Lista para arrendar
Arriendo Normal;CSRD1019;Paso El Roble 139;La Florida;Casa el Roble;1;30;1D1B;;;No;360000.00;75000.00;3;12;50.00;1;1;0;3;3.00;0;0;57676;N;29.00;3.00;;0;OK;;;Enviado;Si;https://www.assetplan.cl/arriendo/departamento/la-florida/casa-el-roble/2227/1-dormitorio?unit_id=465397&codigo_referido=;1019;Re-acondicionamiento
Arriendo Normal;CSRD1113;Paso El Roble 139;La Florida;Casa el Roble;1;30;1D1B;;;Si;357000.00;75000.00;3;12;50.00;1;1;0;3;3.00;0;0;57672;S;29.00;3.00;;0;OK;;2026-09-28;Ejecutado;Si;https://www.assetplan.cl/arriendo/departamento/la-florida/casa-el-roble/2227/1-dormitorio?unit_id=465410&codigo_referido=;1113;Lista para arrendar
Arriendo Normal;CSRD1118;Paso El Roble 139;La Florida;Casa el Roble;1;30;2D1B;;;Si;442000.00;95000.00;3;6;50.00;1;1;0;3;3.00;0;0;57748;N;40.00;3.00;;0;OK;;2026-09-14;Ejecutado;Si;https://www.assetplan.cl/arriendo/departamento/la-florida/casa-el-roble/2227/2-dormitorios?unit_id=465415&codigo_referido=;1118;Lista para arrendar
Arriendo Normal;CSRD1205;Paso El Roble 139;La Florida;Casa el Roble;1;30;2D2B;;;Si;464000.00;116000.00;3;12;50.00;1;1;0;3;3.00;0;0;57801;O;48.00;3.00;;0;OK;;2025-05-21;Ejecutado;Si;https://www.assetplan.cl/arriendo/departamento/la-florida/casa-el-roble/2227/2-dormitorios?unit_id=465421&codigo_referido=;1205;Lista para arrendar
Arriendo Normal;CSRD1206;Paso El Roble 139;La Florida;Casa el Roble;1;30;2D2B;;;Si;464000.00;121000.00;3;12;50.00;1;1;0;3;3.00;0;0;57837;O;50.00;3.00;;0;OK;;2026-09-23;Ejecutado;Si;https://www.assetplan.cl/arriendo/departamento/la-florida/casa-el-roble/2227/2-dormitorios?unit_id=465422&codigo_referido=;1206;Lista para arrendar
Arriendo Normal;CSRD1210;Paso El Roble 139;La Florida;Casa el Roble;1;30;1D1B;;;Si;361000.00;90000.00;3;12;50.00;1;1;0;3;3.00;0;0;57610;S;35.00;3.00;;0;OK;;2026-09-21;Ejecutado;Si;https://www.assetplan.cl/arriendo/departamento/la-florida/casa-el-roble/2227/1-dormitorio?unit_id=465426&codigo_referido=;1210;Lista para arrendar
Arriendo Normal;CSRD1216;Paso El Roble 139;La Florida;Casa el Roble;1;30;2D2B;;;Si;460000.00;116000.00;3;12;50.00;1;1;0;3;3.00;0;0;57799;P;48.00;3.00;;0;OK;;2025-04-26;Ejecutado;Si;https://www.assetplan.cl/arriendo/departamento/la-florida/casa-el-roble/2227/2-dormitorios?unit_id=465432&codigo_referido=;1216;Lista para arrendar
Arriendo Normal;CSRD1515;Paso El Roble 139;La Florida;Casa el Roble;1;30;2D2B;;;Si;457000.00;116000.00;3;12;50.00;1;1;0;3;3.00;0;0;57791;P;48.00;3.00;;0;OK;;;;Si;https://www.assetplan.cl/arriendo/departamento/la-florida/casa-el-roble/2227/2-dormitorios?unit_id=465488&codigo_referido=;1515;Lista para arrendar
Arriendo Normal;CSRD1601;Paso El Roble 139;La Florida;Casa el Roble;1;30;1D1B;;;Si;360000.00;88000.00;3;12;50.00;1;1;0;3;3.00;0;0;57599;N;34.00;3.00;;0;OK;;2026-09-14;Ejecutado;Si;https://www.assetplan.cl/arriendo/departamento/la-florida/casa-el-roble/2227/1-dormitorio?unit_id=465493&codigo_referido=;1601;Lista para arrendar
Arriendo Normal;CSRD1619;Paso El Roble 139;La Florida;Casa el Roble;1;30;1D1B;;;Si;357000.00;75000.00;3;12;50.00;1;1;0;3;3.00;0;0;57646;N;29.00;3.00;;0;OK;;;;Si;https://www.assetplan.cl/arriendo/departamento/la-florida/casa-el-roble/2227/1-dormitorio?unit_id=465511&codigo_referido=;1619;Lista para arrendar
Arriendo Normal;CSRD1715;Paso El Roble 139;La Florida;Casa el Roble;1;30;2D2B;;;Si;457000.00;116000.00;3;12;50.00;1;1;0;3;3.00;0;0;57785;P;48.00;3.00;;0;OK;;2026-08-21;Ejecutado;Si;https://www.assetplan.cl/arriendo/departamento/la-florida/casa-el-roble/2227/2-dormitorios?unit_id=465523&codigo_referido=;1715;Lista para arrendar
Arriendo Normal;VMPD305-A;Av. Vicuña Mackenna Pte. 6315;La Florida;Activa Vicuña Mackenna Poniente;1;30;2D1B;;;Si;510000.00;105000.00;3;6;50.00;2;1;0.5;3;3.00;0;0;56569;N;44.56;4.68;;0;OK;;2026-05-27;Ejecutado;Si;https://www.assetplan.cl/arriendo/departamento/la-florida/activa-vicuna-mackenna-poniente/2507/2-dormitorios?unit_id=470380&codigo_referido=;305;Lista para arrendar
Arriendo Normal;VMPD501-A;Av. Vicuña Mackenna Pte. 6315;La Florida;Activa Vicuña Mackenna Poniente;1;30;1D1B;;;Si;366000.00;86000.00;3;6;50.00;2;1;0.5;3;3.00;0;0;56587;S;35.25;4.42;;0;OK;;2026-09-17;Ejecutado;Si;https://www.assetplan.cl/arriendo/departamento/la-florida/activa-vicuna-mackenna-poniente/2507/1-dormitorio?unit_id=470398&codigo_referido=;501;Lista para arrendar
Arriendo Normal;VMPD510-A;Av. Vicuña Mackenna Pte. 6315;La Florida;Activa Vicuña Mackenna Poniente;1;30;1D1B;;;No;365000.00;83000.00;3;6;50.00;2;1;0.5;3;3.00;0;0;56596;S;34.46;3.72;;0;OK;NO TOMAR MARIA VICTORIA GONZALEZ (EC);2026-09-24;Trabajando;Si;https://www.assetplan.cl/arriendo/departamento/la-florida/activa-vicuna-mackenna-poniente/2507/1-dormitorio?unit_id=470407&codigo_referido=;510;Re-acondicionamiento
Arriendo Normal;VMPD907-A;Av. Vicuña Mackenna Pte. 6315;La Florida;Activa Vicuña Mackenna Poniente;1;30;1D1B;;;No;370000.00;84000.00;3;6;50.00;2;1;0.5;3;3.00;0;0;56637;N;34.85;3.72;;0;NOK;;2026-09-29;Trabajando;Si;https://www.assetplan.cl/arriendo/departamento/la-florida/activa-vicuna-mackenna-poniente/2507/1-dormitorio?unit_id=470448&codigo_referido=;907;Re-acondicionamiento
Arriendo Normal;VMPD1009-A;Av. Vicuña Mackenna Pte. 6315;La Florida;Activa Vicuña Mackenna Poniente;1;30;2D2B (4C);;;No;556000.00;120000.00;3;6;50.00;2;1;0.5;3;3.00;0;0;56650;SP;50.90;6.32;;0;OK;;2026-10-02;Trabajando;Si;https://www.assetplan.cl/arriendo/departamento/la-florida/activa-vicuna-mackenna-poniente/2507/2-dormitorios?unit_id=470461&codigo_referido=;1009;Re-acondicionamiento
Arriendo Normal;VMPD1108-A;Av. Vicuña Mackenna Pte. 6315;La Florida;Activa Vicuña Mackenna Poniente;1;30;2D2B (4C);;;Si;557000.00;120000.00;3;6;50.00;2;1;0.5;3;3.00;0;0;56660;NP;50.90;6.32;;0;OK;;2026-09-14;Ejecutado;Si;https://www.assetplan.cl/arriendo/departamento/la-florida/activa-vicuna-mackenna-poniente/2507/2-dormitorios?unit_id=470471&codigo_referido=;1108;Lista para arrendar
Arriendo Normal;VMPD1211-A;Av. Vicuña Mackenna Pte. 6315;La Florida;Activa Vicuña Mackenna Poniente;1;30;1D1B;;;Si;368000.00;86000.00;3;6;50.00;2;1;0.5;3;3.00;0;0;56674;S;35.25;4.42;;0;OK;;2026-08-14;Ejecutado;Si;https://www.assetplan.cl/arriendo/departamento/la-florida/activa-vicuna-mackenna-poniente/2507/1-dormitorio?unit_id=470485&codigo_referido=;1211;Lista para arrendar
Arriendo Normal;VMPD1401-A;Av. Vicuña Mackenna Pte. 6315;La Florida;Activa Vicuña Mackenna Poniente;1;30;1D1B;;;No;368000.00;86000.00;3;6;50.00;2;1;0.5;3;3.00;0;0;56689;S;35.25;4.42;;0;OK;;2026-09-28;Trabajando;Si;https://www.assetplan.cl/arriendo/departamento/la-florida/activa-vicuna-mackenna-poniente/2507/1-dormitorio?unit_id=470497&codigo_referido=;1401;Re-acondicionamiento
Arriendo Especial;VMPD1506-A;Av. Vicuña Mackenna Pte. 6315;La Florida;Activa Vicuña Mackenna Poniente;1;30;1D1B;;;Si;373000.00;85000.00;3;6;50.00;2;1;0.5;3;3.00;0;0;56705;N;34.85;4.57;;0;OK;;2026-03-19;Ejecutado;Si;https://www.assetplan.cl/arriendo/departamento/la-florida/activa-vicuna-mackenna-poniente/2507/1-dormitorio?unit_id=470513&codigo_referido=;1506;Lista para arrendar
Arriendo Normal;VMPD1509-A;Av. Vicuña Mackenna Pte. 6315;La Florida;Activa Vicuña Mackenna Poniente;1;30;2D2B (4C);;;Si;558000.00;120000.00;3;6;50.00;2;1;0.5;3;3.00;0;0;56708;SP;50.90;6.32;;0;OK;;2026-09-25;Trabajando;Si;https://www.assetplan.cl/arriendo/departamento/la-florida/activa-vicuna-mackenna-poniente/2507/2-dormitorios?unit_id=470516&codigo_referido=;1509;Lista para arrendar
Arriendo Normal;VMPD1706-A;Av. Vicuña Mackenna Pte. 6315;La Florida;Activa Vicuña Mackenna Poniente;1;30;1D1B;;;Si;373000.00;85000.00;3;6;50.00;2;1;0.5;3;3.00;0;0;56727;N;34.85;4.57;;0;OK;;2026-08-28;Ejecutado;Si;https://www.assetplan.cl/arriendo/departamento/la-florida/activa-vicuna-mackenna-poniente/2507/1-dormitorio?unit_id=470535&codigo_referido=;1706;Lista para arrendar
Arriendo Normal;VMPD1802-A;Av. Vicuña Mackenna Pte. 6315;La Florida;Activa Vicuña Mackenna Poniente;1;30;2D2B;;;No;576000.00;135000.00;3;6;50.00;2;1;0.5;3;3.00;0;0;56734;SO;56.45;14.16;;0;OK;;2025-04-15;Ejecutado;Si;https://www.assetplan.cl/arriendo/departamento/la-florida/activa-vicuna-mackenna-poniente/2507/2-dormitorios?unit_id=470542&codigo_referido=;1802;Re-acondicionamiento
Arriendo Normal;VMPD1804-A;Av. Vicuña Mackenna Pte. 6315;La Florida;Activa Vicuña Mackenna Poniente;1;30;1D1B;;;Si;376000.00;87000.00;3;6;50.00;2;1;0.5;3;3.00;0;0;56736;N;34.44;6.96;;0;OK;;2026-07-08;Ejecutado;Si;https://www.assetplan.cl/arriendo/departamento/la-florida/activa-vicuna-mackenna-poniente/2507/1-dormitorio?unit_id=470544&codigo_referido=;1804;Lista para arrendar
Arriendo Normal;VMPD1810-A;Av. Vicuña Mackenna Pte. 6315;La Florida;Activa Vicuña Mackenna Poniente;1;30;1D1B;;;Si;369000.00;81000.00;3;6;50.00;2;1;0.5;3;3.00;0;0;56742;S;32.51;5.67;;0;OK;;2026-05-11;Ejecutado;Si;https://www.assetplan.cl/arriendo/departamento/la-florida/activa-vicuna-mackenna-poniente/2507/1-dormitorio?unit_id=470550&codigo_referido=;1810;Lista para arrendar
Arriendo Normal;VMPD212-B;Av. Vicuña Mackenna Pte. 6315;La Florida;Activa Vicuña Mackenna Poniente;1;30;1D1B;;;Si;363000.00;86000.00;3;6;50.00;2;1;0.5;3;3.00;0;0;56749;S;35.25;4.42;;0;NOK;;2026-08-12;Ejecutado;Si;https://www.assetplan.cl/arriendo/departamento/la-florida/activa-vicuna-mackenna-poniente/2507/1-dormitorio?unit_id=470557&codigo_referido=;212;Lista para arrendar
Arriendo Normal;VMPD215-B;Av. Vicuña Mackenna Pte. 6315;La Florida;Activa Vicuña Mackenna Poniente;1;30;2D2B (4C);;;Si;556000.00;120000.00;3;6;50.00;2;1;0.5;3;3.00;0;0;56752;NO;50.90;6.50;;0;OK;;2026-08-07;Ejecutado;Si;https://www.assetplan.cl/arriendo/departamento/la-florida/activa-vicuna-mackenna-poniente/2507/2-dormitorios?unit_id=470560&codigo_referido=;215;Lista para arrendar
Arriendo Normal;VMPD314-B;Av. Vicuña Mackenna Pte. 6315;La Florida;Activa Vicuña Mackenna Poniente;1;30;2D2B (4C);;;Si;551000.00;120000.00;3;6;50.00;2;1;0.5;3;3.00;0;0;56762;SO;50.90;6.32;;0;OK;;2026-09-25;Ejecutado;Si;https://www.assetplan.cl/arriendo/departamento/la-florida/activa-vicuna-mackenna-poniente/2507/2-dormitorios?unit_id=470570&codigo_referido=;314;Lista para arrendar
Arriendo Especial;VMPD316-B;Av. Vicuña Mackenna Pte. 6315;La Florida;Activa Vicuña Mackenna Poniente;1;30;1D1B;;;Si;355000.00;80000.00;3;6;50.00;2;1;0.5;3;3.00;0;0;56764;N;34.10;6.63;;0;OK;;2026-02-06;Ejecutado;Si;https://www.assetplan.cl/arriendo/departamento/la-florida/activa-vicuna-mackenna-poniente/2507/1-dormitorio?unit_id=470572&codigo_referido=;316;Lista para arrendar
Arriendo Normal;VMPD419-B;Av. Vicuña Mackenna Pte. 6315;La Florida;Activa Vicuña Mackenna Poniente;1;30;1D1B;;;Si;372000.00;87000.00;3;6;50.00;2;1;0.5;3;3.00;0;0;56778;N;34.44;6.96;;0;OK;;2026-08-21;Ejecutado;Si;https://www.assetplan.cl/arriendo/departamento/la-florida/activa-vicuna-mackenna-poniente/2507/1-dormitorio?unit_id=470586&codigo_referido=;419;Lista para arrendar
Arriendo Normal;VMPD519-B;Av. Vicuña Mackenna Pte. 6315;La Florida;Activa Vicuña Mackenna Poniente;1;30;1D1B;;;No;373000.00;87000.00;3;6;50.00;2;1;0.5;3;3.00;0;0;56789;N;34.44;6.96;;0;NOK;;2026-08-11;Ejecutado;Si;https://www.assetplan.cl/arriendo/departamento/la-florida/activa-vicuna-mackenna-poniente/2507/1-dormitorio?unit_id=470597&codigo_referido=;519;Re-acondicionamiento
Arriendo Normal;VMPD618-B;Av. Vicuña Mackenna Pte. 6315;La Florida;Activa Vicuña Mackenna Poniente;1;30;2D1B;;;No;512000.00;105000.00;3;6;50.00;2;1;0.5;3;3.00;0;0;56799;N;44.56;4.68;;0;NOK;;2025-07-10;Ejecutado;Si;https://www.assetplan.cl/arriendo/departamento/la-florida/activa-vicuna-mackenna-poniente/2507/2-dormitorios?unit_id=470607&codigo_referido=;618;Re-acondicionamiento
Arriendo Normal;VMPD713-B;Av. Vicuña Mackenna Pte. 6315;La Florida;Activa Vicuña Mackenna Poniente;1;30;1D1B;;;Si;365000.00;83000.00;3;6;50.00;2;1;0.5;3;3.00;0;0;56805;S;34.46;3.72;;0;OK;;2026-09-17;Ejecutado;Si;https://www.assetplan.cl/arriendo/departamento/la-florida/activa-vicuna-mackenna-poniente/2507/1-dormitorio?unit_id=470613&codigo_referido=;713;Lista para arrendar
Arriendo Normal;VMPD717-B;Av. Vicuña Mackenna Pte. 6315;La Florida;Activa Vicuña Mackenna Poniente;1;30;1D1B;;;No;370000.00;85000.00;3;6;50.00;2;1;0.5;3;3.00;0;0;56810;N;34.85;4.57;;0;OK;;2026-09-29;Trabajando;Si;https://www.assetplan.cl/arriendo/departamento/la-florida/activa-vicuna-mackenna-poniente/2507/1-dormitorio?unit_id=470617&codigo_referido=;717;Re-acondicionamiento
Arriendo Normal;VMPD1014-B;Av. Vicuña Mackenna Pte. 6315;La Florida;Activa Vicuña Mackenna Poniente;1;30;2D2B (4C);;;Si;555000.00;120000.00;3;6;50.00;2;1;0.5;3;3.00;0;0;56840;SO;50.90;6.32;;0;OK;;2026-09-23;Ejecutado;Si;https://www.assetplan.cl/arriendo/departamento/la-florida/activa-vicuna-mackenna-poniente/2507/2-dormitorios?unit_id=470647&codigo_referido=;1014;Lista para arrendar
Arriendo Normal;VMPD1213-B;Av. Vicuña Mackenna Pte. 6315;La Florida;Activa Vicuña Mackenna Poniente;1;30;1D1B;;;Si;366000.00;83000.00;3;6;50.00;2;1;0.5;3;3.00;0;0;56861;S;34.46;3.72;;0;OK;;2026-09-08;Ejecutado;Si;https://www.assetplan.cl/arriendo/departamento/la-florida/activa-vicuna-mackenna-poniente/2507/1-dormitorio?unit_id=470668&codigo_referido=;1213;Lista para arrendar
Arriendo Normal;VMPD1613-B;Av. Vicuña Mackenna Pte. 6315;La Florida;Activa Vicuña Mackenna Poniente;1;30;1D1B;;;Si;368000.00;83000.00;3;6;50.00;2;1;0.5;3;3.00;0;0;56905;S;34.46;3.72;;0;NOK;;2026-09-03;Ejecutado;Si;https://www.assetplan.cl/arriendo/departamento/la-florida/activa-vicuna-mackenna-poniente/2507/1-dormitorio?unit_id=470712&codigo_referido=;1613;Lista para arrendar
Arriendo Especial;VMPD1716-B;Av. Vicuña Mackenna Pte. 6315;La Florida;Activa Vicuña Mackenna Poniente;1;30;1D1B;;;Si;363000.00;80000.00;3;6;50.00;2;1;0.5;3;3.00;0;0;56919;N;34.46;3.72;;0;OK;;2026-03-16;Ejecutado;Si;https://www.assetplan.cl/arriendo/departamento/la-florida/activa-vicuna-mackenna-poniente/2507/1-dormitorio?unit_id=470726&codigo_referido=;1716;Lista para arrendar
Arriendo Normal;LIAD214;Lia Aguirre 95;La Florida;Lia Aguirre;1;30;Estudio;;;Si;275000.00;50000.00;3;6;50.00;1;1;0;3;3.00;0;0;62386;O;17.00;0.00;Inspector;0;OK;;;Caducado;Si;https://www.assetplan.cl/arriendo/departamento/la-florida/lia-aguirre/2731/estudio?unit_id=477234&codigo_referido=;214;Lista para arrendar
Arriendo Normal;LIAD304;Lia Aguirre 95;La Florida;Lia Aguirre;1;30;1D1B;;39;Si;347000.00;60000.00;3;6;50.00;1;1;0;3;3.00;0;0;62498;S;31.00;4.00;Inspector;0;OK;Unidad no escriturada;;Caducado;Si;https://www.assetplan.cl/arriendo/departamento/la-florida/lia-aguirre/2731/1-dormitorio?unit_id=477240&codigo_referido=;304;Lista para arrendar
Arriendo Normal;LIAD403;Lia Aguirre 95;La Florida;Lia Aguirre;1;30;Estudio;;;Si;275000.00;50000.00;3;6;50.00;1;1;0;3;3.00;0;0;62373;S;16.00;0.00;Ofic. Santa Lucía;1888;OK;;;Caducado;Si;https://www.assetplan.cl/arriendo/departamento/la-florida/lia-aguirre/2731/estudio?unit_id=477255&codigo_referido=;403;Lista para arrendar
Arriendo Normal;LIAD1515;Lia Aguirre 95;La Florida;Lia Aguirre;1;30;2D2B;;16;Si;455000.00;90000.00;3;6;50.00;1;1;0;3;3.00;0;0;62542;NO;41.00;2.00;;0;OK;Estimado Salvador,

Favor bloquear las siguientes unidades en Lia Aguirre para el arriendo, dado que aún no se venden.
Juan Pablo García Mardones;;Caducado;Si;https://www.assetplan.cl/arriendo/departamento/la-florida/lia-aguirre/2731/2-dormitorios?unit_id=477402&codigo_referido=;1515;Lista para arrendar
Arriendo Normal;LIAD1615;Lia Aguirre 95;La Florida;Lia Aguirre;1;30;2D2B;;;Si;445000.00;90000.00;3;6;50.00;1;1;0;3;3.00;0;0;62544;NO;41.00;2.00;Ofic. Santa Lucía;1818;OK;Estimado Salvador,

Favor bloquear las siguientes unidades en Lia Aguirre para el arriendo, dado que aún no se venden.
Juan Pablo García Mardones;;Caducado;Si;https://www.assetplan.cl/arriendo/departamento/la-florida/lia-aguirre/2731/2-dormitorios?unit_id=477409&codigo_referido=;1615;Lista para arrendar
Arriendo Normal;FLOD205;Froilán Roa 5746;La Florida;Florida Capital;1;60;1D1B;;;Si;346000.00;80000.00;3;6;0.00;0;1;0;3;3.00;0;0;75020;S;32.76;3.35;;0;OK;;2026-08-10;Ejecutado;Si;https://www.assetplan.cl/arriendo/departamento/la-florida/florida-capital/3013/1-dormitorio?unit_id=493896&codigo_referido=;205;Lista para arrendar
Arriendo Normal;FLOD411;Froilán Roa 5746;La Florida;Florida Capital;1;60;1D1B;;;No;349000.00;80000.00;3;6;0.00;0;1;0;3;3.00;0;0;75054;SP;32.94;3.35;;0;OK;;2026-09-27;Trabajando;Si;https://www.assetplan.cl/arriendo/departamento/la-florida/florida-capital/3013/1-dormitorio?unit_id=493921&codigo_referido=;411;Re-acondicionamiento
Arriendo Normal;FLOD608;Froilán Roa 5746;La Florida;Florida Capital;1;60;1D1B;;;No;350000.00;80000.00;3;6;0.00;0;1;0;3;3.00;0;0;75081;SP;32.94;3.35;;0;OK;;2026-09-30;Trabajando;Si;https://www.assetplan.cl/arriendo/departamento/la-florida/florida-capital/3013/1-dormitorio?unit_id=493938&codigo_referido=;608;Re-acondicionamiento
Arriendo Normal;FLOD811;Froilán Roa 5746;La Florida;Florida Capital;1;60;1D1B;;;No;351000.00;80000.00;3;6;0.00;0;1;0;3;3.00;0;0;75114;SP;32.94;3.35;;0;OK;;;En cotización;Si;https://www.assetplan.cl/arriendo/departamento/la-florida/florida-capital/3013/1-dormitorio?unit_id=493961&codigo_referido=;811;Re-acondicionamiento
Arriendo Normal;FLOD1108;Froilán Roa 5746;La Florida;Florida Capital;1;60;1D1B;;;Si;353000.00;80000.00;3;6;0.00;0;1;0;3;3.00;0;0;75156;SP;32.94;3.35;;0;OK;;2026-09-23;Ejecutado;Si;https://www.assetplan.cl/arriendo/departamento/la-florida/florida-capital/3013/1-dormitorio?unit_id=493988&codigo_referido=;1108;Lista para arrendar
Arriendo Normal;FLOD1508;Froilán Roa 5746;La Florida;Florida Capital;1;60;1D1B;;;Si;355000.00;80000.00;3;6;0.00;0;1;0;3;3.00;0;0;75216;SP;32.94;3.35;;0;OK;;2026-09-17;Ejecutado;Si;https://www.assetplan.cl/arriendo/departamento/la-florida/florida-capital/3013/1-dormitorio?unit_id=494028&codigo_referido=;1508;Lista para arrendar
Arriendo Normal;FLOD412;Froilán Roa 5746;La Florida;Florida Capital;1;60;2D1B;;;Si;435000.00;108000.00;3;6;0.00;0;1;0;3;3.00;0;0;75055;SP;44.17;5.19;;0;OK;;2026-08-14;Ejecutado;Si;https://www.assetplan.cl/arriendo/departamento/la-florida/florida-capital/3013/2-dormitorios?unit_id=494065&codigo_referido=;412;Lista para arrendar
Arriendo Normal;FLOD1013;Froilán Roa 5746;La Florida;Florida Capital;1;60;2D1B;;;Si;445000.00;108000.00;3;6;0.00;0;1;0;3;3.00;0;0;75146;NO;43.94;5.19;;0;OK;;2026-09-22;Ejecutado;Si;https://www.assetplan.cl/arriendo/departamento/la-florida/florida-capital/3013/2-dormitorios?unit_id=494078&codigo_referido=;1013;Lista para arrendar
Arriendo Normal;FLOD315;Froilán Roa 5746;La Florida;Florida Capital;1;60;2D2B;;;Si;486000.00;111000.00;3;6;0.00;0;1;0;3;3.00;0;0;75043;NO;47.66;3.24;;0;OK;;2026-08-01;Ejecutado;Si;https://www.assetplan.cl/arriendo/departamento/la-florida/florida-capital/3013/2-dormitorios?unit_id=494099&codigo_referido=;315;Lista para arrendar
Arriendo Normal;VECD204;Av. Vicuña Mackenna 7630;La Florida;Vespucio Capital;1;60;2D1B;;;Si;453000.00;104000.00;3;6;0.00;0;1;0;3;3.00;0;0;113194;NO;40.00;3.00;;0;OK;;;;Si;https://www.assetplan.cl/arriendo/departamento/la-florida/vespucio-capital/3281/2-dormitorios?unit_id=507661&codigo_referido=;204;Lista para arrendar
Arriendo Normal;VECD216;Av. Vicuña Mackenna 7630;La Florida;Vespucio Capital;1;60;1D1B;;;Si;354000.00;75000.00;3;6;0.00;0;1;0;3;3.00;0;0;113205;N;31.00;1.00;;0;OK;;;;Si;https://www.assetplan.cl/arriendo/departamento/la-florida/vespucio-capital/3281/1-dormitorio?unit_id=507672&codigo_referido=;216;Lista para arrendar
Arriendo Normal;VECD217;Av. Vicuña Mackenna 7630;La Florida;Vespucio Capital;1;60;1D1B;;;Si;354000.00;75000.00;3;6;0.00;0;1;0;3;3.00;0;0;113206;N;31.00;1.00;;0;OK;;2026-07-29;Ejecutado;Si;https://www.assetplan.cl/arriendo/departamento/la-florida/vespucio-capital/3281/1-dormitorio?unit_id=507673&codigo_referido=;217;Lista para arrendar
Arriendo Normal;VECD221;Av. Vicuña Mackenna 7630;La Florida;Vespucio Capital;1;60;2D1B;;;Si;448000.00;107000.00;3;6;0.00;0;1;0;3;3.00;0;0;113210;P;40.00;5.00;;0;OK;;;;Si;https://www.assetplan.cl/arriendo/departamento/la-florida/vespucio-capital/3281/2-dormitorios?unit_id=507677&codigo_referido=;221;Lista para arrendar
Arriendo Normal;VECD226;Av. Vicuña Mackenna 7630;La Florida;Vespucio Capital;1;60;2D2B;;;Si;493000.00;107000.00;3;6;0.00;0;1;0;3;3.00;0;0;113215;O;45.00;6.00;;0;OK;;2026-09-02;Ejecutado;Si;https://www.assetplan.cl/arriendo/departamento/la-florida/vespucio-capital/3281/2-dormitorios?unit_id=507682&codigo_referido=;226;Lista para arrendar
Arriendo Normal;VECD302;Av. Vicuña Mackenna 7630;La Florida;Vespucio Capital;1;60;2D1B;;;Si;451000.00;102000.00;3;6;0.00;0;1;0;3;3.00;0;0;113219;N;39.00;3.00;;0;OK;Bloqueado por cambio momentaneo 307 (reparacion de techo);;;Si;https://www.assetplan.cl/arriendo/departamento/la-florida/vespucio-capital/3281/2-dormitorios?unit_id=507686&codigo_referido=;302;Lista para arrendar
Arriendo Normal;VECD304;Av. Vicuña Mackenna 7630;La Florida;Vespucio Capital;1;60;2D1B;;;Si;454000.00;104000.00;3;6;0.00;0;1;0;3;3.00;0;0;113221;NO;40.00;3.00;;0;OK;;;;Si;https://www.assetplan.cl/arriendo/departamento/la-florida/vespucio-capital/3281/2-dormitorios?unit_id=507688&codigo_referido=;304;Lista para arrendar
Arriendo Normal;VECD321;Av. Vicuña Mackenna 7630;La Florida;Vespucio Capital;1;60;2D1B;;;Si;450000.00;107000.00;3;6;0.00;0;1;0;3;3.00;0;0;113238;P;40.00;5.00;;0;OK;;;;Si;https://www.assetplan.cl/arriendo/departamento/la-florida/vespucio-capital/3281/2-dormitorios?unit_id=507705&codigo_referido=;321;Lista para arrendar
Arriendo Normal;VECD323;Av. Vicuña Mackenna 7630;La Florida;Vespucio Capital;1;60;2D2B;;;Si;492000.00;112000.00;3;6;0.00;0;1;0;3;3.00;0;0;113240;NP;47.00;6.00;;0;OK;;;;Si;https://www.assetplan.cl/arriendo/departamento/la-florida/vespucio-capital/3281/2-dormitorios?unit_id=507707&codigo_referido=;323;Lista para arrendar
Arriendo Normal;VECD402;Av. Vicuña Mackenna 7630;La Florida;Vespucio Capital;1;60;2D1B;;;Si;452000.00;102000.00;3;6;0.00;0;1;0;3;3.00;0;0;113247;N;39.00;3.00;;0;OK;;;;Si;https://www.assetplan.cl/arriendo/departamento/la-florida/vespucio-capital/3281/2-dormitorios?unit_id=507714&codigo_referido=;402;Lista para arrendar
Arriendo Normal;VECD423;Av. Vicuña Mackenna 7630;La Florida;Vespucio Capital;1;60;2D2B;;;Si;493000.00;112000.00;3;6;0.00;0;1;0;3;3.00;0;0;113268;NP;47.00;6.00;;0;OK;;;;Si;https://www.assetplan.cl/arriendo/departamento/la-florida/vespucio-capital/3281/2-dormitorios?unit_id=507735&codigo_referido=;423;Lista para arrendar
Arriendo Normal;VECD523;Av. Vicuña Mackenna 7630;La Florida;Vespucio Capital;1;60;2D2B;;;Si;495000.00;112000.00;3;6;0.00;0;1;0;3;3.00;0;0;113296;NP;47.00;6.00;;0;OK;;;;Si;https://www.assetplan.cl/arriendo/departamento/la-florida/vespucio-capital/3281/2-dormitorios?unit_id=507763&codigo_referido=;523;Lista para arrendar
Arriendo Normal;VECD616;Av. Vicuña Mackenna 7630;La Florida;Vespucio Capital;1;60;1D1B;;;No;358000.00;75000.00;3;6;0.00;0;1;0;3;3.00;0;0;113317;N;31.00;1.00;;0;OK;;2026-09-26;Trabajando;Si;https://www.assetplan.cl/arriendo/departamento/la-florida/vespucio-capital/3281/1-dormitorio?unit_id=507784&codigo_referido=;616;Re-acondicionamiento
Arriendo Normal;VECD712;Av. Vicuña Mackenna 7630;La Florida;Vespucio Capital;1;60;1D1B;;;Si;352000.00;77000.00;3;6;50.00;1;1;0;3;3.00;0;0;113341;S;31.00;3.00;;0;OK;piloto;2026-09-26;Ejecutado;Si;https://www.assetplan.cl/arriendo/departamento/la-florida/vespucio-capital/3281/1-dormitorio?unit_id=507808&codigo_referido=;712;Lista para arrendar
Arriendo Normal;VECD915;Av. Vicuña Mackenna 7630;La Florida;Vespucio Capital;1;60;1D1B;;;No;360000.00;80000.00;3;6;0.00;0;1;0;3;3.00;0;0;113396;NP;33.00;1.00;;0;OK;;;Enviado;Si;https://www.assetplan.cl/arriendo/departamento/la-florida/vespucio-capital/3281/1-dormitorio?unit_id=507863&codigo_referido=;915;Re-acondicionamiento
Arriendo Normal;VECD1123;Av. Vicuña Mackenna 7630;La Florida;Vespucio Capital;1;60;2D2B;;;Si;499000.00;112000.00;3;6;0.00;0;1;0;3;3.00;0;0;113433;NP;47.00;6.00;;0;OK;;2026-08-29;Ejecutado;Si;https://www.assetplan.cl/arriendo/departamento/la-florida/vespucio-capital/3281/2-dormitorios?unit_id=507900&codigo_referido=;1123;Lista para arrendar
Arriendo Normal;VECD1423;Av. Vicuña Mackenna 7630;La Florida;Vespucio Capital;1;60;2D2B;;;Si;500000.00;112000.00;3;6;0.00;0;1;0;3;3.00;0;0;113465;NP;47.00;6.00;;0;OK;;;;Si;https://www.assetplan.cl/arriendo/departamento/la-florida/vespucio-capital/3281/2-dormitorios?unit_id=507932&codigo_referido=;1423;Lista para arrendar
Arriendo Normal;ACTVM82090;Av. Vicuña Mackenna 6896;La Florida;Vicuña Mackenna;0;30;1D1B;;;Si;350000.00;45000.00;12;0;30.00;0;1;0;3;3.00;1;0;130476;P;30.08;1.17;Ofic. Santa Lucía;0;OK;ESBT ACTIVOMAS
solicitar QR con 12 horas por lo menos de anticipación en horario laboral y fuera de horario debe ser con el propietario;;;No;https://www.assetplan.cl/arriendo/departamento/la-florida/vicuna-mackenna/3907/retail/533297?codigo_referido=;414;Lista para arrendar
Arriendo Normal;ACTVM82125;Av. Vicuña Mackenna 6896;La Florida;Vicuña Mackenna;0;30;1D1B;;;Si;320000.00;45000.00;12;0;50.00;1;1;0;3;3.00;1;0;130516;S;30.58;0.00;Ofic. Santa Lucía;0;OK;ESBT ACTIVOMAS
solicitar QR con 12 horas por lo menos de anticipación en horario laboral y fuera de horario debe ser con el propietario;;;Si;https://www.assetplan.cl/arriendo/departamento/la-florida/vicuna-mackenna/3907/retail/533358?codigo_referido=;1305;Lista para arrendar
Arriendo Normal;ACTVM82126;Av. Vicuña Mackenna 6896;La Florida;Vicuña Mackenna;0;30;1D1B;;;Si;380000.00;45000.00;12;0;30.00;1;1;0;3;3.00;1;0;130517;P;30.08;1.17;Ofic. Santa Lucía;0;OK;ESBT ACTIVOMAS
solicitar QR con 12 horas por lo menos de anticipación en horario laboral y fuera de horario debe ser con el propietario;;;No;https://www.assetplan.cl/arriendo/departamento/la-florida/vicuna-mackenna/3907/retail/533359?codigo_referido=;514;Lista para arrendar
Arriendo Normal;ACTVM82127;Av. Vicuña Mackenna 6896;La Florida;Vicuña Mackenna;0;30;1D1B;;;Si;380000.00;45000.00;12;0;30.00;1;1;0;3;3.00;1;0;130518;P;33.98;2.32;Ofic. Santa Lucía;0;OK;ESBT ACTIVOMAS
solicitar QR con 12 horas por lo menos de anticipación en horario laboral y fuera de horario debe ser con el propietario;;;No;https://www.assetplan.cl/arriendo/departamento/la-florida/vicuna-mackenna/3907/retail/533360?codigo_referido=;515;Lista para arrendar
Arriendo Normal;82805;Av. Vicuña Mackenna 6896;La Florida;Vicuña Mackenna;0;30;1D1B;;;Si;300000.00;45000.00;12;0;50.00;1;1;0;3;3.00;1;0;131326;O;25.00;0.00;;0;OK;23/9 No visitar, no hay acceso para la chapa electrónica, se está revisando internamente. Cualquier cosa antes de visitar, confirmar con Soporte.;;;No;https://www.assetplan.cl/arriendo/departamento/la-florida/vicuna-mackenna/3907/retail/534399?codigo_referido=;209;Lista para arrendar
Arriendo Normal;ACTVM83020;Av. Vicuña Mackenna 6896;La Florida;Vicuña Mackenna;0;30;1D1B;;;Si;350000.00;45000.00;12;0;50.00;1;1;0;3;3.00;1;0;131806;P;30.52;1.29;;0;OK;ESBT ACTIVOMAS
solicitar QR con 12 horas por lo menos de anticipación en horario laboral y fuera de horario debe ser con el propietario
clave candado 4374
;;;Si;https://www.assetplan.cl/arriendo/departamento/la-florida/vicuna-mackenna/3907/retail/534781?codigo_referido=;518;Lista para arrendar
Arriendo Normal;83216;Av. Vicuña Mackenna 6896;La Florida;Vicuña Mackenna;0;30;1D1B;;;Si;340000.00;45000.00;12;0;50.00;1;1;0;3;3.00;1;0;132060;SO;30.00;0.00;Ofic. Santa Lucía;0;OK;;;;No;https://www.assetplan.cl/arriendo/departamento/la-florida/vicuna-mackenna/3907/retail/535130?codigo_referido=;1205;Lista para arrendar
Arriendo Normal;83229;Av. Vicuña Mackenna 6896;La Florida;Vicuña Mackenna;0;30;Estudio;;;Si;320000.00;15000.00;12;0;0.00;0;1;0;1;3.00;1;0;132076;P;23.41;1.17;;0;NOK;;;;No;https://www.assetplan.cl/arriendo/departamento/la-florida/vicuna-mackenna/3907/retail/535158?codigo_referido=;417;Lista para arrendar
Arriendo Normal;83258;Av. Vicuña Mackenna 6896;La Florida;Vicuña Mackenna;0;30;1D1B;;;Si;350000.00;45000.00;12;0;50.00;1;1;0;3;3.00;1;0;148507;P;27.00;4.00;Ofic. Santa Lucía;0;NOK;;;;No;https://www.assetplan.cl/arriendo/departamento/la-florida/vicuna-mackenna/3907/retail/535226?codigo_referido=;810;Lista para arrendar
Arriendo Normal;83373;Av. Vicuña Mackenna 6896;La Florida;Vicuña Mackenna;0;30;1D1B;;8;Si;350000.00;45000.00;12;0;50.00;1;1;0;3;3.00;1;0;148720;SP;0.00;0.00;Ofic. Santa Lucía;0;OK;;;;Si;https://www.assetplan.cl/arriendo/departamento/la-florida/vicuna-mackenna/3907/retail/535524?codigo_referido=;416;Lista para arrendar
Arriendo Normal;83435;Av. Vicuña Mackenna 6896;La Florida;Vicuña Mackenna;0;30;1D1B;;;Si;380000.00;45000.00;12;0;0.00;0;1;0;3;3.00;1;0;148808;P;29.00;2.00;;0;OK;SVL;;;Si;https://www.assetplan.cl/arriendo/departamento/la-florida/vicuna-mackenna/3907/retail/535646?codigo_referido=;1116;Lista para arrendar
Arriendo Normal;83436;Av. Vicuña Mackenna 6896;La Florida;Vicuña Mackenna;0;30;1D1B;;;Si;380000.00;45000.00;12;0;0.00;0;1;0;3;3.00;1;0;148809;P;31.00;2.00;;0;OK;SVL;;;Si;https://www.assetplan.cl/arriendo/departamento/la-florida/vicuna-mackenna/3907/retail/535647?codigo_referido=;1216;Re-acondicionamiento
Arriendo Normal;VERD503;Las Verbenas 9001;Las Condes;Las Verbenas;1;30;2D2B;220;220;Si;1183000;178000;3;0;0.00;0;1;0;3;3.00;1;0;53651;N;60.44;16.14;;0;OK;;;;Si;https://www.assetplan.cl/arriendo/departamento/las-condes/las-verbenas/1971/2-dormitorios?unit_id=458981&codigo_referido=;503;Lista para arrendar
Arriendo Normal;VERD505;Las Verbenas 9001;Las Condes;Las Verbenas;1;30;2D2B;x;x;Si;1183000;178000;3;0;50.00;1;1;0;3;3.00;1;0;53653;N;60.42;16.14;;0;OK;Unidad no puede ser arrendada hasta que no se libere, estará aproximadamente un mes ihnabilitada.;;;Si;https://www.assetplan.cl/arriendo/departamento/las-condes/las-verbenas/1971/2-dormitorios?unit_id=458983&codigo_referido=;505;Lista para arrendar
Arriendo Normal;VERD704;Las Verbenas 9001;Las Condes;Las Verbenas;1;30;2D2B;;;Si;1203000.00;178000.00;3;0;0.00;0;1;0;3;3.00;1;0;53668;N;60.42;16.14;;0;OK;;;;Si;https://www.assetplan.cl/arriendo/departamento/las-condes/las-verbenas/1971/2-dormitorios?unit_id=458998&codigo_referido=;704;Lista para arrendar
Arriendo Normal;VERD801;Las Verbenas 9001;Las Condes;Las Verbenas;1;30;1D1B;226;226;Si;726000;124000;3;0;0.00;0;1;0;3;3.00;1;0;53673;SO;36.58;0.00;;0;OK;;;;Si;https://www.assetplan.cl/arriendo/departamento/las-condes/las-verbenas/1971/1-dormitorio?unit_id=459003&codigo_referido=;801;Lista para arrendar
Arriendo Normal;VERD805;Las Verbenas 9001;Las Condes;Las Verbenas;1;30;2D2B;;;Si;1198000.00;178000.00;3;0;50.00;1;1;0;3;3.00;1;0;53677;N;60.42;16.14;;0;OK;;;;Si;https://www.assetplan.cl/arriendo/departamento/las-condes/las-verbenas/1971/2-dormitorios?unit_id=459007&codigo_referido=;805;Lista para arrendar
Arriendo Normal;VERD1006;Las Verbenas 9001;Las Condes;Las Verbenas;1;30;2D2B;229 A y B;229;Si;1156000;162000;3;0;50.00;1;1;0;3;3.00;1;0;53638;N;55.05;14.12;;0;OK;;;;Si;https://www.assetplan.cl/arriendo/departamento/las-condes/las-verbenas/1971/2-dormitorios?unit_id=459024&codigo_referido=;1006;Lista para arrendar
Arriendo Normal;ALND51;Augusto Leguía Nte. 70;Las Condes;Augusto Leguia - MF;1;30;2D2B;;;Si;1319000.00;209000.00;3;0;0.00;0;1;0.5;3;3.00;0;0;61777;N;64.54;7.58;;0;OK;;2026-09-09;Ejecutado;Si;https://www.assetplan.cl/arriendo/departamento/las-condes/augusto-leguia-mf/2646/2-dormitorios?unit_id=475268&codigo_referido=;51;Lista para arrendar
Arriendo Normal;ALND101;Augusto Leguía Nte. 70;Las Condes;Augusto Leguia - MF;1;30;2D2B;;;Si;1320000.00;210000.00;3;0;0.00;0;1;0.5;3;3.00;0;0;61757;N;64.54;8.10;;0;OK;;2026-08-28;Ejecutado;Si;https://www.assetplan.cl/arriendo/departamento/las-condes/augusto-leguia-mf/2646/2-dormitorios?unit_id=475288&codigo_referido=;101;Lista para arrendar
Arriendo Normal;ALND111;Augusto Leguía Nte. 70;Las Condes;Augusto Leguia - MF;1;30;2D2B;;;No;1329000.00;210000.00;3;0;0.00;0;1;0.5;3;3.00;0;0;61753;N;64.54;8.10;;0;OK;;;Enviado;Si;https://www.assetplan.cl/arriendo/departamento/las-condes/augusto-leguia-mf/2646/2-dormitorios?unit_id=475292&codigo_referido=;111;Re-acondicionamiento
Arriendo Normal;AJMD209;Juan Mitjans 135;Macul;Activa Juan Mitjans;1;30;1D1B;;;Si;400000.00;85000.00;3;0;0.00;0;1;0.5;3;3.00;1;0;36123;;35.80;4.20;;0;OK;;2026-04-25;Ejecutado;Si;https://www.assetplan.cl/arriendo/departamento/macul/activa-juan-mitjans/1225/1-dormitorio?unit_id=439323&codigo_referido=;209;Lista para arrendar
Arriendo Normal;AJMD307;Juan Mitjans 135;Macul;Activa Juan Mitjans;1;30;2D2B;;;No;577000.00;117000.00;3;0;0.00;0;1;0.5;3;3.00;1;0;36055;;53.20;3.80;;0;OK;;2024-10-03;Ejecutado;Si;https://www.assetplan.cl/arriendo/departamento/macul/activa-juan-mitjans/1225/2-dormitorios?unit_id=439330&codigo_referido=;307;Re-acondicionamiento
Arriendo Normal;AJMD405;Juan Mitjans 135;Macul;Activa Juan Mitjans;1;30;1D1B;;;Si;405000.00;81000.00;3;0;0.00;0;1;0.5;3;3.00;1;0;36110;O;34.10;4.20;;0;OK;check out del 11-06-2024;2026-09-16;Ejecutado;Si;https://www.assetplan.cl/arriendo/departamento/macul/activa-juan-mitjans/1225/1-dormitorio?unit_id=439337&codigo_referido=;405;Lista para arrendar
Arriendo Normal;AJMD708;Juan Mitjans 135;Macul;Activa Juan Mitjans;1;30;2D2B;;;Si;584000.00;117000.00;3;0;0.00;0;1;0.5;3;3.00;1;0;36065;P;53.20;3.80;;0;OK;;2026-09-14;Ejecutado;Si;https://www.assetplan.cl/arriendo/departamento/macul/activa-juan-mitjans/1225/2-dormitorios?unit_id=439367&codigo_referido=;708;Lista para arrendar
Arriendo Normal;AJMD1009;Juan Mitjans 135;Macul;Activa Juan Mitjans;1;30;1D1B;;;No;440000.00;85000.00;3;0;0.00;0;1;0.5;3;3.00;1;0;36112;P;35.80;4.20;Edificio Multifamily;0;OK;;2025-02-20;Ejecutado;Si;https://www.assetplan.cl/arriendo/departamento/macul/activa-juan-mitjans/1225/1-dormitorio?unit_id=439395&codigo_referido=;1009;Re-acondicionamiento
Arriendo Normal;AJMD1306;Juan Mitjans 135;Macul;Activa Juan Mitjans;1;30;1D1B;;;Si;415000.00;81000.00;3;0;0.00;0;1;0.5;3;3.00;1;0;36087;O;34.10;4.20;;0;OK;;2026-09-10;Ejecutado;Si;https://www.assetplan.cl/arriendo/departamento/macul/activa-juan-mitjans/1225/1-dormitorio?unit_id=439419&codigo_referido=;1306;Lista para arrendar
Arriendo Normal;AJMD1402;Juan Mitjans 135;Macul;Activa Juan Mitjans;1;30;3D2B;;;No;714000.00;144000.00;3;0;0.00;0;1;0.5;3;3.00;1;0;35970;NP;63.60;5.10;Edificio Multifamily;0;OK;;2025-03-06;Ejecutado;Si;https://www.assetplan.cl/arriendo/departamento/macul/activa-juan-mitjans/1225/3-dormitorios?unit_id=439424&codigo_referido=;1402;Re-acondicionamiento
Arriendo Normal;AJMD1608;Juan Mitjans 135;Macul;Activa Juan Mitjans;1;30;2D2B;;;Si;580000.00;123000.00;3;0;0.00;0;1;0.5;3;3.00;1;0;36050;P;53.20;3.80;Edificio Multifamily;0;OK;piloto;2026-07-11;Ejecutado;Si;https://www.assetplan.cl/arriendo/departamento/macul/activa-juan-mitjans/1225/2-dormitorios?unit_id=439448&codigo_referido=;1608;Lista para arrendar
Arriendo Normal;AJMD1803;Juan Mitjans 135;Macul;Activa Juan Mitjans;1;30;2D2B;;;Si;600000.00;120000.00;3;0;0.00;0;1;0.5;3;3.00;1;0;36015;NP;50.00;8.30;;0;OK;;;En revisión;Si;https://www.assetplan.cl/arriendo/departamento/macul/activa-juan-mitjans/1225/2-dormitorios?unit_id=439461&codigo_referido=;1803;Lista para arrendar
Arriendo Normal;AJMD1809;Juan Mitjans 135;Macul;Activa Juan Mitjans;1;30;1D1B;;;Si;430000.00;85000.00;3;0;0.00;0;1;0.5;3;3.00;1;0;36104;P;35.80;4.20;;0;OK;;2026-07-31;Ejecutado;Si;https://www.assetplan.cl/arriendo/departamento/macul/activa-juan-mitjans/1225/1-dormitorio?unit_id=439467&codigo_referido=;1809;Lista para arrendar
Arriendo Normal;PIXD402;San Pío X 2555;Providencia;Pio X;1;30;1D1B;;;No;755000.00;143000.00;3;0;0.00;0;1;0;3;3.00;0;0;13711;N;41.14;5.47;;0;OK;;;Enviado;Si;https://www.assetplan.cl/arriendo/departamento/providencia/pio-x/900/1-dormitorio?unit_id=329466&codigo_referido=;402;Re-acondicionamiento
Arriendo Normal;PIXD405;San Pío X 2555;Providencia;Pio X;1;30;1D1B;;;Si;705000.00;124000.00;3;0;0.00;0;1;0;3;3.00;0;0;13714;O;34.66;7.04;;0;NOK;;2026-08-26;Ejecutado;Si;https://www.assetplan.cl/arriendo/departamento/providencia/pio-x/900/1-dormitorio?unit_id=329469&codigo_referido=;405;Lista para arrendar
Arriendo Normal;PIXD903;San Pío X 2555;Providencia;Pio X;1;30;1D1B;;;Si;705000.00;124000.00;3;0;0.00;0;1;0;3;3.00;0;0;13747;O;34.66;7.04;;0;OK;;2026-07-22;Ejecutado;Si;https://www.assetplan.cl/arriendo/departamento/providencia/pio-x/900/1-dormitorio?unit_id=329502&codigo_referido=;903;Lista para arrendar
Arriendo Normal;PIXD907;San Pío X 2555;Providencia;Pio X;1;30;1D1B;;;Si;703000.00;122000.00;3;0;0.00;0;1;0;3;3.00;0;0;13751;P;34.23;6.16;;0;OK;;2026-07-22;Ejecutado;Si;https://www.assetplan.cl/arriendo/departamento/providencia/pio-x/900/1-dormitorio?unit_id=329506&codigo_referido=;907;Lista para arrendar
Arriendo Normal;PIXD1303;San Pío X 2555;Providencia;Pio X;1;30;1D1B;;;Si;722000.00;124000.00;3;0;0.00;0;1;0;3;3.00;0;0;13775;O;34.66;7.04;;0;OK;check out del 07-03-24;2026-09-09;Ejecutado;Si;https://www.assetplan.cl/arriendo/departamento/providencia/pio-x/900/1-dormitorio?unit_id=329530&codigo_referido=;1303;Lista para arrendar
Arriendo Normal;PIXD1804;San Pío X 2555;Providencia;Pio X;1;30;1D1B;;;Si;725000.00;124000.00;3;0;0.00;0;1;0;3;3.00;0;0;13811;O;36.41;7.57;;0;OK;Entrega inmediata, Depto al 100%;2026-09-09;Ejecutado;Si;https://www.assetplan.cl/arriendo/departamento/providencia/pio-x/900/1-dormitorio?unit_id=329566&codigo_referido=;1804;Lista para arrendar
Arriendo Normal;PIXD1807;San Pío X 2555;Providencia;Pio X;1;30;1D1B;;;Si;720000.00;122000.00;3;0;0.00;0;1;0;3;3.00;0;0;13814;P;34.23;6.16;;0;OK;Entrega inmediata, Depto al 100% /cambio depto 205;2026-09-09;Ejecutado;Si;https://www.assetplan.cl/arriendo/departamento/providencia/pio-x/900/1-dormitorio?unit_id=329569&codigo_referido=;1807;Lista para arrendar
Arriendo Normal;PIXD1905;San Pío X 2555;Providencia;Pio X;1;30;1D1B;;;Si;727000.00;124000.00;3;0;0.00;0;1;0;1;3.00;0;0;13819;O;34.66;7.04;;0;OK;Entrega Inmediata, Depto al 100%;2026-09-22;Ejecutado;Si;https://www.assetplan.cl/arriendo/departamento/providencia/pio-x/900/1-dormitorio?unit_id=329574&codigo_referido=;1905;Lista para arrendar
Arriendo Normal;FITD211;Av. Francisco Bilbao 489;Providencia;Factoria Italia;1;30;Estudio;;;Si;460000.00;97000.00;3;0;0.00;0;1;0;3;3.00;0;0;38088;P;30.00;;;0;OK;;2026-07-27;Ejecutado;Si;https://www.assetplan.cl/arriendo/departamento/providencia/factoria-italia/1539/estudio?unit_id=449188&codigo_referido=;211;Lista para arrendar
Arriendo Normal;ALFD209;Alférez Real 1050;Providencia;Alférez Real;1;30;1D1B;;61;Si;900000.00;110000.00;3;6;50.00;1;1;0;3;2.50;0;0;111766;N;46.27;12.39;;0;OK;;2026-06-27;Ejecutado;Si;https://www.assetplan.cl/arriendo/departamento/providencia/alferez-real/3203/1-dormitorio?unit_id=505002&codigo_referido=;209;Lista para arrendar
Arriendo Normal;ALFD304;Alférez Real 1050;Providencia;Alférez Real;1;30;2D2B;;25;Si;1350000.00;228000.00;3;6;50.00;1;1;0;3;2.50;0;0;111772;S;79.02;17.89;;0;OK;;2026-07-28;Ejecutado;Si;https://www.assetplan.cl/arriendo/departamento/providencia/alferez-real/3203/2-dormitorios?unit_id=505008&codigo_referido=;304;Lista para arrendar
Arriendo Normal;ALFD309;Alférez Real 1050;Providencia;Alférez Real;1;30;1D1B;;;Si;1000000.00;126000.00;3;6;50.00;1;1;0;3;2.50;0;0;111777;N;46.27;10.57;;0;OK;;2026-09-10;Ejecutado;Si;https://www.assetplan.cl/arriendo/departamento/providencia/alferez-real/3203/1-dormitorio?unit_id=505013&codigo_referido=;309;Lista para arrendar
Arriendo Normal;ALFD504;Alférez Real 1050;Providencia;Alférez Real;1;30;2D2B;;68;Si;1389000.00;228000.00;3;6;50.00;1;1;0;3;2.50;0;0;111793;S;79.02;17.89;;0;OK;;2026-07-28;Ejecutado;Si;https://www.assetplan.cl/arriendo/departamento/providencia/alferez-real/3203/2-dormitorios?unit_id=505028&codigo_referido=;504;Lista para arrendar
Arriendo Normal;ALFD508;Alférez Real 1050;Providencia;Alférez Real;1;30;3D2B;;14;No;1500000.00;285000.00;3;6;50.00;1;1;0;3;2.50;0;0;111797;S;104.35;20.08;;0;OK;;;Enviado;Si;https://www.assetplan.cl/arriendo/departamento/providencia/alferez-real/3203/3-dormitorios?unit_id=505032&codigo_referido=;508;Re-acondicionamiento
Arriendo Normal;DGOD202;Santo Domingo 4272;Quinta Normal;Santo Domingo - MF;1;30;Estudio;;;Si;265000.00;78000.00;3;0;50.00;2;1;0;3;3.00;0;0;51303;N;27.50;5.26;;0;NOK;;2026-09-08;Ejecutado;Si;https://www.assetplan.cl/arriendo/departamento/quinta-normal/santo-domingo-mf/313/estudio?unit_id=97843&codigo_referido=;202;Lista para arrendar
Arriendo Normal;DGOD301;Santo Domingo 4272;Quinta Normal;Santo Domingo - MF;1;30;Estudio;;;No;279000.00;98000.00;3;0;50.00;1;1;0;3;3.00;0;0;50904;N;34.30;7.20;;0;OK;;2024-08-06;Ejecutado;Si;https://www.assetplan.cl/arriendo/departamento/quinta-normal/santo-domingo-mf/313/estudio?unit_id=97863&codigo_referido=;301;Re-acondicionamiento
Arriendo Normal;DGOD314;Santo Domingo 4272;Quinta Normal;Santo Domingo - MF;1;30;Estudio;;;Si;266000.00;94000.00;3;6;50.00;2;1;0;3;3.00;0;0;51333;S;34.60;3.10;;0;NOK;;2026-08-28;Ejecutado;Si;https://www.assetplan.cl/arriendo/departamento/quinta-normal/santo-domingo-mf/313/estudio?unit_id=97876&codigo_referido=;314;Lista para arrendar
Arriendo Normal;DGOD318;Santo Domingo 4272;Quinta Normal;Santo Domingo - MF;1;30;Estudio;;;No;268000.00;77000.00;3;0;0.00;0;1;0;3;3.00;0;0;50906;N;28.20;2.74;;0;OK;;2025-12-23;Ejecutado;Si;https://www.assetplan.cl/arriendo/departamento/quinta-normal/santo-domingo-mf/313/estudio?unit_id=97880&codigo_referido=;318;Re-acondicionamiento
Arriendo Normal;DGOD522;Santo Domingo 4272;Quinta Normal;Santo Domingo - MF;1;30;1D1B;;;Si;304000.00;80000.00;3;6;50.00;2;1;0;3;3.00;0;0;51362;O;29.00;2.56;;0;OK;;2026-07-20;Ejecutado;Si;https://www.assetplan.cl/arriendo/departamento/quinta-normal/santo-domingo-mf/313/1-dormitorio?unit_id=97915&codigo_referido=;522;Lista para arrendar
Arriendo Normal;DGOD613;Santo Domingo 4272;Quinta Normal;Santo Domingo - MF;1;30;1D1B;;;No;300000.00;78000.00;3;0;50.00;1;1;0;3;3.00;0;0;51372;O;28.27;2.56;;0;NOK;;;Enviado;Si;https://www.assetplan.cl/arriendo/departamento/quinta-normal/santo-domingo-mf/313/1-dormitorio?unit_id=97926&codigo_referido=;613;Re-acondicionamiento
Arriendo Normal;DGOD708;Santo Domingo 4272;Quinta Normal;Santo Domingo - MF;1;30;1D1B;;;Si;300000.00;80000.00;3;6;50.00;2;1;0;3;3.00;0;0;51380;P;29.00;2.56;;0;NOK;;2026-08-31;Ejecutado;Si;https://www.assetplan.cl/arriendo/departamento/quinta-normal/santo-domingo-mf/313/1-dormitorio?unit_id=97937&codigo_referido=;708;Lista para arrendar
Arriendo Normal;DGOD712;Santo Domingo 4272;Quinta Normal;Santo Domingo - MF;1;30;1D1B;;;Si;302000.00;80000.00;3;6;50.00;2;1;0;3;3.00;0;0;51384;O;29.00;2.56;;0;NOK;;2026-09-21;Ejecutado;Si;https://www.assetplan.cl/arriendo/departamento/quinta-normal/santo-domingo-mf/313/1-dormitorio?unit_id=97941&codigo_referido=;712;Lista para arrendar
Arriendo Normal;DGOD722;Santo Domingo 4272;Quinta Normal;Santo Domingo - MF;1;30;1D1B;;;No;302000.00;80000.00;3;0;25.00;1;1;0;3;3.00;0;0;51390;O;29.00;2.56;;0;NOK;;2025-12-09;Ejecutado;Si;https://www.assetplan.cl/arriendo/departamento/quinta-normal/santo-domingo-mf/313/1-dormitorio?unit_id=97947&codigo_referido=;722;Re-acondicionamiento
Arriendo Normal;DGOD812;Santo Domingo 4272;Quinta Normal;Santo Domingo - MF;1;30;1D1B;;;Si;302000.00;80000.00;3;12;50.00;2;1;0;3;3.00;0;0;51400;O;29.00;2.56;;0;NOK;;2026-08-14;Ejecutado;Si;https://www.assetplan.cl/arriendo/departamento/quinta-normal/santo-domingo-mf/313/1-dormitorio?unit_id=97957&codigo_referido=;812;Lista para arrendar
Arriendo Normal;DGOD906;Santo Domingo 4272;Quinta Normal;Santo Domingo - MF;1;30;Estudio;;;Si;260000.00;70000.00;3;6;50.00;2;1;0;3;3.00;0;0;51409;P;25.90;2.30;;0;NOK;;2026-09-04;Ejecutado;Si;https://www.assetplan.cl/arriendo/departamento/quinta-normal/santo-domingo-mf/313/estudio?unit_id=97967&codigo_referido=;906;Lista para arrendar
Arriendo Normal;DGOD915;Santo Domingo 4272;Quinta Normal;Santo Domingo - MF;1;30;1D1B;;;Si;301000.00;79000.00;3;6;50.00;2;1;0;3;3.00;0;0;51417;O;28.48;2.56;;0;NOK;;2026-09-14;Ejecutado;Si;https://www.assetplan.cl/arriendo/departamento/quinta-normal/santo-domingo-mf/313/1-dormitorio?unit_id=97975&codigo_referido=;915;Lista para arrendar
Arriendo Normal;DGOD1009;Santo Domingo 4272;Quinta Normal;Santo Domingo - MF;1;30;1D1B;;;Si;295000.00;78000.00;3;12;50.00;2;1;0;3;3.00;0;0;51427;P;28.20;2.56;;0;NOK;;2026-07-28;Ejecutado;Si;https://www.assetplan.cl/arriendo/departamento/quinta-normal/santo-domingo-mf/313/1-dormitorio?unit_id=97986&codigo_referido=;1009;Lista para arrendar
Arriendo Normal;DGOD1217;Santo Domingo 4272;Quinta Normal;Santo Domingo - MF;1;30;Estudio;;;No;279000.00;68000.00;3;0;50.00;1;1;0;3;3.00;0;0;51454;O;25.28;2.30;;0;NOK;NO TOMAR EN ESPERA DE CAMBIO 07-10-2025 MVGV (HC);2025-10-08;Ejecutado;Si;https://www.assetplan.cl/arriendo/departamento/quinta-normal/santo-domingo-mf/313/estudio?unit_id=98016&codigo_referido=;1217;Re-acondicionamiento
Arriendo Normal;BRGD202;Radal 1227;Quinta Normal;Borgetto;1;30;1D1B;;;Si;349000.00;70000.00;3;6;50.00;2;1;0;3;3.00;0;0;8303;S;32.70;2.90;;0;OK;Reservado para la Fundacion;2026-07-04;Ejecutado;Si;https://www.assetplan.cl/arriendo/departamento/quinta-normal/borgetto/622/1-dormitorio?unit_id=217306&codigo_referido=;202;Lista para arrendar
Arriendo Normal;BRGD504;Radal 1227;Quinta Normal;Borgetto;1;30;2D1B (3C);;;Si;330000.00;90000.00;3;6;50.00;2;1;0;3;3.00;0;0;8355;O;41.20;5.90;;0;NOK;;2026-09-18;Ejecutado;Si;https://www.assetplan.cl/arriendo/departamento/quinta-normal/borgetto/622/2-dormitorios?unit_id=217358&codigo_referido=;504;Lista para arrendar
Arriendo Normal;BRGD512;Radal 1227;Quinta Normal;Borgetto;1;30;2D1B (4C);;;No;398000.00;116000.00;3;6;50.00;2;1;0;1;3.00;0;0;8363;P;51.40;8.90;;0;OK;;2026-09-28;Ejecutado;Si;;512;Esperando check-in
Arriendo Normal;BRGD813;Radal 1227;Quinta Normal;Borgetto;1;30;3D1B;;;No;385000.00;118000.00;3;6;0.00;0;1;0;3;3.00;0;0;8415;P;54.20;6.70;;0;OK;Esta pendiente la reparación de muro de la logia por filtración ya corregida. Esta reparación corresponde a la inmobiliaria+ ;2021-10-04;;Si;https://www.assetplan.cl/arriendo/departamento/quinta-normal/borgetto/622/3-dormitorios?unit_id=217418&codigo_referido=;813;Re-acondicionamiento
Arriendo Normal;BRGD1005;Radal 1227;Quinta Normal;Borgetto;1;30;2D1B (3C);;;No;332000.00;90000.00;3;6;0.00;0;1;0;3;3.00;0;0;8441;O;41.20;5.90;Edificio Multifamily;0;OK;;1994-02-01;;Si;https://www.assetplan.cl/arriendo/departamento/quinta-normal/borgetto/622/2-dormitorios?unit_id=217444&codigo_referido=;1005;Re-acondicionamiento
Arriendo Normal;BRGD1107;Radal 1227;Quinta Normal;Borgetto;1;30;1D1B;;;Si;364000.00;73000.00;3;6;50.00;2;1;0;3;3.00;0;0;8460;N;32.70;6.20;Edificio Multifamily;0;NOK;SC 31-03-23 LLAVES;2026-09-03;Ejecutado;Si;https://www.assetplan.cl/arriendo/departamento/quinta-normal/borgetto/622/1-dormitorio?unit_id=217463&codigo_referido=;1107;Lista para arrendar
Arriendo Normal;BRGD1109;Radal 1227;Quinta Normal;Borgetto;1;30;3D1B;;;Si;379000.00;118000.00;3;6;50.00;2;1;0;3;3.00;0;0;8462;NP;56.60;5.70;;0;NOK;;2026-09-03;Ejecutado;Si;https://www.assetplan.cl/arriendo/departamento/quinta-normal/borgetto/622/3-dormitorios?unit_id=217465&codigo_referido=;1109;Lista para arrendar
Arriendo Normal;BRGD1307;Radal 1227;Quinta Normal;Borgetto;1;30;1D1B;;;No;364000.00;73000.00;3;6;0.00;0;1;0;3;3.00;0;0;8494;N;32.70;6.20;;0;OK;;2020-11-05;;Si;https://www.assetplan.cl/arriendo/departamento/quinta-normal/borgetto/622/1-dormitorio?unit_id=217497&codigo_referido=;1307;Re-acondicionamiento
Arriendo Normal;BRGD1313;Radal 1227;Quinta Normal;Borgetto;1;30;3D1B;;;Si;386000.00;118000.00;3;6;50.00;2;1;0;3;3.00;0;0;8500;P;54.20;6.70;Otro;0;OK;;2026-09-03;Ejecutado;Si;https://www.assetplan.cl/arriendo/departamento/quinta-normal/borgetto/622/3-dormitorios?unit_id=217503&codigo_referido=;1313;Lista para arrendar
Arriendo Normal;BRGD1316;Radal 1227;Quinta Normal;Borgetto;1;30;3D1B;;;Si;390000.00;120000.00;3;6;50.00;2;1;0;3;3.00;0;0;8503;O;54.20;8.90;Edificio Multifamily;0;OK;;2026-08-27;Ejecutado;Si;https://www.assetplan.cl/arriendo/departamento/quinta-normal/borgetto/622/3-dormitorios?unit_id=217506&codigo_referido=;1316;Lista para arrendar
Arriendo Normal;BRGD1317;Radal 1227;Quinta Normal;Borgetto;1;30;2D1B (4C);;;Si;380000.00;116000.00;3;12;50.00;2;1;0;3;3.00;0;0;8504;O;51.40;8.90;;0;OK;Ceramicas levantadas en el living;2026-06-10;Ejecutado;Si;https://www.assetplan.cl/arriendo/departamento/quinta-normal/borgetto/622/2-dormitorios?unit_id=217507&codigo_referido=;1317;Lista para arrendar
Arriendo Normal;BRGD1410;Radal 1227;Quinta Normal;Borgetto;1;30;3D1B;;;Si;380000.00;120000.00;3;6;50.00;2;1;0;3;3.00;0;0;8514;P;54.20;8.90;;0;OK;;2026-08-29;Ejecutado;Si;https://www.assetplan.cl/arriendo/departamento/quinta-normal/borgetto/622/3-dormitorios?unit_id=217517&codigo_referido=;1410;Lista para arrendar
Arriendo Normal;BRGD1502;Radal 1227;Quinta Normal;Borgetto;1;30;1D1B;;;Si;340000.00;70000.00;3;12;50.00;2;1;0;3;3.00;0;0;8523;S;32.70;2.90;;0;NOK;SC 02-12-2022 -Llaves;2026-08-04;Ejecutado;Si;https://www.assetplan.cl/arriendo/departamento/quinta-normal/borgetto/622/1-dormitorio?unit_id=217526&codigo_referido=;1502;Lista para arrendar
Arriendo Normal;BRGD1511;Radal 1227;Quinta Normal;Borgetto;1;30;3D1B;;;Si;380000.00;120000.00;3;6;50.00;2;1;0;3;3.00;0;0;8532;P;54.20;8.90;;0;OK;Situación Solventada ;2026-09-03;Ejecutado;Si;https://www.assetplan.cl/arriendo/departamento/quinta-normal/borgetto/622/3-dormitorios?unit_id=217535&codigo_referido=;1511;Lista para arrendar
Arriendo Normal;BRGD1607;Radal 1227;Quinta Normal;Borgetto;1;30;1D1B;;;Si;345000.00;73000.00;3;12;50.00;2;1;0;3;3.00;0;0;8545;N;32.70;6.20;;0;OK;Situación de ceramicas solventada;2026-06-23;Ejecutado;Si;https://www.assetplan.cl/arriendo/departamento/quinta-normal/borgetto/622/1-dormitorio?unit_id=217548&codigo_referido=;1607;Lista para arrendar
Arriendo Normal;BRGD1613;Radal 1227;Quinta Normal;Borgetto;1;30;3D1B;;;Si;387000.00;118000.00;3;6;50.00;2;1;0;3;3.00;0;0;8551;P;54.20;6.70;Edificio Multifamily;0;OK;;2026-09-11;Ejecutado;Si;https://www.assetplan.cl/arriendo/departamento/quinta-normal/borgetto/622/3-dormitorios?unit_id=217554&codigo_referido=;1613;Lista para arrendar
Arriendo Normal;BRGD1710;Radal 1227;Quinta Normal;Borgetto;1;30;3D1B;;;Si;379000.00;120000.00;3;12;50.00;2;1;0;3;3.00;0;0;8565;P;54.20;8.90;;0;OK;;2026-08-17;Ejecutado;Si;https://www.assetplan.cl/arriendo/departamento/quinta-normal/borgetto/622/3-dormitorios?unit_id=217568&codigo_referido=;1710;Lista para arrendar
Arriendo Normal;BRGD1714;Radal 1227;Quinta Normal;Borgetto;1;30;2D1B (3C);;;No;330000.00;90000.00;3;6;0.00;0;1;0;3;3.00;0;0;8569;S;41.20;5.90;Edificio Multifamily;0;NOK;;2025-03-28;Ejecutado;Si;https://www.assetplan.cl/arriendo/departamento/quinta-normal/borgetto/622/2-dormitorios?unit_id=217572&codigo_referido=;1714;Re-acondicionamiento
Arriendo Normal;BRGD1802;Radal 1227;Quinta Normal;Borgetto;1;30;1D1B;;;Si;358000.00;70000.00;3;6;50.00;2;1;0;3;3.00;0;0;8574;S;32.70;2.90;;0;NOK;;2026-09-16;Ejecutado;Si;https://www.assetplan.cl/arriendo/departamento/quinta-normal/borgetto/622/1-dormitorio?unit_id=217577&codigo_referido=;1802;Lista para arrendar
Arriendo Normal;BRGD1809;Radal 1227;Quinta Normal;Borgetto;1;30;3D1B;;;Si;380000.00;120000.00;3;6;50.00;2;1;0;3;3.00;0;0;8581;P;54.20;8.90;;0;NOK;;2026-03-25;Ejecutado;Si;https://www.assetplan.cl/arriendo/departamento/quinta-normal/borgetto/622/3-dormitorios?unit_id=217584&codigo_referido=;1809;Lista para arrendar
Arriendo Normal;BRGD2002;Radal 1227;Quinta Normal;Borgetto;1;30;3D1B;;;Si;390000.00;121000.00;3;12;50.00;2;1;0;3;3.00;0;0;8590;NP;54.70;8.90;;0;OK;;2026-08-27;Ejecutado;Si;https://www.assetplan.cl/arriendo/departamento/quinta-normal/borgetto/622/3-dormitorios?unit_id=217593&codigo_referido=;2002;Lista para arrendar
Arriendo Normal;BRGD2003;Radal 1227;Quinta Normal;Borgetto;1;30;3D1B;;;Si;380000.00;120000.00;3;12;50.00;2;1;0;3;3.00;0;0;8591;P;54.20;8.90;Edificio Multifamily;0;OK;SV- LLAVES 02-05-23;2026-08-04;Ejecutado;Si;https://www.assetplan.cl/arriendo/departamento/quinta-normal/borgetto/622/3-dormitorios?unit_id=217594&codigo_referido=;2003;Lista para arrendar
Arriendo Normal;CBLD808;Dr. Raimundo Charlin 655;Recoleta;Activa Cerro Blanco;1;30;2D2B;;;Si;487000.00;117000.00;3;0;0.00;0;1;0;3;3.00;0;0;63674;P;52.00;6.00;;0;OK;;2026-08-24;Ejecutado;Si;https://www.assetplan.cl/arriendo/departamento/recoleta/activa-cerro-blanco/2787/2-dormitorios?unit_id=478925&codigo_referido=;808;Lista para arrendar
Arriendo Normal;CBLD908;Dr. Raimundo Charlin 655;Recoleta;Activa Cerro Blanco;1;30;2D2B;;;Si;487000.00;117000.00;3;0;0.00;0;1;0;3;3.00;0;1;63686;P;52.00;6.00;;0;OK;;2026-09-23;Ejecutado;Si;https://www.assetplan.cl/arriendo/departamento/recoleta/activa-cerro-blanco/2787/2-dormitorios?unit_id=478937&codigo_referido=;908;Lista para arrendar
Arriendo Normal;CBLD1409;Dr. Raimundo Charlin 655;Recoleta;Activa Cerro Blanco;1;30;2D2B;;;Si;492000.00;115000.00;3;0;0.00;0;1;0;3;3.00;0;0;63747;P;51.00;6.00;;0;OK;;2026-07-14;Ejecutado;Si;https://www.assetplan.cl/arriendo/departamento/recoleta/activa-cerro-blanco/2787/2-dormitorios?unit_id=478998&codigo_referido=;1409;Lista para arrendar
Arriendo Normal;CBLD1509;Dr. Raimundo Charlin 655;Recoleta;Activa Cerro Blanco;1;30;2D2B;;;No;494000.00;112000.00;3;0;0.00;0;1;0;3;3.00;0;0;63755;P;48.00;10.00;;0;NOK;;2026-09-27;Trabajando;Si;https://www.assetplan.cl/arriendo/departamento/recoleta/activa-cerro-blanco/2787/2-dormitorios?unit_id=479006&codigo_referido=;1509;Re-acondicionamiento
Arriendo Normal;PABD124-A;Av. Brasil 8018;Renca;Edificio Parque Brasil;1;30;3D2B;;;No;464000.00;116000.00;3;6;0.00;0;1;0.5;3;3.00;1;0;117386;O;62.32;3.96;;0;NOK;;2026-09-25;Trabajando;Si;https://www.assetplan.cl/arriendo/departamento/renca/edificio-parque-brasil/3499/3-dormitorios?unit_id=514483&codigo_referido=;124-A;Re-acondicionamiento
Arriendo Normal;PABD203-A;Av. Brasil 8018;Renca;Edificio Parque Brasil;1;30;2D2B;;;No;412000.00;114000.00;3;6;0.00;0;1;0.5;3;3.00;1;0;117304;N;56.36;7.33;;0;NOK;;;Aprobado sin mejoras;Si;https://www.assetplan.cl/arriendo/departamento/renca/edificio-parque-brasil/3499/2-dormitorios?unit_id=514486&codigo_referido=;203-A;Re-acondicionamiento
Arriendo Normal;PABD323-A;Av. Brasil 8018;Renca;Edificio Parque Brasil;1;30;3D2B;;;No;457000.00;116000.00;3;6;0.00;0;1;0.5;3;3.00;1;0;117404;P;62.32;3.96;;0;NOK;;2026-09-03;Ejecutado;Si;;323-A;Esperando check-in
Arriendo Normal;PABD218-B;Av. Brasil 8018;Renca;Edificio Parque Brasil;1;30;2D2B;;;No;402000.00;107000.00;12;0;0.00;0;1;0.5;3;3.00;1;0;117436;P;54.65;3.91;;0;NOK;;2026-09-29;Trabajando;Si;https://www.assetplan.cl/arriendo/departamento/renca/edificio-parque-brasil/3499/2-dormitorios?unit_id=514591&codigo_referido=;218-B;Re-acondicionamiento
Arriendo Normal;RIQD214-A;Rivas 581;San Joaquín;Edificio Altavista;1;30;1D1B;;;Si;314000.00;82000.00;3;12;0.00;0;1;0;3;3.00;0;0;64649;N;33.00;3.00;;0;OK;;2026-09-07;Ejecutado;Si;https://www.assetplan.cl/arriendo/departamento/san-joaquin/edificio-altavista/2789/1-dormitorio?unit_id=479226&codigo_referido=;214-A;Lista para arrendar
Arriendo Normal;RIQD304-B;Rivas 581;San Joaquín;Edificio Altavista;1;30;1D1B;;;Si;309000.00;70000.00;3;12;0.00;0;1;0;3;3.00;0;0;64659;P;28.00;3.00;;0;OK;;2026-07-17;Ejecutado;Si;https://www.assetplan.cl/arriendo/departamento/san-joaquin/edificio-altavista/2789/1-dormitorio?unit_id=479236&codigo_referido=;304-B;Lista para arrendar
Arriendo Normal;RIQD413-A;Rivas 581;San Joaquín;Edificio Altavista;1;30;1D1B;;;Si;313000.00;79000.00;3;12;0.00;0;1;0;3;3.00;0;0;64692;S;32.00;3.00;;0;OK;;2026-09-05;Ejecutado;Si;https://www.assetplan.cl/arriendo/departamento/san-joaquin/edificio-altavista/2789/1-dormitorio?unit_id=479270&codigo_referido=;413-A;Lista para arrendar
Arriendo Normal;RIQD416-A;Rivas 581;San Joaquín;Edificio Altavista;1;30;1D1B;;;Si;316000.00;82000.00;3;12;0.00;0;1;0;3;3.00;0;0;64697;N;33.00;3.00;;0;OK;;2026-09-17;Ejecutado;Si;https://www.assetplan.cl/arriendo/departamento/san-joaquin/edificio-altavista/2789/1-dormitorio?unit_id=479275&codigo_referido=;416-A;Lista para arrendar
Arriendo Normal;RIQD511-A;Rivas 581;San Joaquín;Edificio Altavista;1;30;1D1B;;;Si;313000.00;79000.00;3;12;0.00;0;1;0;3;3.00;0;0;64712;S;32.00;3.00;;0;OK;;2026-09-14;Ejecutado;Si;https://www.assetplan.cl/arriendo/departamento/san-joaquin/edificio-altavista/2789/1-dormitorio?unit_id=479290&codigo_referido=;511-A;Lista para arrendar
Arriendo Normal;RIQD603-A;Rivas 581;San Joaquín;Edificio Altavista;1;30;1D1B;;;No;319000.00;79000.00;3;12;0.00;0;1;0;3;3.00;0;0;64724;O;32.00;3.00;;0;OK;;2026-07-27;Ejecutado;Si;;603-A;Esperando check-in
Arriendo Normal;RIQD913-B;Rivas 581;San Joaquín;Edificio Altavista;1;30;Estudio;;;No;272000.00;69000.00;3;12;0.00;0;1;0;3;3.00;0;0;64808;S;26.00;0.00;;0;OK;;2025-09-12;Ejecutado;Si;https://www.assetplan.cl/arriendo/departamento/san-joaquin/edificio-altavista/2789/estudio?unit_id=479386&codigo_referido=;913-B;Re-acondicionamiento
Arriendo Especial;80115;Pintor Cicarelli 288;San Joaquín;Pintor Cicarelli I;0;30;2D2B;77;;Si;415000.00;85000.00;12;0;50.00;1;1;0.5;3;3.00;1;0;127161;O;42.66;2.30;No Disponible;0;NOK;VR;;;Si;https://www.assetplan.cl/arriendo/departamento/san-joaquin/pintor-cicarelli-i/3627/retail/529926?codigo_referido=;802;Lista para arrendar
Arriendo Especial;80117;Pintor Cicarelli 288;San Joaquín;Pintor Cicarelli I;0;30;2D1B;;;Si;360000.00;65000.00;12;0;50.00;1;1;0.5;3;3.00;1;0;127162;O;36.90;2.24;Ofic. Santa Lucía;1483;OK;VR;;;Si;https://www.assetplan.cl/arriendo/departamento/san-joaquin/pintor-cicarelli-i/3627/retail/529928?codigo_referido=;1201;Lista para arrendar
Arriendo Especial;80118;Pintor Cicarelli 288;San Joaquín;Pintor Cicarelli I;0;30;2D1B;;;Si;360000.00;65000.00;12;0;50.00;1;1;0.5;3;3.00;1;0;127163;O;36.90;2.24;Ofic. Santa Lucía;0;NOK;VR;;;Si;https://www.assetplan.cl/arriendo/departamento/san-joaquin/pintor-cicarelli-i/3627/retail/529929?codigo_referido=;1206;Lista para arrendar
Arriendo Especial;80119;Pintor Cicarelli 288;San Joaquín;Pintor Cicarelli I;0;30;2D1B;;;Si;360000.00;65000.00;12;0;50.00;1;1;0.5;3;3.00;1;0;127164;P;36.90;2.24;Ofic. Santa Lucía;0;NOK;VR;;;Si;https://www.assetplan.cl/arriendo/departamento/san-joaquin/pintor-cicarelli-i/3627/retail/529930?codigo_referido=;1210;Lista para arrendar
Arriendo Especial;80120;Pintor Cicarelli 288;San Joaquín;Pintor Cicarelli I;0;30;2D1B;;;Si;360000.00;65000.00;12;0;50.00;1;1;0.5;3;3.00;1;0;127165;O;36.90;2.24;Ofic. Santa Lucía;1062;NOK;VR;;;Si;https://www.assetplan.cl/arriendo/departamento/san-joaquin/pintor-cicarelli-i/3627/retail/529931?codigo_referido=;1301-A;Lista para arrendar
Arriendo Especial;80121;Pintor Cicarelli 288;San Joaquín;Pintor Cicarelli I;0;30;2D2B;95;;Si;415000.00;85000.00;12;0;50.00;1;1;0.5;3;3.00;1;0;127166;O;42.66;2.23;Edificio Retail;2657;NOK;VR;;;Si;https://www.assetplan.cl/arriendo/departamento/san-joaquin/pintor-cicarelli-i/3627/retail/529932?codigo_referido=;1202;Lista para arrendar
Arriendo Especial;80123;Pintor Cicarelli 288;San Joaquín;Pintor Cicarelli I;0;30;2D2B;;;Si;395000.00;75000.00;12;0;50.00;1;1;0.5;3;3.00;1;0;127167;O;42.66;2.23;Ofic. Santa Lucía;0;NOK;VR;;;Si;https://www.assetplan.cl/arriendo/departamento/san-joaquin/pintor-cicarelli-i/3627/retail/529934?codigo_referido=;1204;Lista para arrendar
Arriendo Especial;80124;Pintor Cicarelli 288;San Joaquín;Pintor Cicarelli I;0;30;2D2B;;;Si;395000.00;75000.00;12;0;50.00;1;1;0.5;3;3.00;1;0;127168;P;42.66;2.23;Edificio Retail;2875;NOK;VR;;;Si;https://www.assetplan.cl/arriendo/departamento/san-joaquin/pintor-cicarelli-i/3627/retail/529935?codigo_referido=;1212;Lista para arrendar
Arriendo Especial;80127;Pintor Cicarelli 288;San Joaquín;Pintor Cicarelli I;0;30;2D1B;;;Si;360000.00;75000.00;12;0;50.00;1;1;0.5;3;3.00;1;0;127170;P;42.83;2.24;Ofic. Santa Lucía;0;NOK;VR;;;Si;https://www.assetplan.cl/arriendo/departamento/san-joaquin/pintor-cicarelli-i/3627/retail/529938?codigo_referido=;1213;Lista para arrendar
Arriendo Especial;80128;Pintor Cicarelli 288;San Joaquín;Pintor Cicarelli I;0;30;2D1B;;;Si;360000.00;70000.00;12;0;50.00;1;1;0.5;3;3.00;1;0;127172;P;42.83;2.24;Ofic. Santa Lucía;0;NOK;VR;;;Si;https://www.assetplan.cl/arriendo/departamento/san-joaquin/pintor-cicarelli-i/3627/retail/529940?codigo_referido=;1216;Lista para arrendar
Arriendo Especial;80129;Pintor Cicarelli 288;San Joaquín;Pintor Cicarelli I;0;30;3D1B;;;Si;380000.00;85000.00;12;0;50.00;1;1;0.5;3;3.00;1;0;127173;O;46.59;2.24;Edificio Retail;2662;OK;VR;;;Si;https://www.assetplan.cl/arriendo/departamento/san-joaquin/pintor-cicarelli-i/3627/retail/529941?codigo_referido=;1207;Lista para arrendar
Arriendo Especial;80130;Pintor Cicarelli 288;San Joaquín;Pintor Cicarelli I;0;30;3D1B;86;;Si;405000.00;100000.00;12;0;50.00;1;1;0.5;3;3.00;1;0;127174;P;46.59;2.24;Ofic. Santa Lucía;0;NOK;VR;;;Si;https://www.assetplan.cl/arriendo/departamento/san-joaquin/pintor-cicarelli-i/3627/retail/529942?codigo_referido=;1208;Lista para arrendar
Arriendo Especial;80132;Pintor Cicarelli 288;San Joaquín;Pintor Cicarelli I;0;30;3D1B;94;;Si;405000.00;90000.00;12;0;50.00;1;1;0.5;3;3.00;1;0;127175;P;46.18;2.24;Ofic. Santa Lucía;0;NOK;VR;;;Si;https://www.assetplan.cl/arriendo/departamento/san-joaquin/pintor-cicarelli-i/3627/retail/529944?codigo_referido=;1211;Lista para arrendar
Arriendo Especial;80140;Pintor Cicarelli 288;San Joaquín;Pintor Cicarelli I;0;30;3D1B;;;Si;380000.00;85000.00;12;0;50.00;1;1;0.5;3;3.00;1;0;127180;S;46.56;2.24;Ofic. Santa Lucía;2263;NOK;VR;;;Si;https://www.assetplan.cl/arriendo/departamento/san-joaquin/pintor-cicarelli-i/3627/retail/529952?codigo_referido=;1221;Lista para arrendar
Arriendo Especial;80141;Pintor Cicarelli 288;San Joaquín;Pintor Cicarelli I;0;30;3D1B;;;Si;380000.00;80000.00;12;0;50.00;1;1;0.5;3;3.00;1;0;127181;S;46.18;2.24;Edificio Retail;1081;OK;VR;;;Si;https://www.assetplan.cl/arriendo/departamento/san-joaquin/pintor-cicarelli-i/3627/retail/529953?codigo_referido=;1222;Lista para arrendar
Arriendo Especial;80143;Pintor Cicarelli 288;San Joaquín;Pintor Cicarelli I;0;30;2D2B;99;;Si;415000.00;85000.00;12;0;50.00;1;1;0.5;3;3.00;1;0;127183;P;42.66;2.23;Ofic. Santa Lucía;0;NOK;VR;;;Si;https://www.assetplan.cl/arriendo/departamento/san-joaquin/pintor-cicarelli-i/3627/retail/529955?codigo_referido=;1214;Lista para arrendar
Arriendo Especial;80352;Pintor Cicarelli 288;San Joaquín;Pintor Cicarelli I;0;30;2D2B;97;;Si;415000.00;85000.00;12;0;50.00;1;1;0.5;3;3.00;1;0;127366;P;42.66;2.23;Ofic. Santa Lucía;0;NOK;VR;;;Si;https://www.assetplan.cl/arriendo/departamento/san-joaquin/pintor-cicarelli-i/3627/retail/530201?codigo_referido=;1302;Lista para arrendar
Arriendo Especial;80356;Pintor Cicarelli 288;San Joaquín;Pintor Cicarelli I;0;30;2D2B;102;;Si;430000.00;85000.00;12;0;50.00;1;1;0.5;3;3.00;1;0;127369;P;42.66;2.23;;219;OK;;;;Si;https://www.assetplan.cl/arriendo/departamento/san-joaquin/pintor-cicarelli-i/3627/retail/530205?codigo_referido=;1304-A;Lista para arrendar
Arriendo Especial;80358;Pintor Cicarelli 288;San Joaquín;Pintor Cicarelli I;0;30;2D1B;;;Si;360000.00;65000.00;12;0;50.00;1;1;0.5;3;3.00;1;0;127370;P;36.90;2.24;Edificio Retail;174;OK;VR;;;Si;https://www.assetplan.cl/arriendo/departamento/san-joaquin/pintor-cicarelli-i/3627/retail/530207?codigo_referido=;1305;Lista para arrendar
Arriendo Especial;80359;Pintor Cicarelli 288;San Joaquín;Pintor Cicarelli I;0;30;2D1B;;;Si;360000.00;65000.00;12;0;50.00;1;1;0.5;3;3.00;1;0;127371;P;36.90;2.24;Ofic. Santa Lucía;0;OK;VR;;;Si;https://www.assetplan.cl/arriendo/departamento/san-joaquin/pintor-cicarelli-i/3627/retail/530208?codigo_referido=;1306;Lista para arrendar
Arriendo Especial;80364;Pintor Cicarelli 288;San Joaquín;Pintor Cicarelli I;0;30;2D1B;;;Si;360000.00;65000.00;12;0;50.00;1;1;0.5;3;3.00;1;0;127374;P;36.90;2.24;Edificio Retail;1639;OK;VR;;;Si;https://www.assetplan.cl/arriendo/departamento/san-joaquin/pintor-cicarelli-i/3627/retail/530213?codigo_referido=;1309-A;Lista para arrendar
Arriendo Especial;80365;Pintor Cicarelli 288;San Joaquín;Pintor Cicarelli I;0;30;2D1B;;;Si;360000.00;65000.00;12;0;50.00;1;1;0.5;3;3.00;1;0;127375;P;36.90;2.24;Edificio Retail;44;OK;VR;;;Si;https://www.assetplan.cl/arriendo/departamento/san-joaquin/pintor-cicarelli-i/3627/retail/530214?codigo_referido=;1310;Lista para arrendar
Arriendo Especial;80379;Pintor Cicarelli 288;San Joaquín;Pintor Cicarelli I;0;30;2D2B;78;;Si;415000.00;85000.00;12;0;50.00;1;1;0.5;3;3.00;1;0;127384;O;42.66;2.30;Ofic. Santa Lucía;0;NOK;VR;;;Si;https://www.assetplan.cl/arriendo/departamento/san-joaquin/pintor-cicarelli-i/3627/retail/530228?codigo_referido=;804;Lista para arrendar
Arriendo Especial;80381;Pintor Cicarelli 288;San Joaquín;Pintor Cicarelli I;0;30;2D2B;84;;Si;415000.00;85000.00;12;0;50.00;1;1;0.5;3;3.00;1;0;127385;O;42.66;2.30;Edificio Retail;2260;NOK;VR;;;Si;https://www.assetplan.cl/arriendo/departamento/san-joaquin/pintor-cicarelli-i/3627/retail/530230?codigo_referido=;812-A;Lista para arrendar
Arriendo Especial;80385;Pintor Cicarelli 288;San Joaquín;Pintor Cicarelli I;0;30;2D2B;85;;Si;415000.00;85000.00;12;0;50.00;1;1;0.5;3;3.00;1;0;127387;O;42.66;2.30;Edificio Retail;414;NOK;VR;;;Si;https://www.assetplan.cl/arriendo/departamento/san-joaquin/pintor-cicarelli-i/3627/retail/530234?codigo_referido=;814-A;Lista para arrendar
Arriendo Especial;80387;Pintor Cicarelli 288;San Joaquín;Pintor Cicarelli I;0;30;2D2B;104;;Si;415000.00;85000.00;12;0;50.00;1;1;0.5;3;3.00;1;0;127388;O;42.66;2.30;Edificio Retail;322;NOK;VR;;;Si;https://www.assetplan.cl/arriendo/departamento/san-joaquin/pintor-cicarelli-i/3627/retail/530236?codigo_referido=;1312;Lista para arrendar
Arriendo Especial;80389;Pintor Cicarelli 288;San Joaquín;Pintor Cicarelli I;0;30;2D2B;105;;Si;415000.00;85000.00;12;0;50.00;1;1;0.5;3;3.00;1;0;127389;O;42.66;2.30;Edificio Retail;2661;NOK;VR;;;Si;https://www.assetplan.cl/arriendo/departamento/san-joaquin/pintor-cicarelli-i/3627/retail/530238?codigo_referido=;1314-A;Lista para arrendar
Arriendo Especial;80391;Pintor Cicarelli 288;San Joaquín;Pintor Cicarelli I;0;30;2D1B;;;Si;360000.00;70000.00;12;0;50.00;1;1;0.5;3;3.00;1;0;127390;O;35.00;2.00;;416;OK;;;;Si;https://www.assetplan.cl/arriendo/departamento/san-joaquin/pintor-cicarelli-i/3627/retail/530240?codigo_referido=;806-A;Lista para arrendar
Arriendo Especial;80392;Pintor Cicarelli 288;San Joaquín;Pintor Cicarelli I;0;30;2D1B;;;Si;360000.00;65000.00;12;0;50.00;1;1;0.5;3;3.00;1;0;127391;O;36.90;2.24;;2880;NOK;VR;;;Si;https://www.assetplan.cl/arriendo/departamento/san-joaquin/pintor-cicarelli-i/3627/retail/530241?codigo_referido=;809-A;Lista para arrendar
Arriendo Especial;80393;Pintor Cicarelli 288;San Joaquín;Pintor Cicarelli I;0;30;2D1B;;;Si;360000.00;65000.00;12;0;50.00;1;1;0.5;3;3.00;1;0;127392;O;36.90;2.24;Edificio Retail;2732;NOK;VR;;;Si;https://www.assetplan.cl/arriendo/departamento/san-joaquin/pintor-cicarelli-i/3627/retail/530242?codigo_referido=;810-A;Lista para arrendar
Arriendo Especial;80394;Pintor Cicarelli 288;San Joaquín;Pintor Cicarelli I;0;30;2D1B;;;Si;360000.00;65000.00;12;0;50.00;1;1;0.5;3;3.00;1;0;127393;O;36.90;2.24;;3;OK;VR;;;Si;https://www.assetplan.cl/arriendo/departamento/san-joaquin/pintor-cicarelli-i/3627/retail/530243?codigo_referido=;815-A;Lista para arrendar
Arriendo Especial;80395;Pintor Cicarelli 288;San Joaquín;Pintor Cicarelli I;0;30;2D1B;;;Si;360000.00;65000.00;12;0;50.00;1;1;0.5;3;3.00;1;0;127394;O;36.90;2.24;Edificio Retail;2563;NOK;VR;;;Si;https://www.assetplan.cl/arriendo/departamento/san-joaquin/pintor-cicarelli-i/3627/retail/530244?codigo_referido=;1315;Lista para arrendar
Arriendo Especial;80398;Pintor Cicarelli 288;San Joaquín;Pintor Cicarelli I;0;30;3D1B;80;;No;405000.00;95000.00;12;0;50.00;1;1;0.5;3;3.00;1;0;127396;O;46.59;2.24;;2517;NOK;VR;;;Si;;808-A;Esperando check-in
Arriendo Especial;80400;Pintor Cicarelli 288;San Joaquín;Pintor Cicarelli I;0;30;3D1B;83;;Si;405000.00;90000.00;12;0;50.00;1;1;0.5;3;3.00;1;0;127397;P;46.18;2.24;Edificio Retail;2807;NOK;VR;;;Si;https://www.assetplan.cl/arriendo/departamento/san-joaquin/pintor-cicarelli-i/3627/retail/530249?codigo_referido=;811-A;Lista para arrendar
Arriendo Especial;80413;Pintor Cicarelli 288;San Joaquín;Pintor Cicarelli I;0;30;3D1B;103;;Si;405000.00;90000.00;12;0;50.00;1;1;0.5;3;3.00;1;0;127404;P;46.18;2.24;Edificio Retail;231;NOK;VR;;;Si;https://www.assetplan.cl/arriendo/departamento/san-joaquin/pintor-cicarelli-i/3627/retail/530262?codigo_referido=;1311;Lista para arrendar
Arriendo Especial;80415;Pintor Cicarelli 288;San Joaquín;Pintor Cicarelli I;0;30;3D1B;107;;Si;405000.00;90000.00;12;0;50.00;1;1;0.5;3;3.00;1;0;127405;N;46.18;2.24;Edificio Retail;1607;NOK;VR;;;Si;https://www.assetplan.cl/arriendo/departamento/san-joaquin/pintor-cicarelli-i/3627/retail/530264?codigo_referido=;1318;Lista para arrendar
Arriendo Especial;80417;Pintor Cicarelli 288;San Joaquín;Pintor Cicarelli I;0;30;3D1B;108;;Si;405000.00;90000.00;12;0;50.00;1;1;0.5;3;3.00;1;0;127406;P;46.18;2.24;Edificio Retail;2725;NOK;VR;;;Si;https://www.assetplan.cl/arriendo/departamento/san-joaquin/pintor-cicarelli-i/3627/retail/530266?codigo_referido=;1319;Lista para arrendar
Arriendo Especial;80437;Pintor Cicarelli 288;San Joaquín;Pintor Cicarelli I;0;30;2D1B;;;Si;360000.00;70000.00;12;0;50.00;1;1;0.5;3;3.00;1;0;127417;P;41.00;2.00;;457;OK;;;;Si;https://www.assetplan.cl/arriendo/departamento/san-joaquin/pintor-cicarelli-i/3627/retail/530286?codigo_referido=;1313-A;Lista para arrendar
Arriendo Normal;83097;Pintor Cicarelli 288;San Joaquín;Pintor Cicarelli I;0;30;3D1B;21;8;Si;405000.00;90000.00;12;0;50.00;1;1;0.5;3;3.00;1;0;131911;S;46.56;2.24;;1715;OK;VR;;;No;https://www.assetplan.cl/arriendo/departamento/san-joaquin/pintor-cicarelli-i/3627/retail/534920?codigo_referido=;321-A;Lista para arrendar
Arriendo Normal;GMRD201;Guardia Marina Riquelme 4861;San Miguel;Guardiamarina;1;30;2D2B;;;Si;499000.00;126000.00;3;6;50.00;1;1;0;3;3.00;0;0;2673;NP;54.87;4.36;;0;OK;;2026-07-11;Ejecutado;Si;https://www.assetplan.cl/arriendo/departamento/san-miguel/guardiamarina/411/2-dormitorios?unit_id=106037&codigo_referido=;201;Lista para arrendar
Arriendo Normal;GMRD307;Guardia Marina Riquelme 4861;San Miguel;Guardiamarina;1;30;1D1B;;;Si;347000.00;80000.00;3;6;50.00;1;1;0;3;3.00;0;0;2688;S;32.36;5.43;;0;NOK;PILOTO;2026-09-15;Ejecutado;Si;https://www.assetplan.cl/arriendo/departamento/san-miguel/guardiamarina/411/1-dormitorio?unit_id=106052&codigo_referido=;307;Lista para arrendar
Arriendo Normal;GMRD407;Guardia Marina Riquelme 4861;San Miguel;Guardiamarina;1;30;1D1B;;;Si;348000.00;80000.00;3;6;50.00;1;1;0;3;3.00;0;0;2639;S;32.36;5.43;;0;NOK;;2026-08-08;Ejecutado;Si;https://www.assetplan.cl/arriendo/departamento/san-miguel/guardiamarina/411/1-dormitorio?unit_id=106062&codigo_referido=;407;Lista para arrendar
Arriendo Normal;GMRD803;Guardia Marina Riquelme 4861;San Miguel;Guardiamarina;1;30;2D1B (3C);;;Si;420000.00;96000.00;3;6;50.00;1;1;0;3;3.00;0;0;2714;N;40.30;4.06;;0;NOK;Cambio del 1104;2026-09-24;Ejecutado;Si;https://www.assetplan.cl/arriendo/departamento/san-miguel/guardiamarina/411/2-dormitorios?unit_id=106098&codigo_referido=;803;Lista para arrendar
Arriendo Normal;GMRD906;Guardia Marina Riquelme 4861;San Miguel;Guardiamarina;1;30;1D1B;;;Si;360000.00;98000.00;3;6;50.00;1;1;0;3;3.00;0;0;2727;SO;39.60;6.30;;0;NOK;;2026-09-08;Ejecutado;Si;https://www.assetplan.cl/arriendo/departamento/san-miguel/guardiamarina/411/1-dormitorio?unit_id=106111&codigo_referido=;906;Lista para arrendar
Arriendo Normal;GMRD1106;Guardia Marina Riquelme 4861;San Miguel;Guardiamarina;1;30;1D1B;;;Si;356000.00;93000.00;3;6;50.00;1;1;0;3;3.00;0;0;2736;SO;39.60;6.30;;0;OK;;2026-07-01;Ejecutado;Si;https://www.assetplan.cl/arriendo/departamento/san-miguel/guardiamarina/411/1-dormitorio?unit_id=106131&codigo_referido=;1106;Lista para arrendar
Arriendo Normal;GMRD1207;Guardia Marina Riquelme 4861;San Miguel;Guardiamarina;1;30;1D1B;;;Si;340000.00;75000.00;3;12;50.00;2;1;0;3;3.00;0;0;1577;S;32.36;5.43;;0;OK;;2026-03-14;Ejecutado;Si;https://www.assetplan.cl/arriendo/departamento/san-miguel/guardiamarina/411/1-dormitorio?unit_id=106142&codigo_referido=;1207;Lista para arrendar
Arriendo Normal;GMRD1608;Guardia Marina Riquelme 4861;San Miguel;Guardiamarina;1;30;1D1B;;;Si;361000.00;89000.00;3;6;50.00;1;1;0;3;3.00;0;0;2758;S;36.53;4.32;;0;NOK;;2026-09-08;Ejecutado;Si;https://www.assetplan.cl/arriendo/departamento/san-miguel/guardiamarina/411/1-dormitorio?unit_id=106183&codigo_referido=;1608;Lista para arrendar
Arriendo Normal;GMRD1703;Guardia Marina Riquelme 4861;San Miguel;Guardiamarina;1;30;2D1B (3C);;;Si;421000.00;96000.00;3;6;50.00;1;1;0;3;3.00;0;0;2763;N;40.30;4.06;;0;NOK;;2026-08-12;Ejecutado;Si;https://www.assetplan.cl/arriendo/departamento/san-miguel/guardiamarina/411/2-dormitorios?unit_id=106188&codigo_referido=;1703;Lista para arrendar
Arriendo Normal;GMRD1907;Guardia Marina Riquelme 4861;San Miguel;Guardiamarina;1;30;1D1B;;;Si;339000.00;75000.00;3;12;50.00;2;1;0;3;3.00;0;0;2777;S;32.36;5.43;;0;OK;;;Caducado;Si;https://www.assetplan.cl/arriendo/departamento/san-miguel/guardiamarina/411/1-dormitorio?unit_id=106212&codigo_referido=;1907;Lista para arrendar
Arriendo Normal;GMRD1908;Guardia Marina Riquelme 4861;San Miguel;Guardiamarina;1;30;1D1B;;;Si;360000.00;89000.00;3;6;50.00;1;1;0;3;3.00;0;0;2778;S;36.53;4.32;;0;NOK;;2026-09-06;Ejecutado;Si;https://www.assetplan.cl/arriendo/departamento/san-miguel/guardiamarina/411/1-dormitorio?unit_id=106213&codigo_referido=;1908;Lista para arrendar
Arriendo Normal;GMRD2101;Guardia Marina Riquelme 4861;San Miguel;Guardiamarina;1;30;2D2B;;;No;501000.00;131000.00;3;6;50.00;1;1;0;3;3.00;0;0;2791;NP;55.18;4.39;;0;NOK;;2026-09-26;Trabajando;Si;https://www.assetplan.cl/arriendo/departamento/san-miguel/guardiamarina/411/2-dormitorios?unit_id=106226&codigo_referido=;2101;Re-acondicionamiento
Arriendo Normal;GMRD2104;Guardia Marina Riquelme 4861;San Miguel;Guardiamarina;1;30;1D1B;;;Si;350000.00;81000.00;3;6;50.00;1;1;0;3;3.00;0;0;2794;N;33.48;4.06;;0;NOK;;2026-08-18;Ejecutado;Si;https://www.assetplan.cl/arriendo/departamento/san-miguel/guardiamarina/411/1-dormitorio?unit_id=106229&codigo_referido=;2104;Lista para arrendar
Arriendo Normal;ALTD909;Álvarez de Toledo 978;San Miguel;Alvarez Toledo;1;30;2D2B;;;Si;501000.00;101000.00;3;0;0.00;0;1;0;3;3.00;0;0;43808;O;41.00;10.00;;0;OK;;2026-09-03;Ejecutado;Si;https://www.assetplan.cl/arriendo/departamento/san-miguel/alvarez-toledo/1537/2-dormitorios?unit_id=449306&codigo_referido=;909;Lista para arrendar
Arriendo Normal;ALTD1205;Álvarez de Toledo 978;San Miguel;Alvarez Toledo;1;30;2D2B;;;Si;511000.00;130000.00;3;0;0.00;0;1;0;3;3.00;0;0;43834;P;53.00;12.00;;0;OK;;2024-11-11;Ejecutado;Si;https://www.assetplan.cl/arriendo/departamento/san-miguel/alvarez-toledo/1537/2-dormitorios?unit_id=449332&codigo_referido=;1205;Lista para arrendar
Arriendo Normal;ALTD1407;Álvarez de Toledo 978;San Miguel;Alvarez Toledo;1;30;1D1B;;;Si;407000.00;80000.00;3;0;0.00;0;1;0;3;3.00;0;0;43856;NP;33.00;4.00;;0;OK;;1969-12-31;Ejecutado;Si;https://www.assetplan.cl/arriendo/departamento/san-miguel/alvarez-toledo/1537/1-dormitorio?unit_id=449354&codigo_referido=;1407;Lista para arrendar
Arriendo Normal;ALTD1606;Álvarez de Toledo 978;San Miguel;Alvarez Toledo;1;30;2D2B;;;Si;503000.00;101000.00;3;0;0.00;0;1;0;3;3.00;0;0;43875;P;41.00;10.00;;0;OK;;2026-08-19;Ejecutado;Si;https://www.assetplan.cl/arriendo/departamento/san-miguel/alvarez-toledo/1537/2-dormitorios?unit_id=449373&codigo_referido=;1606;Lista para arrendar
Arriendo Normal;LAZD1201;Lazo 1350;San Miguel;Lazo I;1;30;2D2B;;;Si;485000.00;123000.00;3;12;50.00;2;1;0;3;3.00;0;0;58106;O;59.00;3.00;;0;NOK;;2026-05-02;Ejecutado;Si;https://www.assetplan.cl/arriendo/departamento/san-miguel/lazo-i/2569/2-dormitorios?unit_id=471688&codigo_referido=;1201;Lista para arrendar
Arriendo Normal;LAZD1203;Lazo 1350;San Miguel;Lazo I;1;30;1D1B;;;Si;343000.00;69000.00;3;12;50.00;2;1;0;3;3.00;0;0;58108;S;33.00;5.00;;0;NOK;;2026-09-25;Ejecutado;Si;https://www.assetplan.cl/arriendo/departamento/san-miguel/lazo-i/2569/1-dormitorio?unit_id=471690&codigo_referido=;1203;Lista para arrendar
Arriendo Normal;LAZD1212;Lazo 1350;San Miguel;Lazo I;1;30;2D2B;;;Si;489000.00;123000.00;3;12;50.00;1;1;0;3;3.00;0;0;58117;P;59.00;3.00;;0;NOK;;2026-06-05;Ejecutado;Si;https://www.assetplan.cl/arriendo/departamento/san-miguel/lazo-i/2569/2-dormitorios?unit_id=471699&codigo_referido=;1212;Lista para arrendar
Arriendo Normal;LAZD307;Lazo 1350;San Miguel;Lazo I;1;30;1D1B;;;Si;340000.00;69000.00;3;12;50.00;2;1;0;3;3.00;0;0;58150;N;33.00;5.00;;0;NOK;entrega 29-02;2026-08-06;Ejecutado;Si;https://www.assetplan.cl/arriendo/departamento/san-miguel/lazo-i/2569/1-dormitorio?unit_id=471732&codigo_referido=;307;Lista para arrendar
Arriendo Normal;LAZD609;Lazo 1350;San Miguel;Lazo I;1;30;1D1B;;;Si;343000.00;69000.00;3;12;50.00;2;1;0;3;3.00;0;0;58203;P;33.00;5.00;;0;NOK;;2026-06-24;Ejecutado;Si;https://www.assetplan.cl/arriendo/departamento/san-miguel/lazo-i/2569/1-dormitorio?unit_id=471785&codigo_referido=;609;Lista para arrendar
Arriendo Normal;LAZD702;Lazo 1350;San Miguel;Lazo I;1;30;1D1B;;;Si;343000.00;69000.00;3;12;50.00;2;1;0;3;3.00;0;0;58213;S;33.00;5.00;;0;OK;;2026-09-02;Ejecutado;Si;https://www.assetplan.cl/arriendo/departamento/san-miguel/lazo-i/2569/1-dormitorio?unit_id=471795&codigo_referido=;702;Lista para arrendar
Arriendo Normal;LAZD714;Lazo 1350;San Miguel;Lazo I;1;30;1D1B;;;No;343000.00;69000.00;3;12;50.00;2;1;0;3;3.00;0;0;58225;O;33.00;5.00;;0;OK;;2025-07-08;Ejecutado;Si;https://www.assetplan.cl/arriendo/departamento/san-miguel/lazo-i/2569/1-dormitorio?unit_id=471807&codigo_referido=;714;Re-acondicionamiento
Arriendo Normal;LAZD1510;Lazo 1350;San Miguel;Lazo II;1;30;1D1B;;;Si;340000.00;69000.00;3;12;50.00;2;1;0;3;3.00;0;0;58274;P;33.00;5.00;;0;OK;;2026-09-11;Ejecutado;Si;https://www.assetplan.cl/arriendo/departamento/san-miguel/lazo-ii/2570/1-dormitorio?unit_id=471952&codigo_referido=;1510;Lista para arrendar
Arriendo Especial;LAZD1706;Lazo 1350;San Miguel;Lazo II;1;30;2D2B;;;Si;467000.00;106000.00;3;12;50.00;1;1;0;3;3.00;0;0;58287;NP;54.00;7.00;;0;NOK;Cuenta con equipamiento:
Refrigerador 
Futon;2026-07-24;Ejecutado;Si;https://www.assetplan.cl/arriendo/departamento/san-miguel/lazo-ii/2570/2-dormitorios?unit_id=471965&codigo_referido=;1706;Lista para arrendar
Arriendo Normal;LAZD1712;Lazo 1350;San Miguel;Lazo II;1;30;2D2B;;;Si;482000.00;123000.00;3;12;50.00;2;1;0;3;3.00;0;0;58292;P;59.00;3.00;;0;NOK;;2026-09-14;Ejecutado;Si;https://www.assetplan.cl/arriendo/departamento/san-miguel/lazo-ii/2570/2-dormitorios?unit_id=471970&codigo_referido=;1712;Lista para arrendar
Arriendo Normal;BTVD704-A;Teresa Vial 1175;San Miguel;Barrio Teresa Vial;1;30;1D1B;;;Si;366000.00;81000.00;3;0;0.00;0;1;0;3;3.00;0;0;71806;P;38.00;2.00;;1787;OK;;;Caducado;Si;https://www.assetplan.cl/arriendo/departamento/san-miguel/barrio-teresa-vial/2767/1-dormitorio?unit_id=478426&codigo_referido=;704-A;Re-acondicionamiento
Arriendo Normal;CARD203-A;Carnot 1069;San Miguel;Carnot;1;30;2D1B (4C);;;Si;409933.00;97353.00;12;0;50.00;1;1;0.5;3;3.00;0;0;65305;SE;45.59;2.62;;0;OK;;2026-08-14;Ejecutado;Si;https://www.assetplan.cl/arriendo/departamento/san-miguel/carnot/2839/2-dormitorios?unit_id=480929&codigo_referido=;203-A;Lista para arrendar
Arriendo Normal;CARD611-A;Carnot 1069;San Miguel;Carnot;1;30;1D1B+T;;;Si;335904.00;64454.00;12;0;50.00;1;1;0.5;3;3.00;0;0;65497;NE;27.97;2.38;;0;OK;;2026-09-22;Ejecutado;Si;https://www.assetplan.cl/arriendo/departamento/san-miguel/carnot/2839/1-dormitorio?unit_id=480989&codigo_referido=;611-A;Lista para arrendar
Arriendo Normal;CARD712-A;Carnot 1069;San Miguel;Carnot;1;30;1D1B+T;;;Si;342542.00;67084.00;12;0;50.00;1;1;0.5;3;3.00;0;0;65504;NE;27.95;4.80;;0;OK;;2026-09-16;Ejecutado;Si;https://www.assetplan.cl/arriendo/departamento/san-miguel/carnot/2839/1-dormitorio?unit_id=481003&codigo_referido=;712-A;Lista para arrendar
Arriendo Normal;CARD1003-A;Carnot 1069;San Miguel;Carnot;1;30;2D1B (4C);;;Si;412233.00;97353.00;12;0;50.00;1;1;0.5;3;3.00;0;0;65321;SE;45.59;2.62;;0;NOK;Departamento 1003-A: Isabel Cristina González Carrasco RUT: 7476143-7. Correo y teléfono de contacto: isabelcgonzalezc@gmail.com | 9 5700 9131
;2026-08-18;Ejecutado;Si;https://www.assetplan.cl/arriendo/departamento/san-miguel/carnot/2839/2-dormitorios?unit_id=481033&codigo_referido=;1003-A;Lista para arrendar
Arriendo Normal;CARD1010-A;Carnot 1069;San Miguel;Carnot;1;30;2D2B (4C);;;Si;486000.00;120000.00;12;0;50.00;1;1;0.5;3;3.00;0;0;65242;NE;54.23;3.28;;0;NOK;;2026-08-14;Ejecutado;Si;https://www.assetplan.cl/arriendo/departamento/san-miguel/carnot/2839/2-dormitorios?unit_id=481040&codigo_referido=;1010-A;Lista para arrendar
Arriendo Normal;CARD1108-A;Carnot 1069;San Miguel;Carnot;1;30;1D1B+T;;;No;352000.00;68000.00;12;0;50.00;1;1;0.5;3;3.00;0;0;65528;SO;27.96;4.78;Edificio Multifamily;0;OK;;;En revisión;Si;https://www.assetplan.cl/arriendo/departamento/san-miguel/carnot/2839/1-dormitorio?unit_id=481051&codigo_referido=;1108-A;Re-acondicionamiento
Arriendo Normal;CARD1507-A;Carnot 1069;San Miguel;Carnot;1;30;1D1B+T;;;No;356808.00;67084.00;12;0;50.00;1;1;0.5;3;3.00;0;0;65551;SO;27.96;4.78;Edificio Multifamily;0;NOK;;;En revisión;Si;https://www.assetplan.cl/arriendo/departamento/san-miguel/carnot/2839/1-dormitorio?unit_id=481102&codigo_referido=;1507-A;Re-acondicionamiento
Arriendo Normal;CARD1708-A;Carnot 1069;San Miguel;Carnot;1;30;1D1B+T;;;No;357310.00;67084.00;12;0;50.00;1;1;0.5;3;3.00;0;0;65566;SO;27.96;4.78;;0;OK;;2024-09-10;Ejecutado;Si;https://www.assetplan.cl/arriendo/departamento/san-miguel/carnot/2839/1-dormitorio?unit_id=481129&codigo_referido=;1708-A;Re-acondicionamiento
Arriendo Normal;CARD1806-A;Carnot 1069;San Miguel;Carnot;1;30;1D1B+T;;;No;357561.00;67084.00;12;0;50.00;1;1;0.5;3;3.00;0;0;65571;SO;27.96;4.78;;0;NOK;;2024-08-03;Ejecutado;Si;https://www.assetplan.cl/arriendo/departamento/san-miguel/carnot/2839/1-dormitorio?unit_id=481140&codigo_referido=;1806-A;Re-acondicionamiento
Arriendo Normal;CARD1911-A;Carnot 1069;San Miguel;Carnot;1;30;1D1B+T;;;No;335904.00;64454.00;12;0;50.00;1;1;0.5;3;3.00;0;0;65579;NE;27.97;2.38;;0;NOK;;2025-08-20;Ejecutado;Si;https://www.assetplan.cl/arriendo/departamento/san-miguel/carnot/2839/1-dormitorio?unit_id=481158&codigo_referido=;1911-A;Re-acondicionamiento
Arriendo Normal;CARD2003-A;Carnot 1069;San Miguel;Carnot;1;30;2D1B (4C);;;Si;422000.00;97000.00;12;0;50.00;1;1;0.5;3;3.00;0;0;65341;SE;45.59;2.62;;0;NOK;;2026-09-05;Ejecutado;Si;https://www.assetplan.cl/arriendo/departamento/san-miguel/carnot/2839/2-dormitorios?unit_id=481163&codigo_referido=;2003-A;Lista para arrendar
Arriendo Normal;CARD2007-A;Carnot 1069;San Miguel;Carnot;1;30;1D1B+T;;;No;358063.00;67084.00;12;0;50.00;1;1;0.5;3;3.00;0;0;65584;SO;27.96;4.78;;0;OK;;2025-06-25;Ejecutado;Si;https://www.assetplan.cl/arriendo/departamento/san-miguel/carnot/2839/1-dormitorio?unit_id=481167&codigo_referido=;2007-A;Re-acondicionamiento
Arriendo Normal;CARD223-B;Carnot 1069;San Miguel;Carnot;1;30;2D2B;;;Si;452791.00;102000.00;12;0;50.00;1;1;0.5;3;3.00;0;0;65288;NE;47.24;2.34;;0;OK;;2026-04-13;Ejecutado;Si;https://www.assetplan.cl/arriendo/departamento/san-miguel/carnot/2839/2-dormitorios?unit_id=481194&codigo_referido=;223-B;Lista para arrendar
Arriendo Normal;CARD317-B;Carnot 1069;San Miguel;Carnot;1;30;2D1B (4C);;;Si;419850.00;99089.00;12;0;50.00;1;1;0.5;3;3.00;0;0;65348;SE;46.02;3.86;;0;OK;;2026-09-16;Ejecutado;Si;https://www.assetplan.cl/arriendo/departamento/san-miguel/carnot/2839/2-dormitorios?unit_id=481198&codigo_referido=;317-B;Lista para arrendar
Arriendo Normal;CARD321-B;Carnot 1069;San Miguel;Carnot;1;30;2D1B (3C);;;No;395188.00;89824.00;12;0;50.00;1;1;0.5;3;3.00;0;0;65423;SO;42.35;2.22;;0;NOK;;;;Si;https://www.assetplan.cl/arriendo/departamento/san-miguel/carnot/2839/2-dormitorios?unit_id=481202&codigo_referido=;321-B;Re-acondicionamiento
Arriendo Normal;CARD416-B;Carnot 1069;San Miguel;Carnot;1;30;2D1B (4C);;;Si;413420.00;97353.00;12;0;50.00;1;1;0.5;3;3.00;0;0;65349;SE;45.59;2.62;;0;OK;;2026-07-03;Ejecutado;Si;https://www.assetplan.cl/arriendo/departamento/san-miguel/carnot/2839/2-dormitorios?unit_id=481207&codigo_referido=;416-B;Lista para arrendar
Arriendo Normal;CARD419-B;Carnot 1069;San Miguel;Carnot;1;30;1D1B+T;;;No;338531.00;66465.00;12;0;50.00;1;1;0.5;3;3.00;0;0;65606;SO;27.68;4.78;;0;OK;;2025-02-18;Ejecutado;Si;https://www.assetplan.cl/arriendo/departamento/san-miguel/carnot/2839/1-dormitorio?unit_id=481210&codigo_referido=;419-B;Re-acondicionamiento
Arriendo Normal;CARD515-B;Carnot 1069;San Miguel;Carnot;1;30;2D1B (3C);;;No;394813.00;87405.00;12;0;50.00;1;1;0.5;3;3.00;0;0;65426;SE;40.75;2.58;Edificio Multifamily;0;NOK;;2024-08-10;Ejecutado;Si;https://www.assetplan.cl/arriendo/departamento/san-miguel/carnot/2839/2-dormitorios?unit_id=481216&codigo_referido=;515-B;Re-acondicionamiento
Arriendo Normal;CARD714-B;Carnot 1069;San Miguel;Carnot;1;30;1D1B+T;;;No;363896.00;71151.00;12;0;50.00;1;1;0.5;3;3.00;0;0;65616;NE;31.46;1.46;;0;NOK;;;;Si;https://www.assetplan.cl/arriendo/departamento/san-miguel/carnot/2839/1-dormitorio?unit_id=481235&codigo_referido=;714-B;Re-acondicionamiento
Arriendo Normal;CARD719-B;Carnot 1069;San Miguel;Carnot;1;30;1D1B+T;;;No;339241.00;66465.00;12;0;50.00;1;1;0.5;3;3.00;0;0;65618;SO;27.68;4.78;;0;OK;;2025-03-20;Ejecutado;Si;https://www.assetplan.cl/arriendo/departamento/san-miguel/carnot/2839/1-dormitorio?unit_id=481240&codigo_referido=;719-B;Re-acondicionamiento
Arriendo Normal;CARD1019-B;Carnot 1069;San Miguel;Carnot;1;30;1D1B+T;;;No;339951.00;66465.00;12;0;50.00;1;1;0.5;3;3.00;0;0;65629;SO;27.68;4.78;;0;NOK;;;;Si;https://www.assetplan.cl/arriendo/departamento/san-miguel/carnot/2839/1-dormitorio?unit_id=481270&codigo_referido=;1019-B;Re-acondicionamiento
Arriendo Normal;CARD1419-B;Carnot 1069;San Miguel;Carnot;1;30;1D1B+T;;;Si;348000.00;67000.00;12;0;50.00;1;1;0.5;3;3.00;0;0;65644;SO;27.68;4.78;;0;OK;;2026-06-22;Ejecutado;Si;https://www.assetplan.cl/arriendo/departamento/san-miguel/carnot/2839/1-dormitorio?unit_id=481310&codigo_referido=;1419-B;Lista para arrendar
Arriendo Normal;CARD1518-B;Carnot 1069;San Miguel;Carnot;1;30;1D1B+T;;;Si;348000.00;67000.00;12;0;50.00;1;1;0.5;3;3.00;0;0;65647;SE;27.68;4.78;;0;OK;;2026-09-22;Ejecutado;Si;https://www.assetplan.cl/arriendo/departamento/san-miguel/carnot/2839/1-dormitorio?unit_id=481319&codigo_referido=;1518-B;Lista para arrendar
Arriendo Normal;CARD1615-B;Carnot 1069;San Miguel;Carnot;1;30;2D1B (3C);;;Si;399000.00;87000.00;12;0;50.00;1;1;0.5;3;3.00;0;0;65448;SE;40.75;2.58;;0;OK;;2026-05-19;Ejecutado;Si;https://www.assetplan.cl/arriendo/departamento/san-miguel/carnot/2839/2-dormitorios?unit_id=481326&codigo_referido=;1615-B;Lista para arrendar
Arriendo Normal;CARD1621-B;Carnot 1069;San Miguel;Carnot;1;30;2D1B (3C);;;No;395000.00;90000.00;12;0;50.00;1;1;0.5;3;3.00;0;0;65449;SO;42.35;2.22;;0;OK;;;Enviado;Si;https://www.assetplan.cl/arriendo/departamento/san-miguel/carnot/2839/2-dormitorios?unit_id=481332&codigo_referido=;1621-B;Re-acondicionamiento
Arriendo Normal;CARD1717-B;Carnot 1069;San Miguel;Carnot;1;30;2D1B (4C);;;Si;424000.00;99000.00;12;0;50.00;1;1;0.5;3;3.00;0;0;65376;SE;46.02;3.86;;0;OK;;;En revisión;Si;https://www.assetplan.cl/arriendo/departamento/san-miguel/carnot/2839/2-dormitorios?unit_id=481338&codigo_referido=;1717-B;Lista para arrendar
Arriendo Normal;CARD1723-B;Carnot 1069;San Miguel;Carnot;1;30;2D2B;;;Si;462000.00;102000.00;12;0;50.00;1;1;0.5;3;3.00;0;0;65303;NE;47.24;2.34;;0;NOK;;;En cotización;Si;https://www.assetplan.cl/arriendo/departamento/san-miguel/carnot/2839/2-dormitorios?unit_id=481344&codigo_referido=;1723-B;Lista para arrendar
Arriendo Normal;CARD1819-B;Carnot 1069;San Miguel;Carnot;1;30;1D1B+T;;;Si;348000.00;67000.00;12;0;50.00;1;1;0.5;3;3.00;0;0;65660;SO;27.68;4.78;;0;OK;;2026-09-09;Ejecutado;Si;https://www.assetplan.cl/arriendo/departamento/san-miguel/carnot/2839/1-dormitorio?unit_id=481350&codigo_referido=;1819-B;Lista para arrendar
Arriendo Normal;TRND902-A;Álvarez de Toledo 672;San Miguel;Toledo Rent;1;30;2D1B;;;No;436000.00;90000.00;6;6;50.00;1;1;0;3;3.00;0;0;109439;P;46.99;4.91;;0;NOK;;2025-07-22;Ejecutado;Si;https://www.assetplan.cl/arriendo/departamento/san-miguel/toledo-rent/3181/2-dormitorios?unit_id=503264&codigo_referido=;902-A;Re-acondicionamiento
Arriendo Normal;TRND1003-A;Álvarez de Toledo 672;San Miguel;Toledo Rent;1;30;1D1B;;;No;375000.00;65000.00;6;6;50.00;1;1;0;3;3.00;0;0;109589;NP;33.28;3.46;;0;NOK;;1969-12-31;Ejecutado;Si;https://www.assetplan.cl/arriendo/departamento/san-miguel/toledo-rent/3181/1-dormitorio?unit_id=503275&codigo_referido=;1003-A;Re-acondicionamiento
Arriendo Normal;TRND1005-A;Álvarez de Toledo 672;San Miguel;Toledo Rent;1;30;3D2B;;;Si;578000.00;112000.00;6;6;50.00;1;1;0;3;3.00;0;0;109541;O;58.71;4.23;;0;NOK;;;En revisión;Si;https://www.assetplan.cl/arriendo/departamento/san-miguel/toledo-rent/3181/3-dormitorios?unit_id=503277&codigo_referido=;1005-A;Lista para arrendar
Arriendo Normal;TRND1104-A;Álvarez de Toledo 672;San Miguel;Toledo Rent;1;30;2D2B;;;Si;485000.00;97000.00;6;6;50.00;1;1;0;3;3.00;0;0;109486;NO;51.18;4.01;;0;OK;;2026-09-23;Ejecutado;Si;https://www.assetplan.cl/arriendo/departamento/san-miguel/toledo-rent/3181/2-dormitorios?unit_id=503286&codigo_referido=;1104-A;Lista para arrendar
Arriendo Normal;TRND1108-A;Álvarez de Toledo 672;San Miguel;Toledo Rent;1;30;2D2B;;;No;485000.00;97000.00;6;6;50.00;1;1;0;3;3.00;0;0;109485;SO;51.17;4.01;;0;OK;;2026-09-26;Trabajando;Si;https://www.assetplan.cl/arriendo/departamento/san-miguel/toledo-rent/3181/2-dormitorios?unit_id=503290&codigo_referido=;1108-A;Re-acondicionamiento
Arriendo Normal;TRND1201-A;Álvarez de Toledo 672;San Miguel;Toledo Rent;1;30;1D1B;;;Si;376000.00;65000.00;6;6;50.00;1;1;0;3;3.00;0;0;109574;P;33.77;3.14;;0;OK;;2026-09-22;Ejecutado;Si;https://www.assetplan.cl/arriendo/departamento/san-miguel/toledo-rent/3181/1-dormitorio?unit_id=503293&codigo_referido=;1201-A;Lista para arrendar
Arriendo Normal;TRND409-B;Álvarez de Toledo 672;San Miguel;Toledo Rent;1;30;2D1B;;;No;435000.00;86000.00;6;6;50.00;1;1;0;3;3.00;0;0;109460;SP;45.40;3.36;;0;NOK;;2026-09-28;Trabajando;Si;https://www.assetplan.cl/arriendo/departamento/san-miguel/toledo-rent/3181/2-dormitorios?unit_id=503344&codigo_referido=;409-B;Re-acondicionamiento
Arriendo Normal;TRND501-B;Álvarez de Toledo 672;San Miguel;Toledo Rent;1;30;2D2B;;;Si;485000.00;100000.00;6;6;50.00;1;1;0;3;3.00;0;0;109518;NO;52.47;4.55;;0;OK;;2026-09-26;Ejecutado;Si;https://www.assetplan.cl/arriendo/departamento/san-miguel/toledo-rent/3181/2-dormitorios?unit_id=503346&codigo_referido=;501-B;Lista para arrendar
Arriendo Normal;TRND708-B;Álvarez de Toledo 672;San Miguel;Toledo Rent;1;30;1D1B;;;Si;376000.00;66000.00;6;6;50.00;1;1;0;3;3.00;0;0;109609;P;33.85;3.09;;0;NOK;;2026-09-22;Ejecutado;Si;https://www.assetplan.cl/arriendo/departamento/san-miguel/toledo-rent/3181/1-dormitorio?unit_id=503373&codigo_referido=;708-B;Lista para arrendar
Arriendo Normal;MTCD913-A;Matucana 31;Santiago;Matucana;1;30;2D2B;;;Si;450000.00;110000.00;3;0;0.00;0;1;0;3;3.00;0;0;40651;S;47.39;3.08;;0;OK;;2026-09-09;Ejecutado;Si;https://www.assetplan.cl/arriendo/departamento/santiago/matucana/1283/2-dormitorios?unit_id=442032&codigo_referido=;913-A;Lista para arrendar
Arriendo Normal;MTCD206-B;Matucana 31;Santiago;Matucana;1;30;1D1B;;;Si;321000.00;82000.00;3;0;0.00;0;1;0;3;3.00;0;0;40680;P;32.78;2.97;;0;OK;;2026-09-09;Ejecutado;Si;https://www.assetplan.cl/arriendo/departamento/santiago/matucana/1283/1-dormitorio?unit_id=442061&codigo_referido=;206-B;Lista para arrendar
Arriendo Normal;MTCD604-B;Matucana 31;Santiago;Matucana;1;30;1D1B;;;Si;325000.00;83000.00;3;0;50.00;1;1;0;3;3.00;0;0;40736;P;33.22;3.01;;0;OK;;2026-09-23;Ejecutado;Si;https://www.assetplan.cl/arriendo/departamento/santiago/matucana/1283/1-dormitorio?unit_id=442117&codigo_referido=;604-B;Lista para arrendar
Arriendo Normal;PORD102;Av. Portugal 676;Santiago;Portugal;1;30;1D1B+T;;;No;389000.00;85000.00;3;0;50.00;2;1;0;3;3.00;0;0;55169;S;32.74;0.00;;0;OK;;2026-09-07;Ejecutado;Si;https://www.assetplan.cl/arriendo/departamento/santiago/portugal/1915/1-dormitorio?unit_id=456771&codigo_referido=;102;Re-acondicionamiento
Arriendo Normal;PORD103;Av. Portugal 676;Santiago;Portugal;1;30;2D2B;;;No;504000.00;126000.00;3;0;0.00;0;1;0;3;3.00;0;0;55170;S;48.41;0.00;;0;OK;;;En cotización;Si;https://www.assetplan.cl/arriendo/departamento/santiago/portugal/1915/2-dormitorios?unit_id=456772&codigo_referido=;103;Re-acondicionamiento
Arriendo Normal;PORD104;Av. Portugal 676;Santiago;Portugal;1;30;2D2B;;;Si;517000.00;114000.00;3;6;50.00;1;1;0;3;3.00;0;0;55171;P;48.53;7.83;;0;OK;;;En cotización;Si;https://www.assetplan.cl/arriendo/departamento/santiago/portugal/1915/2-dormitorios?unit_id=456773&codigo_referido=;104;Lista para arrendar
Arriendo Normal;PORD209;Av. Portugal 676;Santiago;Portugal;1;30;2D2B;;;No;507000.00;112000.00;3;0;0.00;0;1;0;3;3.00;0;0;55193;P;47.85;7.83;;0;OK;;2026-09-07;En cotización;Si;https://www.assetplan.cl/arriendo/departamento/santiago/portugal/1915/2-dormitorios?unit_id=456795&codigo_referido=;209;Re-acondicionamiento
Arriendo Normal;PORD220;Av. Portugal 676;Santiago;Portugal;1;30;1D1B+T;;;No;397000.00;85000.00;3;0;50.00;2;1;0;3;3.00;0;0;55204;P;35.33;5.67;;0;NOK;;;En cotización;Si;https://www.assetplan.cl/arriendo/departamento/santiago/portugal/1915/1-dormitorio?unit_id=456806&codigo_referido=;220;Re-acondicionamiento
Arriendo Normal;PORD302;Av. Portugal 676;Santiago;Portugal;1;30;1D1B+T;;;No;392000.00;85000.00;3;0;50.00;2;1;0;3;3.00;0;0;55213;S;34.12;5.52;;0;OK;;2025-06-04;En cotización;Si;https://www.assetplan.cl/arriendo/departamento/santiago/portugal/1915/1-dormitorio?unit_id=456815&codigo_referido=;302;Re-acondicionamiento
Arriendo Normal;PORD313;Av. Portugal 676;Santiago;Portugal;1;30;2D2B;;;No;507000.00;112000.00;3;0;0.00;0;1;0;3;3.00;0;0;55224;P;47.85;7.83;;0;OK;;;En cotización;Si;https://www.assetplan.cl/arriendo/departamento/santiago/portugal/1915/2-dormitorios?unit_id=456826&codigo_referido=;313;Re-acondicionamiento
Arriendo Normal;PORD412;Av. Portugal 676;Santiago;Portugal;1;30;2D2B;;;Si;510000.00;112000.00;3;6;50.00;2;1;0;3;3.00;0;0;55259;P;47.85;7.83;;0;OK;;1996-02-01;Ejecutado;Si;https://www.assetplan.cl/arriendo/departamento/santiago/portugal/1915/2-dormitorios?unit_id=456861&codigo_referido=;412;Lista para arrendar
Arriendo Normal;PORD434;Av. Portugal 676;Santiago;Portugal;1;30;1D1B+T;;;No;393000.00;85000.00;3;0;50.00;2;1;0;3;3.00;0;0;55281;P;34.69;5.62;;0;OK;;;Aprobado sin mejoras;Si;https://www.assetplan.cl/arriendo/departamento/santiago/portugal/1915/1-dormitorio?unit_id=456883&codigo_referido=;434;Re-acondicionamiento
Arriendo Normal;PORD513;Av. Portugal 676;Santiago;Portugal;1;30;2D2B;;;Si;515000.00;126000.00;3;6;50.00;2;1;0;3;3.00;0;0;55296;P;47.85;7.83;;0;OK;;;Aprobado sin mejoras;Si;https://www.assetplan.cl/arriendo/departamento/santiago/portugal/1915/2-dormitorios?unit_id=456898&codigo_referido=;513;Lista para arrendar
Arriendo Normal;PORD526;Av. Portugal 676;Santiago;Portugal;1;30;2D2B;;;No;513000.00;121000.00;3;0;0.00;0;1;0;3;3.00;0;0;55309;S;51.43;8.55;;0;OK;;;;Si;https://www.assetplan.cl/arriendo/departamento/santiago/portugal/1915/2-dormitorios?unit_id=456911&codigo_referido=;526;Re-acondicionamiento
Arriendo Normal;PORD533;Av. Portugal 676;Santiago;Portugal;1;30;2D2B;;;No;515000.00;131000.00;3;0;0.00;0;1;0;3;3.00;0;0;55316;P;55.31;9.59;;0;OK;;2024-09-17;Ejecutado;Si;https://www.assetplan.cl/arriendo/departamento/santiago/portugal/1915/2-dormitorios?unit_id=456918&codigo_referido=;533;Re-acondicionamiento
Arriendo Normal;PORD611;Av. Portugal 676;Santiago;Portugal;1;30;1D1B+T;;;No;394000.00;85000.00;3;0;50.00;2;1;0;3;3.00;0;0;55330;P;34.76;5.57;;0;OK;;;En cotización;Si;https://www.assetplan.cl/arriendo/departamento/santiago/portugal/1915/1-dormitorio?unit_id=456932&codigo_referido=;611;Re-acondicionamiento
Arriendo Normal;PORD613;Av. Portugal 676;Santiago;Portugal;1;30;2D2B;;;Si;517000.00;115000.00;3;6;50.00;2;1;0;3;3.00;0;0;55332;P;47.85;7.83;;0;OK;;;Aprobado sin mejoras;Si;https://www.assetplan.cl/arriendo/departamento/santiago/portugal/1915/2-dormitorios?unit_id=456934&codigo_referido=;613;Lista para arrendar
Arriendo Normal;PORD722;Av. Portugal 676;Santiago;Portugal;1;30;2D2B;;;Si;525000.00;119000.00;3;0;50.00;1;1;0;3;3.00;0;0;55377;N;51.34;7.34;;0;OK;;;;Si;https://www.assetplan.cl/arriendo/departamento/santiago/portugal/1915/2-dormitorios?unit_id=456979&codigo_referido=;722;Lista para arrendar
Arriendo Normal;PORD728;Av. Portugal 676;Santiago;Portugal;1;30;2D2B;;;Si;534000.00;126000.00;3;6;50.00;2;1;0;3;3.00;0;0;55383;O;51.85;12.02;;0;OK;;;Aprobado sin mejoras;Si;https://www.assetplan.cl/arriendo/departamento/santiago/portugal/1915/2-dormitorios?unit_id=456985&codigo_referido=;728;Lista para arrendar
Arriendo Normal;PORD810;Av. Portugal 676;Santiago;Portugal;1;30;3D2B;;;No;667000.00;142000.00;3;0;0.00;0;1;0;3;3.00;0;0;55401;N;61.66;7.58;;0;OK;;;;Si;https://www.assetplan.cl/arriendo/departamento/santiago/portugal/1915/3-dormitorios?unit_id=457003&codigo_referido=;810;Re-acondicionamiento
Arriendo Normal;PORD906;Av. Portugal 676;Santiago;Portugal;1;30;1D1B;;;No;349000.00;78000.00;3;0;50.00;2;1;0;3;3.00;0;0;55433;P;30.57;3.15;;0;OK;;2024-11-12;En cotización;Si;https://www.assetplan.cl/arriendo/departamento/santiago/portugal/1915/1-dormitorio?unit_id=457035&codigo_referido=;906;Re-acondicionamiento
Arriendo Normal;ECHD204;Pje. Echaurren 40;Santiago;Echaurren;1;30;1D1B+T;;;No;399000.00;86000.00;3;0;0.00;0;1;0;3;3.00;0;0;52642;S;36.57;6.33;Edificio Multifamily;0;OK;;2024-05-09;Ejecutado;Si;https://www.assetplan.cl/arriendo/departamento/santiago/echaurren/1916/1-dormitorio?unit_id=457391&codigo_referido=;204;Re-acondicionamiento
Arriendo Normal;ECHD417;Pje. Echaurren 40;Santiago;Echaurren;1;30;1D1B;;;Si;350000.00;86000.00;3;6;50.00;2;1;0;3;3.00;0;0;52694;O;36.65;2.68;;0;OK;;;;Si;https://www.assetplan.cl/arriendo/departamento/santiago/echaurren/1916/1-dormitorio?unit_id=457443&codigo_referido=;417;Lista para arrendar
Arriendo Normal;ECHD419;Pje. Echaurren 40;Santiago;Echaurren;1;30;1D1B;;;Si;344000.00;82000.00;3;6;50.00;2;1;0;3;3.00;0;0;52696;O;30.73;2.99;;0;OK;;;En cotización;Si;https://www.assetplan.cl/arriendo/departamento/santiago/echaurren/1916/1-dormitorio?unit_id=457445&codigo_referido=;419;Lista para arrendar
Arriendo Normal;ECHD423;Pje. Echaurren 40;Santiago;Echaurren;1;30;1D1B;;;No;365000.00;82000.00;3;0;0.00;0;1;0;3;3.00;0;0;52700;O;30.73;2.99;;0;OK;;;;Si;https://www.assetplan.cl/arriendo/departamento/santiago/echaurren/1916/1-dormitorio?unit_id=457449&codigo_referido=;423;Re-acondicionamiento
Arriendo Normal;ECHD615;Pje. Echaurren 40;Santiago;Echaurren;1;30;2D2B (3C);;;Si;507000.00;123000.00;3;0;0.00;0;1;0;3;3.00;0;0;52742;P;44.19;4.59;;0;OK;;2024-11-12;Ejecutado;Si;https://www.assetplan.cl/arriendo/departamento/santiago/echaurren/1916/2-dormitorios?unit_id=457491&codigo_referido=;615;Lista para arrendar
Arriendo Normal;ECHD618;Pje. Echaurren 40;Santiago;Echaurren;1;30;1D1B;;;No;367000.00;82000.00;3;0;0.00;0;1;0;3;3.00;0;0;52745;O;30.73;2.99;;0;OK;;;;Si;https://www.assetplan.cl/arriendo/departamento/santiago/echaurren/1916/1-dormitorio?unit_id=457494&codigo_referido=;618;Re-acondicionamiento
Arriendo Normal;ECHD723;Pje. Echaurren 40;Santiago;Echaurren;1;30;1D1B;;;Si;354000.00;82000.00;3;6;50.00;2;1;0;3;3.00;0;0;52775;O;30.73;2.99;;0;OK;;2026-01-17;Ejecutado;Si;https://www.assetplan.cl/arriendo/departamento/santiago/echaurren/1916/1-dormitorio?unit_id=457524&codigo_referido=;723;Lista para arrendar
Arriendo Normal;ECHD820;Pje. Echaurren 40;Santiago;Echaurren;1;30;1D1B;;;Si;360000.00;82000.00;3;6;50.00;2;1;0;3;3.00;0;0;52797;O;30.73;2.99;;0;OK;;;;Si;https://www.assetplan.cl/arriendo/departamento/santiago/echaurren/1916/1-dormitorio?unit_id=457546&codigo_referido=;820;Lista para arrendar
Arriendo Normal;ECHD822;Pje. Echaurren 40;Santiago;Echaurren;1;30;1D1B;;;No;369000.00;82000.00;3;0;0.00;0;1;0;3;3.00;0;0;52799;O;30.73;2.99;;0;OK;;;;Si;https://www.assetplan.cl/arriendo/departamento/santiago/echaurren/1916/1-dormitorio?unit_id=457548&codigo_referido=;822;Re-acondicionamiento
Arriendo Normal;ECHD906;Pje. Echaurren 40;Santiago;Echaurren;1;30;2D2B (3C);;;No;513000.00;123000.00;3;0;0.00;0;1;0;3;3.00;0;0;52808;O;45.81;6.80;;0;OK;;2024-09-10;Ejecutado;Si;https://www.assetplan.cl/arriendo/departamento/santiago/echaurren/1916/2-dormitorios?unit_id=457557&codigo_referido=;906;Re-acondicionamiento
Arriendo Normal;PRLD120-A;Arturo Prat 621;Santiago;Midtown Santiago;1;30;Estudio;;;Si;329000.00;61000.00;3;6;0.00;0;1;0;3;3.00;1;0;54542;S;23.77;4.98;;0;OK;;2025-06-27;Ejecutado;Si;https://www.assetplan.cl/arriendo/departamento/santiago/midtown-santiago/2274/estudio?unit_id=466305&codigo_referido=;120-A;Lista para arrendar
Arriendo Normal;PRLD206-A;Arturo Prat 621;Santiago;Midtown Santiago;1;30;2D2B;;;Si;515000.00;102000.00;3;6;0.00;0;1;0;3;3.00;1;0;54554;N;46.90;5.69;;0;OK;;;Aprobado sin mejoras;Si;https://www.assetplan.cl/arriendo/departamento/santiago/midtown-santiago/2274/2-dormitorios?unit_id=466317&codigo_referido=;206-A;Lista para arrendar
Arriendo Normal;PRLD403-A;Arturo Prat 621;Santiago;Midtown Santiago;1;30;1D1B;;;Si;369000.00;73000.00;3;6;0.00;0;1;0;3;3.00;1;0;54606;P;31.36;4.45;;0;OK;Departamento con filtración en el área del cielo del baño. Se debe cambiar todo el piso ;;Enviado;Si;https://www.assetplan.cl/arriendo/departamento/santiago/midtown-santiago/2274/1-dormitorio?unit_id=466369&codigo_referido=;403-A;Lista para arrendar
Arriendo Normal;PRLD427-A;Arturo Prat 621;Santiago;Midtown Santiago;1;30;1D1B;;;No;369000.00;73000.00;3;6;0.00;0;1;0;3;3.00;1;0;54630;P;31.36;4.34;;0;OK;En proceso de recondicionado;2026-09-30;En cotización;Si;https://www.assetplan.cl/arriendo/departamento/santiago/midtown-santiago/2274/1-dormitorio?unit_id=466393&codigo_referido=;427-A;Re-acondicionamiento
Arriendo Normal;PRLD604-A;Arturo Prat 621;Santiago;Midtown Santiago;1;30;2D2B;;;Si;515000.00;100000.00;3;6;0.00;0;1;0;3;3.00;1;0;54663;N;45.81;5.87;;0;OK;;2026-09-10;Ejecutado;Si;https://www.assetplan.cl/arriendo/departamento/santiago/midtown-santiago/2274/2-dormitorios?unit_id=466426&codigo_referido=;604-A;Lista para arrendar
Arriendo Normal;PRLD605-A;Arturo Prat 621;Santiago;Midtown Santiago;1;30;2D2B;;;Si;515000.00;101000.00;3;6;0.00;0;1;0;3;3.00;1;0;54664;N;46.68;5.69;;0;NOK;;;Ejecutado;Si;https://www.assetplan.cl/arriendo/departamento/santiago/midtown-santiago/2274/2-dormitorios?unit_id=466427&codigo_referido=;605-A;Lista para arrendar
Arriendo Normal;PRLD711-A;Arturo Prat 621;Santiago;Midtown Santiago;1;30;Estudio;;;Si;334000.00;67000.00;3;6;0.00;0;1;0;3;3.00;1;0;54698;P;27.04;3.59;;0;OK;;2025-05-22;Ejecutado;Si;https://www.assetplan.cl/arriendo/departamento/santiago/midtown-santiago/2274/estudio?unit_id=466461&codigo_referido=;711-A;Lista para arrendar
Arriendo Normal;PRLD809-A;Arturo Prat 621;Santiago;Midtown Santiago;1;30;2D2B;;;Si;515000.00;100000.00;3;6;0.00;0;1;0;3;3.00;1;0;54724;N;45.81;5.82;;0;NOK;A espera de entrega por parte de la Constructora;2026-09-11;Ejecutado;Si;https://www.assetplan.cl/arriendo/departamento/santiago/midtown-santiago/2274/2-dormitorios?unit_id=466487&codigo_referido=;809-A;Lista para arrendar
Arriendo Normal;PRLD925-A;Arturo Prat 621;Santiago;Midtown Santiago;1;30;1D1B;;;No;372000.00;76000.00;3;6;0.00;0;1;0;3;3.00;1;0;54768;S;32.96;3.68;;0;OK;;2025-06-27;Ejecutado;Si;https://www.assetplan.cl/arriendo/departamento/santiago/midtown-santiago/2274/1-dormitorio?unit_id=466531&codigo_referido=;925-A;Re-acondicionamiento
Arriendo Normal;PRLD114-B;Arturo Prat 621;Santiago;Midtown Santiago;1;30;1D1B;;;No;367000.00;84000.00;3;6;0.00;0;1;0;3;3.00;1;0;54785;P;30.88;14.90;;0;NOK;;;Enviado;Si;https://www.assetplan.cl/arriendo/departamento/santiago/midtown-santiago/2274/1-dormitorio?unit_id=466548&codigo_referido=;114-B;Re-acondicionamiento
Arriendo Normal;PRLD201-B;Arturo Prat 621;Santiago;Midtown Santiago;1;30;1D1B;;;Si;359000.00;72000.00;3;6;0.00;0;1;0;3;3.00;1;0;54793;O;30.88;4.26;;0;OK;Postventa filtracion en el cierlo de la habitacion proveniente del 301-B ;;Ejecutado;Si;https://www.assetplan.cl/arriendo/departamento/santiago/midtown-santiago/2274/1-dormitorio?unit_id=466556&codigo_referido=;201-B;Lista para arrendar
Arriendo Normal;PRLD210-B;Arturo Prat 621;Santiago;Midtown Santiago;1;30;1D1B;;;Si;359000.00;72000.00;3;6;0.00;0;1;0;3;3.00;1;0;54802;P;30.88;4.26;;0;OK;;2025-06-17;Ejecutado;Si;https://www.assetplan.cl/arriendo/departamento/santiago/midtown-santiago/2274/1-dormitorio?unit_id=466565&codigo_referido=;210-B;Lista para arrendar
Arriendo Normal;PRLD211-B;Arturo Prat 621;Santiago;Midtown Santiago;1;30;1D1B;;;No;359000.00;72000.00;3;6;0.00;0;1;0;3;3.00;1;0;54803;P;30.88;4.26;;0;OK;;;Enviado;Si;https://www.assetplan.cl/arriendo/departamento/santiago/midtown-santiago/2274/1-dormitorio?unit_id=466566&codigo_referido=;211-B;Re-acondicionamiento
Arriendo Normal;PRLD216-B;Arturo Prat 621;Santiago;Midtown Santiago;1;30;1D1B;;;Si;359000.00;74000.00;3;6;0.00;0;1;0;3;3.00;1;0;54808;P;31.78;4.38;;0;OK;;2025-09-04;Ejecutado;Si;https://www.assetplan.cl/arriendo/departamento/santiago/midtown-santiago/2274/1-dormitorio?unit_id=466571&codigo_referido=;216-B;Lista para arrendar
Arriendo Normal;PRLD221-B;Arturo Prat 621;Santiago;Midtown Santiago;1;30;1D1B;;;Si;351000.00;72000.00;3;6;0.00;0;1;0;3;3.00;1;0;54813;O;31.97;2.08;;0;OK;;2025-05-22;Ejecutado;Si;https://www.assetplan.cl/arriendo/departamento/santiago/midtown-santiago/2274/1-dormitorio?unit_id=466576&codigo_referido=;221-B;Lista para arrendar
Arriendo Normal;PRLD401-B;Arturo Prat 621;Santiago;Midtown Santiago;1;30;1D1B;;;Si;365000.00;72000.00;3;6;0.00;0;1;0;3;3.00;1;0;54838;O;30.75;4.26;;0;OK;Bloqueado por Panel de de puerta terraza trizado;2026-09-16;Ejecutado;Si;https://www.assetplan.cl/arriendo/departamento/santiago/midtown-santiago/2274/1-dormitorio?unit_id=466600&codigo_referido=;401-B;Lista para arrendar
Arriendo Normal;PRLD402-B;Arturo Prat 621;Santiago;Midtown Santiago;1;30;1D1B;;;Si;357000.00;72000.00;3;6;0.00;0;1;0;3;3.00;1;0;54839;O;31.87;2.08;;0;OK;;;Enviado;Si;https://www.assetplan.cl/arriendo/departamento/santiago/midtown-santiago/2274/1-dormitorio?unit_id=466601&codigo_referido=;402-B;Lista para arrendar
Arriendo Normal;PRLD418-B;Arturo Prat 621;Santiago;Midtown Santiago;1;30;1D1B;;;Si;357000.00;72000.00;3;6;0.00;0;1;0;3;3.00;1;0;54855;O;31.87;2.08;;0;OK;;;Enviado;Si;https://www.assetplan.cl/arriendo/departamento/santiago/midtown-santiago/2274/1-dormitorio?unit_id=466617&codigo_referido=;418-B;Lista para arrendar
Arriendo Normal;PRLD420-B;Arturo Prat 621;Santiago;Midtown Santiago;1;30;1D1B;;;Si;357000.00;72000.00;3;6;0.00;0;1;0;3;3.00;1;0;54857;O;31.87;2.08;;0;OK;;2025-05-23;Ejecutado;Si;https://www.assetplan.cl/arriendo/departamento/santiago/midtown-santiago/2274/1-dormitorio?unit_id=466619&codigo_referido=;420-B;Lista para arrendar
Arriendo Normal;PRLD605-B;Arturo Prat 621;Santiago;Midtown Santiago;1;30;1D1B;;;Si;357000.00;72000.00;3;6;0.00;0;1;0;3;3.00;1;0;54886;O;31.87;2.08;;0;OK;En reacondicionamiento;2026-09-10;Ejecutado;Si;https://www.assetplan.cl/arriendo/departamento/santiago/midtown-santiago/2274/1-dormitorio?unit_id=466648&codigo_referido=;605-B;Lista para arrendar
Arriendo Normal;PRLD816-B;Arturo Prat 621;Santiago;Midtown Santiago;1;30;1D1B;;;Si;367000.00;73000.00;3;6;0.00;0;1;0;3;3.00;1;0;54941;P;31.36;4.34;;0;OK;;2025-04-15;Ejecutado;Si;https://www.assetplan.cl/arriendo/departamento/santiago/midtown-santiago/2274/1-dormitorio?unit_id=466703&codigo_referido=;816-B;Lista para arrendar
Arriendo Normal;PRLD817-B;Arturo Prat 621;Santiago;Midtown Santiago;1;30;1D1B;;;Si;367000.00;75000.00;3;6;0.00;0;1;0;3;3.00;1;0;54942;O;32.48;3.87;;0;OK;;2025-08-07;Ejecutado;Si;https://www.assetplan.cl/arriendo/departamento/santiago/midtown-santiago/2274/1-dormitorio?unit_id=466704&codigo_referido=;817-B;Lista para arrendar
Arriendo Normal;MRSD1014;Morandé 776;Santiago;Morande Sur;1;30;1D1B;;;Si;330000.00;80000.00;3;6;50.00;1;1;0;3;3.00;0;0;56402;N;33.40;5.48;;0;OK;Propietario quiere recuperar IVA
;;;Si;https://www.assetplan.cl/arriendo/departamento/santiago/morande-sur/2432/1-dormitorio?unit_id=468850&codigo_referido=;1014;Lista para arrendar
Arriendo Normal;FRKD107;Centenario 1329;Santiago;FAM Huemul;1;30;Estudio;;;Si;305000.00;76000.00;3;0;0.00;0;1;0;3;3.00;0;0;58647;S;28.00;3.00;;0;OK;;2026-08-26;Ejecutado;Si;https://www.assetplan.cl/arriendo/departamento/santiago/fam-huemul/2499/estudio?unit_id=469874&codigo_referido=;107;Lista para arrendar
Arriendo Especial;FRKD110;Centenario 1329;Santiago;FAM Huemul;1;30;Estudio;;;Si;306000.00;76000.00;3;0;0.00;0;1;0;3;3.00;0;0;58644;S;28.00;3.00;;0;OK;;2026-08-15;Ejecutado;Si;https://www.assetplan.cl/arriendo/departamento/santiago/fam-huemul/2499/estudio?unit_id=469877&codigo_referido=;110;Lista para arrendar
Arriendo Normal;FRKD205;Centenario 1329;Santiago;FAM Huemul;1;30;1D1B;;;Si;337000.00;90000.00;3;0;0.00;0;1;0;3;3.00;0;0;58744;P;33.00;4.00;;0;OK;;2026-09-22;Ejecutado;Si;https://www.assetplan.cl/arriendo/departamento/santiago/fam-huemul/2499/1-dormitorio?unit_id=469893&codigo_referido=;205;Lista para arrendar
Arriendo Normal;FRKD209;Centenario 1329;Santiago;FAM Huemul;1;30;Estudio;;;Si;308000.00;76000.00;3;0;0.00;0;1;0;3;3.00;0;0;58643;S;28.00;3.00;;0;OK;;2026-09-02;Ejecutado;Si;https://www.assetplan.cl/arriendo/departamento/santiago/fam-huemul/2499/estudio?unit_id=469897&codigo_referido=;209;Lista para arrendar
Arriendo Especial;FRKD320;Centenario 1329;Santiago;FAM Huemul;1;30;Estudio;;;Si;299000.00;73000.00;3;0;0.00;0;1;0;3;3.00;0;0;58628;N;27.00;3.00;;0;OK;;2026-06-30;Ejecutado;Si;https://www.assetplan.cl/arriendo/departamento/santiago/fam-huemul/2499/estudio?unit_id=469932&codigo_referido=;320;Lista para arrendar
Arriendo Normal;FRKD330;Centenario 1329;Santiago;FAM Huemul;1;30;1D1B;;;Si;332000.00;90000.00;3;0;0.00;0;1;0;3;3.00;0;0;58718;P;33.00;4.00;;0;OK;;;Caducado;Si;https://www.assetplan.cl/arriendo/departamento/santiago/fam-huemul/2499/1-dormitorio?unit_id=469942&codigo_referido=;330;Lista para arrendar
Arriendo Especial;FRKD340;Centenario 1329;Santiago;FAM Huemul;1;30;1D1B;;;Si;341000.00;90000.00;3;0;0.00;0;1;0;3;3.00;0;0;58710;S;33.00;4.00;;0;OK;;2026-08-15;Ejecutado;Si;https://www.assetplan.cl/arriendo/departamento/santiago/fam-huemul/2499/1-dormitorio?unit_id=469952&codigo_referido=;340;Lista para arrendar
Arriendo Normal;FRKD345;Centenario 1329;Santiago;FAM Huemul;1;30;1D1B;;;Si;342000.00;90000.00;3;0;0.00;0;1;0;3;3.00;0;0;58707;N;33.00;4.00;;0;OK;;2026-09-16;Ejecutado;Si;https://www.assetplan.cl/arriendo/departamento/santiago/fam-huemul/2499/1-dormitorio?unit_id=469957&codigo_referido=;345;Lista para arrendar
Arriendo Normal;FRKD422;Centenario 1329;Santiago;FAM Huemul;1;30;Estudio;;;Si;310000.00;76000.00;3;0;0.00;0;1;0;3;3.00;0;0;58612;N;28.00;3.00;;0;OK;;2026-09-09;Ejecutado;Si;https://www.assetplan.cl/arriendo/departamento/santiago/fam-huemul/2499/estudio?unit_id=469980&codigo_referido=;422;Lista para arrendar
Arriendo Normal;FRKD507;Centenario 1329;Santiago;FAM Huemul;1;30;1D1B;;;Si;343000.00;90000.00;3;0;0.00;0;1;0;3;3.00;0;0;58675;P;33.00;4.00;;0;OK;;2026-09-22;Ejecutado;Si;https://www.assetplan.cl/arriendo/departamento/santiago/fam-huemul/2499/1-dormitorio?unit_id=470011&codigo_referido=;507;Lista para arrendar
Arriendo Especial;FRKD521;Centenario 1329;Santiago;FAM Huemul;1;30;Estudio;;;Si;311000.00;73000.00;3;0;0.00;0;1;0;3;3.00;0;0;58599;N;27.00;3.00;;0;OK;;2026-08-17;Ejecutado;Si;https://www.assetplan.cl/arriendo/departamento/santiago/fam-huemul/2499/estudio?unit_id=470025&codigo_referido=;521;Lista para arrendar
Arriendo Normal;FRKD526;Centenario 1329;Santiago;FAM Huemul;1;30;1D1B;;;No;332000.00;90000.00;3;0;0.00;0;1;0;3;3.00;0;0;58671;P;33.00;4.00;;0;OK;;2026-09-25;Trabajando;Si;https://www.assetplan.cl/arriendo/departamento/santiago/fam-huemul/2499/1-dormitorio?unit_id=470030&codigo_referido=;526;Re-acondicionamiento
Arriendo Normal;ROMD222;Romero 2349;Santiago;Romero;1;30;1D1B;;;Si;359000.00;85000.00;3;6;50.00;1;1;0;3;3.00;0;0;59398;P;32.75;2.20;;0;OK;;2026-09-05;Ejecutado;Si;https://www.assetplan.cl/arriendo/departamento/santiago/romero/2559/1-dormitorio?unit_id=472709&codigo_referido=;222;Lista para arrendar
Arriendo Normal;ROMD405;Romero 2349;Santiago;Romero;1;30;2D2B (3C);;;Si;461000.00;109000.00;3;6;50.00;1;1;0;3;3.00;0;0;59441;S;46.83;3.42;;0;OK;;2026-07-22;Ejecutado;Si;https://www.assetplan.cl/arriendo/departamento/santiago/romero/2559/2-dormitorios?unit_id=472752&codigo_referido=;405;Lista para arrendar
Arriendo Normal;ROMD421;Romero 2349;Santiago;Romero;1;30;1D1B;;;Si;357000.00;83000.00;3;6;50.00;1;1;0;3;3.00;0;0;59457;P;33.14;0.00;;0;OK;;2026-09-22;Ejecutado;Si;https://www.assetplan.cl/arriendo/departamento/santiago/romero/2559/1-dormitorio?unit_id=472768&codigo_referido=;421;Lista para arrendar
Arriendo Normal;ROMD423;Romero 2349;Santiago;Romero;1;30;1D1B;;;Si;357000.00;84000.00;3;6;50.00;1;1;0;3;3.00;0;0;59459;P;32.57;2.20;;0;OK;;2026-09-17;Ejecutado;Si;https://www.assetplan.cl/arriendo/departamento/santiago/romero/2559/1-dormitorio?unit_id=472770&codigo_referido=;423;Lista para arrendar
Arriendo Normal;GAYD220;Claudio Gay 2547;Santiago;Claudio Gay;1;30;Estudio;;;Si;305000.00;76000.00;3;0;0.00;0;1;0.5;3;3.00;0;0;58887;O;30.27;5.14;;0;OK;;2026-03-24;Ejecutado;Si;https://www.assetplan.cl/arriendo/departamento/santiago/claudio-gay/2580/estudio?unit_id=472328&codigo_referido=;220;Lista para arrendar
Arriendo Normal;GAYD422;Claudio Gay 2547;Santiago;Claudio Gay;1;30;1D1B;;;Si;345000.00;86000.00;3;0;0.00;0;1;0.5;3;3.00;0;0;58943;N;34.34;5.82;;0;OK;;;Enviado;Si;https://www.assetplan.cl/arriendo/departamento/santiago/claudio-gay/2580/1-dormitorio?unit_id=472384&codigo_referido=;422;Lista para arrendar
Arriendo Normal;GAYD627;Claudio Gay 2547;Santiago;Claudio Gay;1;30;2D2B (4C);;;No;500000.00;127000.00;3;6;50.00;1;1;0.5;3;3.00;0;0;59008;O;51.45;8.72;;0;OK;;;Enviado;Si;https://www.assetplan.cl/arriendo/departamento/santiago/claudio-gay/2580/2-dormitorios?unit_id=472449&codigo_referido=;627;Re-acondicionamiento
Arriendo Normal;GAYD808;Claudio Gay 2547;Santiago;Claudio Gay;1;30;2D2B (4C);;;No;510000.00;126000.00;3;6;50.00;1;1;0.5;3;3.00;0;0;59049;N;50.92;8.72;;0;OK;;;Ejecutado;Si;https://www.assetplan.cl/arriendo/departamento/santiago/claudio-gay/2580/2-dormitorios?unit_id=472490&codigo_referido=;808;Re-acondicionamiento
Arriendo Normal;GAYD821;Claudio Gay 2547;Santiago;Claudio Gay;1;30;Estudio;;;Si;322000.00;76000.00;3;0;0.00;0;1;0.5;3;3.00;0;0;59062;N;30.15;5.12;;0;OK;;;En cotización;Si;https://www.assetplan.cl/arriendo/departamento/santiago/claudio-gay/2580/estudio?unit_id=472503&codigo_referido=;821;Lista para arrendar
Arriendo Normal;GAYD924;Claudio Gay 2547;Santiago;Claudio Gay;1;30;1D1B;;;Si;349000.00;86000.00;3;0;0.00;1;1;0.5;3;3.00;0;0;59095;N;34.34;5.82;;0;OK;;2026-09-25;Ejecutado;Si;https://www.assetplan.cl/arriendo/departamento/santiago/claudio-gay/2580/1-dormitorio?unit_id=472536&codigo_referido=;924;Lista para arrendar
Arriendo Normal;VSID814;Av. Sta. Rosa 537;Santiago;Vive Santa Isabel;1;30;Estudio;;;No;292000.00;65000.00;3;6;50.00;1;1;0;3;3.00;0;0;59571;S;21.35;3.58;;0;OK;;;En cotización;Si;https://www.assetplan.cl/arriendo/departamento/santiago/vive-santa-isabel/2584/estudio?unit_id=473011&codigo_referido=;814;Re-acondicionamiento
Arriendo Normal;VSID817;Av. Sta. Rosa 537;Santiago;Vive Santa Isabel;1;30;2D2B;;;Si;476000.00;130000.00;3;6;50.00;1;1;0;3;3.00;0;0;59718;P;44.83;3.50;;0;OK;;;En revisión;Si;https://www.assetplan.cl/arriendo/departamento/santiago/vive-santa-isabel/2584/2-dormitorios?unit_id=473014&codigo_referido=;817;Lista para arrendar
Arriendo Normal;VSID909;Av. Sta. Rosa 537;Santiago;Vive Santa Isabel;1;30;Estudio;;;Si;287000.00;65000.00;3;6;50.00;1;1;0;3;3.00;0;0;59603;N;19.61;;;0;OK;;;;Si;https://www.assetplan.cl/arriendo/departamento/santiago/vive-santa-isabel/2584/estudio?unit_id=473024&codigo_referido=;909;Lista para arrendar
Arriendo Normal;VSID1106;Av. Sta. Rosa 537;Santiago;Vive Santa Isabel;1;30;Estudio;;;No;286000.00;65000.00;3;6;50.00;1;1;0;3;3.00;0;0;59594;S;18.66;;;0;OK;;;Enviado;Si;https://www.assetplan.cl/arriendo/departamento/santiago/vive-santa-isabel/2584/estudio?unit_id=473057&codigo_referido=;1106;Re-acondicionamiento
Arriendo Normal;PRBD305;Av. Vicuña Mackenna 30;Santiago;Urbana 30;1;30;Estudio;;;Si;353000.00;75000.00;3;0;0.00;0;1;0;3;3.00;0;0;61441;P;27.00;0.00;;0;OK;06-02-2025 no tomar reserva en el aire no ha caido MVG (KY);;;Si;https://www.assetplan.cl/arriendo/departamento/santiago/urbana-30/2595/estudio?unit_id=472262&codigo_referido=;305;Lista para arrendar
Arriendo Normal;SNMD507;San Martín 811;Santiago;Vista San Martín;1;30;1D1B;;;No;330000.00;60000.00;3;0;50.00;1;1;0;1;3.00;0;0;59909;P;29.00;5.00;Ofic. Santa Lucía;0;OK;;;Enviado;Si;https://www.assetplan.cl/arriendo/departamento/santiago/vista-san-martin/2627/1-dormitorio?unit_id=474417&codigo_referido=;507;Re-acondicionamiento
Arriendo Normal;SNMD701;San Martín 811;Santiago;Vista San Martín;1;30;2D2B;;;Si;430000.00;100000.00;3;6;50.00;1;1;0;3;3.00;0;0;60001;N;43.00;0.00;Inspector;0;OK;;;Caducado;Si;https://www.assetplan.cl/arriendo/departamento/santiago/vista-san-martin/2627/2-dormitorios?unit_id=474519&codigo_referido=;701;Lista para arrendar
Arriendo Normal;SNMD1002;San Martín 811;Santiago;Vista San Martín;1;30;2D2B;x;;Si;477000;90000;3;6;50.00;1;1;0;3;3.00;0;0;59980;S;49.00;6.00;Ofic. Santa Lucía;0;NOK;22/9 No tomar OP, está con reserva no reflejada aún.;;Caducado;Si;https://www.assetplan.cl/arriendo/departamento/santiago/vista-san-martin/2627/2-dormitorios?unit_id=474529&codigo_referido=;1002;Lista para arrendar
Arriendo Normal;SNMD405;San Martín 811;Santiago;Vista San Martín;1;30;Estudio;;;Si;283000.00;50000.00;3;6;50.00;1;1;0;3;3.00;0;0;59962;P;15.00;2.00;Ofic. Santa Lucía;0;OK;;;Caducado;Si;https://www.assetplan.cl/arriendo/departamento/santiago/vista-san-martin/2627/estudio?unit_id=474636&codigo_referido=;405;Lista para arrendar
Arriendo Normal;VNCD208;Av. Vicuña Mackenna 1441;Santiago;Vicuña Capital;1;30;2D1B;;;Si;471000.00;100000.00;3;0;0.00;0;1;0;3;3.00;0;0;62048;N;38.00;2.00;;0;OK;;2026-08-10;Ejecutado;Si;https://www.assetplan.cl/arriendo/departamento/santiago/vicuna-capital/2752/2-dormitorios?unit_id=477539&codigo_referido=;208;Lista para arrendar
Arriendo Especial;VNCD212;Av. Vicuña Mackenna 1441;Santiago;Vicuña Capital;1;30;2D2B;;;Si;521000.00;122000.00;3;0;0.00;0;1;0;3;3.00;0;0;62127;O;47.00;4.00;;0;OK;;2026-07-09;Ejecutado;Si;https://www.assetplan.cl/arriendo/departamento/santiago/vicuna-capital/2752/2-dormitorios?unit_id=477542&codigo_referido=;212;Lista para arrendar
Arriendo Especial;VNCD215;Av. Vicuña Mackenna 1441;Santiago;Vicuña Capital;1;30;2D2B;;;Si;502000.00;117000.00;3;0;0.00;0;1;0;3;3.00;0;0;62125;S;45.00;4.00;;0;OK;;2026-05-06;Ejecutado;Si;https://www.assetplan.cl/arriendo/departamento/santiago/vicuna-capital/2752/2-dormitorios?unit_id=477545&codigo_referido=;215;Lista para arrendar
Arriendo Especial;VNCD314;Av. Vicuña Mackenna 1441;Santiago;Vicuña Capital;1;30;2D2B;;;Si;526000.00;128000.00;3;0;0.00;0;1;0;3;3.00;0;0;62120;O;50.00;3.00;;0;OK;;2026-08-06;Ejecutado;Si;https://www.assetplan.cl/arriendo/departamento/santiago/vicuna-capital/2752/2-dormitorios?unit_id=477565&codigo_referido=;314;Lista para arrendar
Arriendo Normal;VNCD420;Av. Vicuña Mackenna 1441;Santiago;Vicuña Capital;1;30;2D2B;;;Si;502000.00;109000.00;3;0;0.00;0;1;0;3;3.00;0;0;62112;P;43.00;2.00;;0;OK;;;En cotización;Si;https://www.assetplan.cl/arriendo/departamento/santiago/vicuna-capital/2752/2-dormitorios?unit_id=477592&codigo_referido=;420;Re-acondicionamiento
Arriendo Normal;VNCD504;Av. Vicuña Mackenna 1441;Santiago;Vicuña Capital;1;30;2D2B;;;Si;511000.00;118000.00;3;0;0.00;0;1;0;3;3.00;0;0;62111;P;44.00;7.00;;0;OK;;2025-09-11;Ejecutado;Si;https://www.assetplan.cl/arriendo/departamento/santiago/vicuna-capital/2752/2-dormitorios?unit_id=477597&codigo_referido=;504;Re-acondicionamiento
Arriendo Normal;VNCD508;Av. Vicuña Mackenna 1441;Santiago;Vicuña Capital;1;30;2D1B;;;Si;475000.00;100000.00;3;0;0.00;0;1;0;3;3.00;0;0;62045;N;38.00;2.00;;0;OK;;2026-07-09;Ejecutado;Si;https://www.assetplan.cl/arriendo/departamento/santiago/vicuna-capital/2752/2-dormitorios?unit_id=477601&codigo_referido=;508;Lista para arrendar
Arriendo Especial;VNCD514;Av. Vicuña Mackenna 1441;Santiago;Vicuña Capital;1;30;2D2B;;;Si;528000.00;128000.00;3;0;0.00;0;1;0;3;3.00;0;0;62108;O;50.00;3.00;;0;OK;;2026-08-17;Ejecutado;Si;https://www.assetplan.cl/arriendo/departamento/santiago/vicuna-capital/2752/2-dormitorios?unit_id=477607&codigo_referido=;514;Lista para arrendar
Arriendo Especial;VNCD520;Av. Vicuña Mackenna 1441;Santiago;Vicuña Capital;1;30;2D2B;;;Si;503000.00;109000.00;3;0;0.00;0;1;0;3;3.00;0;0;62106;P;43.00;2.00;;0;OK;;2026-08-05;Ejecutado;Si;https://www.assetplan.cl/arriendo/departamento/santiago/vicuna-capital/2752/2-dormitorios?unit_id=477613&codigo_referido=;520;Lista para arrendar
Arriendo Normal;VNCD604;Av. Vicuña Mackenna 1441;Santiago;Vicuña Capital;1;30;2D2B;;;No;512000.00;118000.00;3;0;0.00;0;1;0;3;3.00;0;0;62105;P;44.00;7.00;;0;OK;;;;Si;https://www.assetplan.cl/arriendo/departamento/santiago/vicuna-capital/2752/2-dormitorios?unit_id=477618&codigo_referido=;604;Re-acondicionamiento
Arriendo Normal;VNCD614;Av. Vicuña Mackenna 1441;Santiago;Vicuña Capital;1;30;2D2B;;;Si;529000.00;128000.00;3;0;0.00;0;1;0;3;3.00;0;0;62102;O;50.00;3.00;;0;OK;;2026-08-07;Ejecutado;Si;https://www.assetplan.cl/arriendo/departamento/santiago/vicuna-capital/2752/2-dormitorios?unit_id=477628&codigo_referido=;614;Lista para arrendar
Arriendo Normal;VNCD615;Av. Vicuña Mackenna 1441;Santiago;Vicuña Capital;1;30;2D2B;;;Si;509000.00;119000.00;3;0;0.00;0;1;0;3;3.00;0;0;62101;S;46.00;4.00;;0;OK;;2026-09-14;Ejecutado;Si;https://www.assetplan.cl/arriendo/departamento/santiago/vicuna-capital/2752/2-dormitorios?unit_id=477629&codigo_referido=;615;Lista para arrendar
Arriendo Especial;VNCD812;Av. Vicuña Mackenna 1441;Santiago;Vicuña Capital;1;30;2D2B;;;Si;528000.00;122000.00;3;0;0.00;0;1;0;3;3.00;0;0;62091;O;47.00;4.00;;0;OK;;2026-08-14;Ejecutado;Si;https://www.assetplan.cl/arriendo/departamento/santiago/vicuna-capital/2752/2-dormitorios?unit_id=477668&codigo_referido=;812;Lista para arrendar
Arriendo Especial;VNCD820;Av. Vicuña Mackenna 1441;Santiago;Vicuña Capital;1;30;2D2B;;;Si;506000.00;109000.00;3;0;0.00;0;1;0;3;3.00;0;0;62088;P;43.00;2.00;;0;OK;;2026-08-14;Ejecutado;Si;https://www.assetplan.cl/arriendo/departamento/santiago/vicuna-capital/2752/2-dormitorios?unit_id=477676&codigo_referido=;820;Lista para arrendar
Arriendo Normal;VNCD821;Av. Vicuña Mackenna 1441;Santiago;Vicuña Capital;1;30;1D1B;;;No;356000.00;64000.00;3;0;0.00;0;1;0;3;3.00;0;0;61930;P;27.00;2.00;;0;OK;;2025-06-09;Ejecutado;Si;https://www.assetplan.cl/arriendo/departamento/santiago/vicuna-capital/2752/1-dormitorio?unit_id=477677&codigo_referido=;821;Re-acondicionamiento
Arriendo Normal;VNCD1001;Av. Vicuña Mackenna 1441;Santiago;Vicuña Capital;1;30;1D1B;;;Si;357000.00;71000.00;3;0;0.00;0;1;0;3;3.00;0;0;61917;S;30.00;2.00;;0;OK;;2026-09-25;Trabajando;Si;https://www.assetplan.cl/arriendo/departamento/santiago/vicuna-capital/2752/1-dormitorio?unit_id=477696&codigo_referido=;1001;Re-acondicionamiento
Arriendo Normal;VNCD1015;Av. Vicuña Mackenna 1441;Santiago;Vicuña Capital;1;30;2D2B;;;Si;503000.00;119000.00;3;0;0.00;0;1;0;3;3.00;0;0;62079;S;46.00;4.00;;0;OK;;2026-07-16;Ejecutado;Si;https://www.assetplan.cl/arriendo/departamento/santiago/vicuna-capital/2752/2-dormitorios?unit_id=477709&codigo_referido=;1015;Lista para arrendar
Arriendo Especial;VNCD1215;Av. Vicuña Mackenna 1441;Santiago;Vicuña Capital;1;30;2D2B;;;Si;503000.00;119000.00;3;0;0.00;0;1;0;3;3.00;0;0;62069;S;46.00;4.00;;0;OK;;2026-09-10;Ejecutado;Si;https://www.assetplan.cl/arriendo/departamento/santiago/vicuna-capital/2752/2-dormitorios?unit_id=477745&codigo_referido=;1215;Lista para arrendar
Arriendo Normal;VNCD1514;Av. Vicuña Mackenna 1441;Santiago;Vicuña Capital;1;30;2D2B;;;Si;518000.00;119000.00;3;0;0.00;0;1;0;3;3.00;0;0;62055;O;47.00;2.00;;0;OK;;2026-09-22;Ejecutado;Si;https://www.assetplan.cl/arriendo/departamento/santiago/vicuna-capital/2752/2-dormitorios?unit_id=477792&codigo_referido=;1514;Lista para arrendar
Arriendo Normal;VNCD1616;Av. Vicuña Mackenna 1441;Santiago;Vicuña Capital;1;30;1D1B;;;Si;356000.00;70000.00;3;0;0.00;0;1;0;3;3.00;0;0;61844;S;30.00;1.00;;0;OK;;2026-09-24;Ejecutado;Si;https://www.assetplan.cl/arriendo/departamento/santiago/vicuna-capital/2752/1-dormitorio?unit_id=477810&codigo_referido=;1616;Lista para arrendar
Arriendo Normal;CRRD205;José Miguel Carrera 68;Santiago;Carrera Capital;1;30;1D1B;;;Si;383000.00;78000.00;3;0;0.00;0;1;0;3;3.00;0;0;64150;P;31.00;2.00;;0;OK;;2026-09-03;Ejecutado;Si;https://www.assetplan.cl/arriendo/departamento/santiago/carrera-capital/2829/1-dormitorio?unit_id=480287&codigo_referido=;205;Lista para arrendar
Arriendo Normal;CRRD316;José Miguel Carrera 68;Santiago;Carrera Capital;1;30;1D1B;;;Si;382000.00;80000.00;3;0;0.00;0;1;0;3;3.00;0;0;64176;P;32.00;2.00;;0;OK;;2026-09-03;Ejecutado;Si;https://www.assetplan.cl/arriendo/departamento/santiago/carrera-capital/2829/1-dormitorio?unit_id=480329&codigo_referido=;316;Lista para arrendar
Arriendo Normal;CRRD318;José Miguel Carrera 68;Santiago;Carrera Capital;1;30;Estudio;;;No;340000.00;71000.00;3;0;0.00;0;1;0;3;3.00;0;0;64309;O;28.00;1.00;;0;OK;;2026-09-24;Trabajando;Si;https://www.assetplan.cl/arriendo/departamento/santiago/carrera-capital/2829/estudio?unit_id=480331&codigo_referido=;318;Re-acondicionamiento
Arriendo Normal;CRRD319;José Miguel Carrera 68;Santiago;Carrera Capital;1;30;Estudio;;;Si;338000.00;69000.00;3;0;0.00;0;1;0;3;3.00;0;0;64310;O;27.00;1.00;;0;OK;;2026-09-25;Ejecutado;Si;https://www.assetplan.cl/arriendo/departamento/santiago/carrera-capital/2829/estudio?unit_id=480332&codigo_referido=;319;Lista para arrendar
Arriendo Normal;CRRD325;José Miguel Carrera 68;Santiago;Carrera Capital;1;30;Estudio;;;Si;345000.00;77000.00;3;0;0.00;0;1;0;3;3.00;0;0;64316;O;30.00;2.00;;0;OK;;2026-08-06;Ejecutado;Si;https://www.assetplan.cl/arriendo/departamento/santiago/carrera-capital/2829/estudio?unit_id=480338&codigo_referido=;325;Lista para arrendar
Arriendo Normal;CRRD518;José Miguel Carrera 68;Santiago;Carrera Capital;1;30;Estudio;;;Si;341000.00;71000.00;3;0;0.00;0;1;0;3;3.00;0;0;64337;O;28.00;1.00;;0;OK;;2026-08-11;Ejecutado;Si;https://www.assetplan.cl/arriendo/departamento/santiago/carrera-capital/2829/estudio?unit_id=480393&codigo_referido=;518;Lista para arrendar
Arriendo Normal;CRRD629;José Miguel Carrera 68;Santiago;Carrera Capital;1;30;2D2B;;;Si;541000.00;98000.00;3;0;0.00;0;1;0;3;3.00;0;0;64360;S;47.00;2.00;;0;OK;Listo para arrendar desde el dia 29/09/2026 P.M;;Enviado;Si;https://www.assetplan.cl/arriendo/departamento/santiago/carrera-capital/2829/2-dormitorios?unit_id=480435&codigo_referido=;629;Lista para arrendar
Arriendo Normal;CRRD719;José Miguel Carrera 68;Santiago;Carrera Capital;1;30;Estudio;;;Si;341000.00;69000.00;3;0;0.00;0;1;0;3;3.00;0;0;64366;O;27.00;1.00;;0;OK;;2026-09-15;Ejecutado;Si;https://www.assetplan.cl/arriendo/departamento/santiago/carrera-capital/2829/estudio?unit_id=480456&codigo_referido=;719;Lista para arrendar
Arriendo Normal;CRRD721;José Miguel Carrera 68;Santiago;Carrera Capital;1;30;Estudio;;;Si;341000.00;69000.00;3;0;0.00;0;1;0;3;3.00;0;0;64368;O;27.00;1.00;;0;OK;;2026-09-15;Ejecutado;Si;https://www.assetplan.cl/arriendo/departamento/santiago/carrera-capital/2829/estudio?unit_id=480458&codigo_referido=;721;Lista para arrendar
Arriendo Normal;CRRD725;José Miguel Carrera 68;Santiago;Carrera Capital;1;30;Estudio;;;Si;349000.00;77000.00;3;0;0.00;0;1;0;3;3.00;0;0;64372;O;30.00;2.00;;0;OK;;2026-08-10;Ejecutado;Si;https://www.assetplan.cl/arriendo/departamento/santiago/carrera-capital/2829/estudio?unit_id=480462&codigo_referido=;725;Lista para arrendar
Arriendo Normal;CRRD812;José Miguel Carrera 68;Santiago;Carrera Capital;1;30;2D2B;;;Si;552000.00;98000.00;3;0;0.00;0;1;0;3;3.00;0;0;64378;N;47.00;2.00;;0;OK;Listo para arrendar desde el dia 23/09/2026  P.M;2026-09-23;Ejecutado;Si;https://www.assetplan.cl/arriendo/departamento/santiago/carrera-capital/2829/2-dormitorios?unit_id=480480&codigo_referido=;812;Lista para arrendar
Arriendo Normal;CRRD818;José Miguel Carrera 68;Santiago;Carrera Capital;1;30;Estudio;;;Si;344000.00;71000.00;3;0;0.00;0;1;0;3;3.00;0;0;64379;O;28.00;1.00;;0;OK;;2026-08-06;Ejecutado;Si;https://www.assetplan.cl/arriendo/departamento/santiago/carrera-capital/2829/estudio?unit_id=480486&codigo_referido=;818;Lista para arrendar
Arriendo Normal;CRRD820;José Miguel Carrera 68;Santiago;Carrera Capital;1;30;Estudio;;;Si;342000.00;69000.00;3;0;0.00;0;1;0;3;3.00;0;0;64381;O;27.00;1.00;;0;OK;;2026-09-03;Ejecutado;Si;https://www.assetplan.cl/arriendo/departamento/santiago/carrera-capital/2829/estudio?unit_id=480488&codigo_referido=;820;Lista para arrendar
Arriendo Normal;EORD726-A;Sta. Elena 1278;Santiago;Espacio Oriente II Torre A;1;30;Estudio;;;Si;259000.00;37000.00;6;12;0.00;0;1;0.5;3;3.00;0;0;68383;N;17.76;0.00;;0;NOK;;2026-09-17;Ejecutado;Si;https://www.assetplan.cl/arriendo/departamento/santiago/espacio-oriente-ii-torre-a/2932/estudio?unit_id=485540&codigo_referido=;726-A;Lista para arrendar
Arriendo Normal;EORD1512-A;Sta. Elena 1278;Santiago;Espacio Oriente II Torre A;1;30;1D1B;;;No;303000.00;62000.00;6;12;0.00;0;1;0.5;3;3.00;0;0;68784;S;29.35;0.00;;0;NOK;;2025-02-17;Ejecutado;Si;https://www.assetplan.cl/arriendo/departamento/santiago/espacio-oriente-ii-torre-a/2932/1-dormitorio?unit_id=485941&codigo_referido=;1512-A;Re-acondicionamiento
Arriendo Normal;EORD1803-A;Sta. Elena 1278;Santiago;Espacio Oriente II Torre A;1;30;1D1B;;;No;303000.00;61000.00;6;12;0.00;0;1;0.5;3;3.00;0;0;68797;N;28.56;0.00;;0;NOK;;;Enviado;Si;https://www.assetplan.cl/arriendo/departamento/santiago/espacio-oriente-ii-torre-a/2932/1-dormitorio?unit_id=485954&codigo_referido=;1803-A;Re-acondicionamiento
Arriendo Normal;EORD306-A;Sta. Elena 1278;Santiago;Espacio Oriente II Torre A;1;30;1D1B;;;Si;295000.00;61000.00;6;12;50.00;1;1;0.5;3;3.00;0;0;68801;N;28.56;0.00;;0;OK;;2026-07-20;Ejecutado;Si;https://www.assetplan.cl/arriendo/departamento/santiago/espacio-oriente-ii-torre-a/2932/1-dormitorio?unit_id=485958&codigo_referido=;306-A;Lista para arrendar
Arriendo Normal;EORD506-A;Sta. Elena 1278;Santiago;Espacio Oriente II Torre A;1;30;1D1B;;;No;295000.00;61000.00;6;12;0.00;0;1;0.5;3;3.00;0;0;68806;N;28.56;0.00;;0;NOK;;;;Si;https://www.assetplan.cl/arriendo/departamento/santiago/espacio-oriente-ii-torre-a/2932/1-dormitorio?unit_id=485963&codigo_referido=;506-A;Re-acondicionamiento
Arriendo Normal;EORD614-A;Sta. Elena 1278;Santiago;Espacio Oriente II Torre A;1;30;1D1B;;;No;298000.00;62000.00;6;12;0.00;0;1;0.5;3;3.00;0;0;68823;S;29.35;0.00;;0;NOK;;;;Si;https://www.assetplan.cl/arriendo/departamento/santiago/espacio-oriente-ii-torre-a/2932/1-dormitorio?unit_id=485980&codigo_referido=;614-A;Re-acondicionamiento
Arriendo Normal;EORD505-A;Sta. Elena 1278;Santiago;Espacio Oriente II Torre A;1;30;1D1B;;;Si;295000.00;61000.00;6;12;0.00;0;1;0.5;3;3.00;0;0;69024;N;28.56;0.00;;0;NOK;07-05-2025 NO TOMAR. SE UTILIZARÁ PARA CAMBIO DE UNIDAD. MVG (GG);2026-09-23;Ejecutado;Si;https://www.assetplan.cl/arriendo/departamento/santiago/espacio-oriente-ii-torre-a/2932/1-dormitorio?unit_id=486181&codigo_referido=;505-A;Lista para arrendar
Arriendo Normal;EORD1305-A;Sta. Elena 1278;Santiago;Espacio Oriente II Torre A;1;30;1D1B;;;No;302000.00;61000.00;6;12;0.00;0;1;0.5;3;3.00;0;0;69026;N;28.56;0.00;;0;NOK;;;En cotización;Si;https://www.assetplan.cl/arriendo/departamento/santiago/espacio-oriente-ii-torre-a/2932/1-dormitorio?unit_id=486183&codigo_referido=;1305-A;Re-acondicionamiento
Arriendo Normal;EORD1312-A;Sta. Elena 1278;Santiago;Espacio Oriente II Torre A;1;30;1D1B;;;No;303000.00;62000.00;6;12;0.00;0;1;0.5;3;3.00;0;0;69032;S;29.35;0.00;;0;NOK;;;;Si;https://www.assetplan.cl/arriendo/departamento/santiago/espacio-oriente-ii-torre-a/2932/1-dormitorio?unit_id=486190&codigo_referido=;1312-A;Re-acondicionamiento
Arriendo Normal;EORD1223-A;Sta. Elena 1278;Santiago;Espacio Oriente II Torre A;1;30;1D1B;;;No;306000.00;74000.00;6;12;0.00;0;1;0.5;3;3.00;0;0;69066;P;34.97;0.00;;0;NOK;;;;Si;https://www.assetplan.cl/arriendo/departamento/santiago/espacio-oriente-ii-torre-a/2932/1-dormitorio?unit_id=486224&codigo_referido=;1223-A;Re-acondicionamiento
Arriendo Normal;EORD320-A;Sta. Elena 1278;Santiago;Espacio Oriente II Torre A;1;30;1D1B;;;No;294000.00;62000.00;6;12;0.00;0;1;0.5;3;3.00;0;0;69072;P;28.26;1.49;;0;NOK;;2025-08-22;Ejecutado;Si;https://www.assetplan.cl/arriendo/departamento/santiago/espacio-oriente-ii-torre-a/2932/1-dormitorio?unit_id=486230&codigo_referido=;320-A;Re-acondicionamiento
Arriendo Normal;EORD212-A;Sta. Elena 1278;Santiago;Espacio Oriente II Torre A;1;30;1D1B;;;Si;296000.00;62000.00;6;12;50.00;1;1;0.5;3;3.00;0;0;69083;S;29.35;0.00;;0;OK;Departamento en reparación, fecha de entrega, 21-02-22025;2026-07-03;Ejecutado;Si;https://www.assetplan.cl/arriendo/departamento/santiago/espacio-oriente-ii-torre-a/2932/1-dormitorio?unit_id=486241&codigo_referido=;212-A;Lista para arrendar
Arriendo Normal;EORD309-A;Sta. Elena 1278;Santiago;Espacio Oriente II Torre A;1;30;2D1B;;;Si;354000.00;80000.00;6;12;0.00;0;1;0.5;3;3.00;0;0;69153;N;37.82;1.37;;0;NOK;;2026-09-04;Ejecutado;Si;https://www.assetplan.cl/arriendo/departamento/santiago/espacio-oriente-ii-torre-a/2932/2-dormitorios?unit_id=486311&codigo_referido=;309-A;Lista para arrendar
Arriendo Normal;NO1D411-A;Sta. Elena 1486;Santiago;Nuevo Oriente I;1;30;1D1B;;;No;304000.00;62000.00;12;12;50.00;1;1;0.5;3;3.00;0;0;70288;S;27.79;2.86;;0;OK;;;Caducado;Si;https://www.assetplan.cl/arriendo/departamento/santiago/nuevo-oriente-i/2935/1-dormitorio?unit_id=486416&codigo_referido=;411-A;Re-acondicionamiento
Arriendo Normal;NO1D209-A;Sta. Elena 1486;Santiago;Nuevo Oriente I;1;30;1D1B;;;No;311000.00;63000.00;12;12;50.00;1;1;0.5;3;3.00;0;0;70294;O;28.30;2.86;;0;NOK;;;;Si;https://www.assetplan.cl/arriendo/departamento/santiago/nuevo-oriente-i/2935/1-dormitorio?unit_id=486422&codigo_referido=;209-A;Re-acondicionamiento
Arriendo Normal;NO1D1514-A;Sta. Elena 1486;Santiago;Nuevo Oriente I;1;30;1D1B;;;No;310000.00;62000.00;12;12;50.00;1;1;0.5;3;3.00;0;0;70921;S;27.79;2.86;;0;NOK;;;Enviado;Si;https://www.assetplan.cl/arriendo/departamento/santiago/nuevo-oriente-i/2935/1-dormitorio?unit_id=487049&codigo_referido=;1514-A;Re-acondicionamiento
Arriendo Normal;NO1D1716-A;Sta. Elena 1486;Santiago;Nuevo Oriente I;1;30;1D1B;;;No;317000.00;64000.00;12;12;50.00;1;1;0.5;3;3.00;0;0;70982;P;28.62;2.86;;0;NOK;;;Ejecutado;Si;https://www.assetplan.cl/arriendo/departamento/santiago/nuevo-oriente-i/2935/1-dormitorio?unit_id=487110&codigo_referido=;1716-A;Re-acondicionamiento
Arriendo Normal;NO1D1719-A;Sta. Elena 1486;Santiago;Nuevo Oriente I;1;30;2D1B;;;No;328000.00;74000.00;12;12;50.00;1;1;0.5;3;3.00;0;0;71008;O;34.58;2.86;;0;NOK;;;;Si;https://www.assetplan.cl/arriendo/departamento/santiago/nuevo-oriente-i/2935/2-dormitorios?unit_id=487136&codigo_referido=;1719-A;Re-acondicionamiento
Arriendo Normal;NO1D1328-A;Sta. Elena 1486;Santiago;Nuevo Oriente I;1;30;2D1B;;;No;360000.00;87000.00;12;12;50.00;1;1;0.5;3;3.00;0;0;71017;N;40.52;2.86;;0;NOK;;;Caducado;Si;https://www.assetplan.cl/arriendo/departamento/santiago/nuevo-oriente-i/2935/2-dormitorios?unit_id=487145&codigo_referido=;1328-A;Re-acondicionamiento
Arriendo Normal;NO1D2005-A;Sta. Elena 1486;Santiago;Nuevo Oriente I;1;30;2D1B;;;No;360000.00;86000.00;12;12;50.00;1;1;0.5;3;3.00;0;0;71022;P;40.19;2.86;;0;NOK;;;;Si;https://www.assetplan.cl/arriendo/departamento/santiago/nuevo-oriente-i/2935/2-dormitorios?unit_id=487150&codigo_referido=;2005-A;Re-acondicionamiento
Arriendo Normal;NO1D1104-A;Sta. Elena 1486;Santiago;Nuevo Oriente I;1;30;2D1B;;;Si;324000.00;81000.00;12;12;50.00;1;1;0.5;3;3.00;0;0;71027;P;37.63;2.86;;0;NOK;;;Ejecutado;Si;https://www.assetplan.cl/arriendo/departamento/santiago/nuevo-oriente-i/2935/2-dormitorios?unit_id=487155&codigo_referido=;1104-A;Lista para arrendar
Arriendo Normal;NO1D523-A;Sta. Elena 1486;Santiago;Nuevo Oriente I;1;30;2D1B;;;No;353000.00;85000.00;12;12;50.00;1;1;0.5;3;3.00;0;0;71041;P;39.69;2.86;;0;NOK;;2025-05-04;Ejecutado;Si;https://www.assetplan.cl/arriendo/departamento/santiago/nuevo-oriente-i/2935/2-dormitorios?unit_id=487169&codigo_referido=;523-A;Re-acondicionamiento
Arriendo Normal;NO1D804-A;Sta. Elena 1486;Santiago;Nuevo Oriente I;1;30;2D1B;;;No;322000.00;81000.00;12;12;50.00;1;1;0.5;3;3.00;0;0;71061;P;37.63;2.86;;0;NOK;;;;Si;https://www.assetplan.cl/arriendo/departamento/santiago/nuevo-oriente-i/2935/2-dormitorios?unit_id=487189&codigo_referido=;804-A;Re-acondicionamiento
Arriendo Normal;NO1D820-A;Sta. Elena 1486;Santiago;Nuevo Oriente I;1;30;2D1B;;;Si;358000.00;86000.00;12;12;50.00;1;1;0.5;3;3.00;0;0;71068;O;40.19;2.86;;0;NOK;;2026-09-22;Ejecutado;Si;https://www.assetplan.cl/arriendo/departamento/santiago/nuevo-oriente-i/2935/2-dormitorios?unit_id=487196&codigo_referido=;820-A;Lista para arrendar
Arriendo Normal;NO1D1704-A;Sta. Elena 1486;Santiago;Nuevo Oriente I;1;30;2D1B;;;No;326000.00;81000.00;12;12;50.00;1;1;0.5;3;3.00;0;0;71078;P;37.63;2.86;;0;NOK;03-02-2025 por favor no tomar se utilizara para cambio MVG ;;;Si;https://www.assetplan.cl/arriendo/departamento/santiago/nuevo-oriente-i/2935/2-dormitorios?unit_id=487206&codigo_referido=;1704-A;Re-acondicionamiento
Arriendo Normal;NO1D1225-A;Sta. Elena 1486;Santiago;Nuevo Oriente I;1;30;2D1B;;;No;360000.00;86000.00;12;12;50.00;1;1;0.5;3;3.00;0;0;71087;N;40.09;2.86;;0;NOK;;;;Si;https://www.assetplan.cl/arriendo/departamento/santiago/nuevo-oriente-i/2935/2-dormitorios?unit_id=487215&codigo_referido=;1225-A;Re-acondicionamiento
Arriendo Normal;NO1D1125-A;Sta. Elena 1486;Santiago;Nuevo Oriente I;1;30;2D1B;;;No;360000.00;86000.00;12;12;50.00;1;1;0.5;3;3.00;0;0;71104;N;40.09;2.86;;0;NOK;;;;Si;https://www.assetplan.cl/arriendo/departamento/santiago/nuevo-oriente-i/2935/2-dormitorios?unit_id=487232&codigo_referido=;1125-A;Re-acondicionamiento
Arriendo Normal;NO1D1928-A;Sta. Elena 1486;Santiago;Nuevo Oriente I;1;30;2D1B;;;No;362000.00;87000.00;12;12;50.00;1;1;0.5;3;3.00;0;0;71105;N;40.52;2.86;;0;NOK;;2025-08-20;Caducado;Si;https://www.assetplan.cl/arriendo/departamento/santiago/nuevo-oriente-i/2935/2-dormitorios?unit_id=487233&codigo_referido=;1928-A;Re-acondicionamiento
Arriendo Normal;NO1D1228-A;Sta. Elena 1486;Santiago;Nuevo Oriente I;1;30;2D1B;;;No;360000.00;87000.00;12;12;50.00;1;1;0.5;3;3.00;0;0;71115;N;40.52;2.86;;0;NOK;;;;Si;https://www.assetplan.cl/arriendo/departamento/santiago/nuevo-oriente-i/2935/2-dormitorios?unit_id=487243&codigo_referido=;1228-A;Re-acondicionamiento
Arriendo Normal;NO1D1326-A;Sta. Elena 1486;Santiago;Nuevo Oriente I;1;30;2D1B;;;No;360000.00;88000.00;12;12;50.00;1;1;0.5;3;3.00;0;0;71117;N;41.02;2.86;;0;NOK;;;;Si;https://www.assetplan.cl/arriendo/departamento/santiago/nuevo-oriente-i/2935/2-dormitorios?unit_id=487245&codigo_referido=;1326-A;Re-acondicionamiento
Arriendo Normal;NO1D325-A;Sta. Elena 1486;Santiago;Nuevo Oriente I;1;30;2D1B;;;No;353000.00;87000.00;12;12;50.00;1;1;0.5;3;3.00;0;0;71122;N;40.48;2.86;;0;NOK;;;Aprobado sin mejoras;Si;https://www.assetplan.cl/arriendo/departamento/santiago/nuevo-oriente-i/2935/2-dormitorios?unit_id=487250&codigo_referido=;325-A;Re-acondicionamiento
Arriendo Normal;NO1D307-A;Sta. Elena 1486;Santiago;Nuevo Oriente I;1;30;2D2B;;;No;422000.00;96000.00;12;12;50.00;1;1;0.5;3;3.00;0;0;71153;P;44.90;2.86;;0;NOK;Bloqueado ya que la unidad esta totalmente desvalijada, usada como deposito y la recuperación total de la unidad llevara tiempo;2026-09-29;Trabajando;Si;https://www.assetplan.cl/arriendo/departamento/santiago/nuevo-oriente-i/2935/2-dormitorios?unit_id=487281&codigo_referido=;307-A;Re-acondicionamiento
Arriendo Normal;NO2D802;Sta. Elena 1496;Santiago;Nuevo Oriente II;1;30;Estudio;;;Si;237000.00;46000.00;6;12;50.00;1;1;0.5;3;3.00;0;0;71181;N;19.57;0.00;;0;NOK;;2026-09-14;Ejecutado;Si;https://www.assetplan.cl/arriendo/departamento/santiago/nuevo-oriente-ii/2936/estudio?unit_id=487309&codigo_referido=;802;Lista para arrendar
Arriendo Normal;NO2D810;Sta. Elena 1496;Santiago;Nuevo Oriente II;1;30;1D1B;;;No;306000.00;61000.00;6;12;0.00;0;1;0.5;3;3.00;0;0;71207;S;27.91;0.00;;0;NOK;;;;Si;https://www.assetplan.cl/arriendo/departamento/santiago/nuevo-oriente-ii/2936/1-dormitorio?unit_id=487335&codigo_referido=;810;Re-acondicionamiento
Arriendo Normal;NO2D312;Sta. Elena 1496;Santiago;Nuevo Oriente II;1;30;1D1B;;;Si;305000.00;58000.00;6;12;0.00;0;1;0.5;3;3.00;0;0;71215;S;26.56;0.00;;0;NOK;;2026-08-25;Ejecutado;Si;https://www.assetplan.cl/arriendo/departamento/santiago/nuevo-oriente-ii/2936/1-dormitorio?unit_id=487343&codigo_referido=;312;Lista para arrendar
Arriendo Normal;SRSD204;Av. Sta. Rosa 1185;Santiago;Edificio Santa Rosa;1;30;1D1B;;;Si;297000.00;73000.00;6;12;0.00;0;1;0.5;3;3.00;0;0;66780;N;29.64;2.26;;0;NOK;;2026-09-22;Ejecutado;Si;https://www.assetplan.cl/arriendo/departamento/santiago/edificio-santa-rosa/2937/1-dormitorio?unit_id=488621&codigo_referido=;204;Lista para arrendar
Arriendo Normal;SRSD1220;Av. Sta. Rosa 1185;Santiago;Edificio Santa Rosa;1;30;1D1B;;;No;304000.00;73000.00;6;12;0.00;0;1;0.5;3;3.00;0;0;66934;N;29.64;2.26;;0;NOK;;;;Si;https://www.assetplan.cl/arriendo/departamento/santiago/edificio-santa-rosa/2937/1-dormitorio?unit_id=488789&codigo_referido=;1220;Re-acondicionamiento
Arriendo Normal;SRSD216;Av. Sta. Rosa 1185;Santiago;Edificio Santa Rosa;1;30;1D1B;;;Si;312000.00;81000.00;6;12;0.00;0;1;0.5;3;3.00;0;0;67061;P;33.00;2.65;;0;NOK;;1969-12-31;Ejecutado;Si;https://www.assetplan.cl/arriendo/departamento/santiago/edificio-santa-rosa/2937/1-dormitorio?unit_id=488916&codigo_referido=;216;Lista para arrendar
Arriendo Normal;SRSD302;Av. Sta. Rosa 1185;Santiago;Edificio Santa Rosa;1;30;1D1B;;;No;297000.00;73000.00;6;12;0.00;0;1;0.5;3;3.00;0;0;67101;N;29.64;2.26;;0;NOK;;;;Si;https://www.assetplan.cl/arriendo/departamento/santiago/edificio-santa-rosa/2937/1-dormitorio?unit_id=488956&codigo_referido=;302;Re-acondicionamiento
Arriendo Normal;SRSD805;Av. Sta. Rosa 1185;Santiago;Edificio Santa Rosa;1;30;1D1B;;;Si;304000.00;70000.00;6;12;0.00;0;1;0.5;3;3.00;0;0;67123;N;28.46;2.36;;0;OK;;2026-08-17;Ejecutado;Si;https://www.assetplan.cl/arriendo/departamento/santiago/edificio-santa-rosa/2937/1-dormitorio?unit_id=488978&codigo_referido=;805;Lista para arrendar
Arriendo Normal;SRSD721;Av. Sta. Rosa 1185;Santiago;Edificio Santa Rosa;1;30;1D1B;;;No;301000.00;73000.00;6;12;0.00;0;1;0.5;3;3.00;0;0;67134;N;29.64;2.26;;0;NOK;;;Enviado;Si;https://www.assetplan.cl/arriendo/departamento/santiago/edificio-santa-rosa/2937/1-dormitorio?unit_id=488989&codigo_referido=;721;Re-acondicionamiento
Arriendo Normal;SRSD215;Av. Sta. Rosa 1185;Santiago;Edificio Santa Rosa;1;30;2D1B;;;Si;373000.00;87000.00;6;12;0.00;0;1;0.5;3;3.00;0;0;67143;N;37.88;0.00;;0;OK;En obras;2026-07-01;Ejecutado;Si;https://www.assetplan.cl/arriendo/departamento/santiago/edificio-santa-rosa/2937/2-dormitorios?unit_id=488998&codigo_referido=;215;Lista para arrendar
Arriendo Normal;MISD404;Av. Ejército Libertador 50;Santiago;Mirador Santiago;1;30;1D1B;;;Si;365000.00;74000.00;3;0;0.00;0;1;0;3;3.00;0;0;71906;O;29.00;1.00;;0;OK;;;;Si;https://www.assetplan.cl/arriendo/departamento/santiago/mirador-santiago/2989/1-dormitorio?unit_id=492646&codigo_referido=;404;Lista para arrendar
Arriendo Normal;EJTD312;Av. Ejército Libertador 75;Santiago;Home Inclusive Ejército;1;30;1D1B;;;No;338000.00;72000.00;3;0;0.00;0;1;0.5;3;3.00;0;0;73493;N;28.00;0.00;;0;NOK;;;;Si;https://www.assetplan.cl/arriendo/departamento/santiago/home-inclusive-ejercito/3069/1-dormitorio?unit_id=496988&codigo_referido=;312;Re-acondicionamiento
Arriendo Normal;EJTD511;Av. Ejército Libertador 75;Santiago;Home Inclusive Ejército;1;30;2D2B;;;No;501000.00;110000.00;3;0;0.00;0;1;0.5;3;3.00;0;0;73288;N;53.00;0.00;;0;NOK;;;;Si;https://www.assetplan.cl/arriendo/departamento/santiago/home-inclusive-ejercito/3069/2-dormitorios?unit_id=497025&codigo_referido=;511;Re-acondicionamiento
Arriendo Normal;EJTD701;Av. Ejército Libertador 75;Santiago;Home Inclusive Ejército;1;30;1D1B;;;Si;325000.00;81000.00;3;0;0.00;0;1;0.5;3;3.00;0;0;73316;N;31.00;1.00;;0;OK;;;;Si;https://www.assetplan.cl/arriendo/departamento/santiago/home-inclusive-ejercito/3069/1-dormitorio?unit_id=497053&codigo_referido=;701;Lista para arrendar
Arriendo Normal;EJTD706;Av. Ejército Libertador 75;Santiago;Home Inclusive Ejército;1;30;Estudio;;;Si;325000.00;65000.00;3;0;0.00;0;1;0.5;3;3.00;0;0;73321;N;25.00;1.00;;0;NOK;;;Aprobado sin mejoras;Si;https://www.assetplan.cl/arriendo/departamento/santiago/home-inclusive-ejercito/3069/estudio?unit_id=497058&codigo_referido=;706;Lista para arrendar
Arriendo Normal;CRND125;Carmen 668;Santiago;Home Inclusive Carmen;1;30;1D1B;;;No;320000.00;110000.00;3;0;0.00;0;1;0.5;3;3.00;0;0;73817;S;35.00;24.00;;0;OK;;1969-12-31;Trabajando;Si;https://www.assetplan.cl/arriendo/departamento/santiago/home-inclusive-carmen/3076/1-dormitorio?unit_id=497314&codigo_referido=;125;Re-acondicionamiento
Arriendo Normal;CRND224;Carmen 668;Santiago;Home Inclusive Carmen;1;30;1D1B;;;Si;310000.00;79000.00;3;0;50.00;1;1;0.5;3;3.00;0;0;73843;S;33.00;2.00;;0;OK;;2026-05-27;Ejecutado;Si;https://www.assetplan.cl/arriendo/departamento/santiago/home-inclusive-carmen/3076/1-dormitorio?unit_id=497340&codigo_referido=;224;Lista para arrendar
Arriendo Normal;CRND331;Carmen 668;Santiago;Home Inclusive Carmen;1;30;1D1B;;;Si;320000.00;78000.00;3;0;0.00;0;1;0.5;3;3.00;0;0;72859;P;33.00;1.00;;0;NOK;;2026-08-14;Ejecutado;Si;https://www.assetplan.cl/arriendo/departamento/santiago/home-inclusive-carmen/3076/1-dormitorio?unit_id=497381&codigo_referido=;331;Lista para arrendar
Arriendo Normal;CRND432;Carmen 668;Santiago;Home Inclusive Carmen;1;30;1D1B;;;Si;320000.00;78000.00;3;0;0.00;0;1;0.5;3;3.00;0;0;72896;P;33.00;1.00;;0;NOK;;2026-08-28;Ejecutado;Si;https://www.assetplan.cl/arriendo/departamento/santiago/home-inclusive-carmen/3076/1-dormitorio?unit_id=497418&codigo_referido=;432;Lista para arrendar
Arriendo Normal;CRND513;Carmen 668;Santiago;Home Inclusive Carmen;1;30;2D2B;;;Si;488000.00;114000.00;3;0;50.00;1;1;0.5;3;3.00;0;0;72913;O;51.00;4.00;;0;NOK;;2026-09-23;Ejecutado;Si;https://www.assetplan.cl/arriendo/departamento/santiago/home-inclusive-carmen/3076/2-dormitorios?unit_id=497435&codigo_referido=;513;Lista para arrendar
Arriendo Normal;CRND529;Carmen 668;Santiago;Home Inclusive Carmen;1;30;1D1B;;;Si;328000.00;79000.00;3;0;0.00;0;1;0.5;3;3.00;0;0;72929;P;33.00;2.00;;0;NOK;;;En cotización;Si;https://www.assetplan.cl/arriendo/departamento/santiago/home-inclusive-carmen/3076/1-dormitorio?unit_id=497451&codigo_referido=;529;Lista para arrendar
Arriendo Normal;CRND531;Carmen 668;Santiago;Home Inclusive Carmen;1;30;1D1B;;;Si;328000.00;78000.00;3;0;0.00;0;1;0.5;3;3.00;0;0;72931;P;33.00;1.00;;0;NOK;;1969-12-31;Ejecutado;Si;https://www.assetplan.cl/arriendo/departamento/santiago/home-inclusive-carmen/3076/1-dormitorio?unit_id=497453&codigo_referido=;531;Lista para arrendar
Arriendo Normal;CRND716;Carmen 668;Santiago;Home Inclusive Carmen;1;30;1D1B;;;Si;324000.00;84000.00;3;0;0.00;0;1;0.5;3;3.00;0;0;72988;N;35.00;2.00;;0;NOK;;2026-09-08;Ejecutado;Si;https://www.assetplan.cl/arriendo/departamento/santiago/home-inclusive-carmen/3076/1-dormitorio?unit_id=497510&codigo_referido=;716;Lista para arrendar
Arriendo Normal;CRND735;Carmen 668;Santiago;Home Inclusive Carmen;1;30;2D2B;;;Si;490000.00;119000.00;3;0;0.00;0;1;0.5;3;3.00;0;0;73540;P;54.00;2.00;;0;NOK;;2026-08-14;Ejecutado;Si;https://www.assetplan.cl/arriendo/departamento/santiago/home-inclusive-carmen/3076/2-dormitorios?unit_id=497529&codigo_referido=;735;Lista para arrendar
Arriendo Normal;CRND819;Carmen 668;Santiago;Home Inclusive Carmen;1;30;2D2B;;;No;488000.00;111000.00;3;0;0.00;0;1;0.5;3;3.00;0;0;73560;N;51.00;1.00;;0;NOK;;;;Si;https://www.assetplan.cl/arriendo/departamento/santiago/home-inclusive-carmen/3076/2-dormitorios?unit_id=497549&codigo_referido=;819;Re-acondicionamiento
Arriendo Normal;SISD101;San Isidro 543;Santiago;Edificio San Isidro 543;1;30;1D1B;;;No;340000.00;90000.00;3;0;0.00;0;1;0;3;3.00;0;0;93963;N;38.00;1.00;;0;OK;;2026-09-24;Trabajando;Si;https://www.assetplan.cl/arriendo/departamento/santiago/edificio-san-isidro-543/3130/1-dormitorio?unit_id=499840&codigo_referido=;101;Re-acondicionamiento
Arriendo Normal;SISD104;San Isidro 543;Santiago;Edificio San Isidro 543;1;30;1D1B;;;No;330000.00;84000.00;3;0;0.00;0;1;0;3;3.00;0;0;93966;N;33.00;1.00;;0;OK;;;;Si;https://www.assetplan.cl/arriendo/departamento/santiago/edificio-san-isidro-543/3130/1-dormitorio?unit_id=499843&codigo_referido=;104;Re-acondicionamiento
Arriendo Normal;SISD212;San Isidro 543;Santiago;Edificio San Isidro 543;1;30;1D1B;;;No;345000.00;84000.00;3;0;0.00;0;1;0;3;3.00;0;0;93991;N;33.00;1.00;;0;OK;;2026-09-28;Trabajando;Si;https://www.assetplan.cl/arriendo/departamento/santiago/edificio-san-isidro-543/3130/1-dormitorio?unit_id=499868&codigo_referido=;212;Re-acondicionamiento
Arriendo Normal;SISD218;San Isidro 543;Santiago;Edificio San Isidro 543;1;30;1D1B;;;Si;330000.00;79000.00;3;0;0.00;0;1;0;3;3.00;0;0;93997;S;31.00;1.00;;0;OK;;2026-08-14;Ejecutado;Si;https://www.assetplan.cl/arriendo/departamento/santiago/edificio-san-isidro-543/3130/1-dormitorio?unit_id=499874&codigo_referido=;218;Lista para arrendar
Arriendo Normal;SISD328;San Isidro 543;Santiago;Edificio San Isidro 543;1;30;2D2B;;;Si;470000.00;113000.00;3;0;0.00;0;1;0;3;3.00;0;0;94035;S;45.00;0.00;;0;OK;;2026-08-20;Ejecutado;Si;https://www.assetplan.cl/arriendo/departamento/santiago/edificio-san-isidro-543/3130/2-dormitorios?unit_id=499912&codigo_referido=;328;Lista para arrendar
Arriendo Normal;SISD409;San Isidro 543;Santiago;Edificio San Isidro 543;1;30;1D1B;;;Si;350000.00;83000.00;3;0;0.00;0;1;0;3;3.00;0;0;94042;N;32.00;2.00;;0;OK;;2026-09-11;Ejecutado;Si;https://www.assetplan.cl/arriendo/departamento/santiago/edificio-san-isidro-543/3130/1-dormitorio?unit_id=499919&codigo_referido=;409;Lista para arrendar
Arriendo Normal;SISD424;San Isidro 543;Santiago;Edificio San Isidro 543;1;30;1D1B;;;Si;365000.00;82000.00;3;0;0.00;0;1;0;3;3.00;0;0;94057;S;32.00;1.00;;0;OK;;2026-09-08;Ejecutado;Si;https://www.assetplan.cl/arriendo/departamento/santiago/edificio-san-isidro-543/3130/1-dormitorio?unit_id=499934&codigo_referido=;424;Lista para arrendar
Arriendo Normal;SISD619;San Isidro 543;Santiago;Edificio San Isidro 543;1;30;1D1B;;;Si;365000.00;83000.00;3;0;0.00;0;1;0;3;3.00;0;0;94102;S;32.00;2.00;;0;OK;;2026-09-22;Ejecutado;Si;https://www.assetplan.cl/arriendo/departamento/santiago/edificio-san-isidro-543/3130/1-dormitorio?unit_id=499979&codigo_referido=;619;Lista para arrendar
Arriendo Normal;SISD726;San Isidro 543;Santiago;Edificio San Isidro 543;1;30;2D2B;;;Si;490000.00;114000.00;3;0;0.00;0;1;0;3;3.00;0;0;94134;S;45.00;1.00;;0;OK;;2026-09-24;Ejecutado;Si;https://www.assetplan.cl/arriendo/departamento/santiago/edificio-san-isidro-543/3130/2-dormitorios?unit_id=500011&codigo_referido=;726;Lista para arrendar
Arriendo Normal;SISD827;San Isidro 543;Santiago;Edificio San Isidro 543;1;30;2D2B;;;Si;485000.00;115000.00;3;0;0.00;0;1;0;3;3.00;0;0;94160;S;45.00;2.00;;0;OK;;2026-08-21;Ejecutado;Si;https://www.assetplan.cl/arriendo/departamento/santiago/edificio-san-isidro-543/3130/2-dormitorios?unit_id=500037&codigo_referido=;827;Lista para arrendar
Arriendo Normal;NDVD203-A;Nueva de Valdés 657;Santiago;Nueva Valdés;1;30;2D2B;;;Si;427000.00;123000.00;3;0;0.00;0;1;0;3;3.00;0;0;76006;O;47.00;4.00;;0;NOK;;;Aprobado sin mejoras;Si;https://www.assetplan.cl/arriendo/departamento/santiago/nueva-valdes/3138/2-dormitorios?unit_id=500377&codigo_referido=;203-A;Lista para arrendar
Arriendo Normal;NDVD204-B;Nueva de Valdés 657;Santiago;Nueva Valdés;1;30;Estudio;;;No;289000.00;69000.00;3;0;0.00;0;1;0;3;3.00;0;0;76108;S;29.00;0.00;;0;NOK;;;Enviado;Si;https://www.assetplan.cl/arriendo/departamento/santiago/nueva-valdes/3138/estudio?unit_id=500380&codigo_referido=;204-B;Re-acondicionamiento
Arriendo Normal;NDVD312-B;Nueva de Valdés 657;Santiago;Nueva Valdés;1;30;Estudio;;;No;293000.00;64000.00;3;0;0.00;0;1;0;3;3.00;0;0;76128;N;27.00;0.00;;0;NOK;;;En cotización;Si;https://www.assetplan.cl/arriendo/departamento/santiago/nueva-valdes/3138/estudio?unit_id=500424&codigo_referido=;312-B;Re-acondicionamiento
Arriendo Normal;NDVD315-A;Nueva de Valdés 657;Santiago;Nueva Valdés;1;30;1D1B;;;No;332000.00;76000.00;3;0;0.00;0;1;0;3;3.00;0;0;76028;P;30.00;1.00;;0;NOK;No tomar, se usará de forma interna AR 29-01-25;;Aprobado sin mejoras;Si;https://www.assetplan.cl/arriendo/departamento/santiago/nueva-valdes/3138/1-dormitorio?unit_id=500428&codigo_referido=;315-A;Re-acondicionamiento
Arriendo Normal;NDVD408-A;Nueva de Valdés 657;Santiago;Nueva Valdés;1;30;1D1B;;;No;332000.00;77000.00;3;0;0.00;0;1;0;3;3.00;0;0;76034;N;30.00;2.00;;0;NOK;;;Aprobado sin mejoras;Si;https://www.assetplan.cl/arriendo/departamento/santiago/nueva-valdes/3138/1-dormitorio?unit_id=500443&codigo_referido=;408-A;Re-acondicionamiento
Arriendo Normal;NDVD608-A;Nueva de Valdés 657;Santiago;Nueva Valdés;1;30;1D1B;;;Si;336000.00;80000.00;3;0;0.00;0;1;0;3;3.00;0;0;76058;N;30.00;2.00;;0;NOK;;;Enviado;Si;https://www.assetplan.cl/arriendo/departamento/santiago/nueva-valdes/3138/1-dormitorio?unit_id=500499&codigo_referido=;608-A;Lista para arrendar
Arriendo Normal;NDVD614-A;Nueva de Valdés 657;Santiago;Nueva Valdés;1;30;2D2B;;;No;427000.00;115000.00;3;0;0.00;0;1;0;3;3.00;0;0;76063;S;45.00;2.00;;0;NOK;;;En cotización;Si;https://www.assetplan.cl/arriendo/departamento/santiago/nueva-valdes/3138/2-dormitorios?unit_id=500511&codigo_referido=;614-A;Re-acondicionamiento
Arriendo Normal;NDVD711-A;Nueva de Valdés 657;Santiago;Nueva Valdés;1;30;1D1B;;;Si;336000.00;77000.00;3;0;0.00;0;1;0;3;3.00;0;0;76073;S;30.00;2.00;;0;NOK;;;Aprobado sin mejoras;Si;https://www.assetplan.cl/arriendo/departamento/santiago/nueva-valdes/3138/1-dormitorio?unit_id=500533&codigo_referido=;711-A;Lista para arrendar
Arriendo Normal;NDVD801-A;Nueva de Valdés 657;Santiago;Nueva Valdés;1;30;2D2B;;;Si;432000.00;121000.00;3;0;0.00;0;1;0;3;3.00;0;0;75975;O;46.00;4.00;;0;NOK;NO TOMAR OP PARA CAMBIO - MVGV 07-03 (JH);;;Si;https://www.assetplan.cl/arriendo/departamento/santiago/nueva-valdes/3138/2-dormitorios?unit_id=500541&codigo_referido=;801-A;Lista para arrendar
Arriendo Normal;NDVD801-B;Nueva de Valdés 657;Santiago;Nueva Valdés;1;30;2D1B;;;Si;425000.00;113000.00;3;0;0.00;0;1;0;3;3.00;0;0;76180;P;47.00;2.00;;0;NOK;;;Aprobado sin mejoras;Si;https://www.assetplan.cl/arriendo/departamento/santiago/nueva-valdes/3138/2-dormitorios?unit_id=500542&codigo_referido=;801-B;Lista para arrendar
Arriendo Normal;NDVD813-A;Nueva de Valdés 657;Santiago;Nueva Valdés;1;30;1D1B;;;No;336000.00;77000.00;3;0;0.00;0;1;0;3;3.00;0;0;76089;S;30.00;2.00;;0;NOK;;;;Si;https://www.assetplan.cl/arriendo/departamento/santiago/nueva-valdes/3138/1-dormitorio?unit_id=500565&codigo_referido=;813-A;Re-acondicionamiento
Arriendo Normal;NDVD908-A;Nueva de Valdés 657;Santiago;Nueva Valdés;1;30;1D1B;;;No;340000.00;77000.00;3;0;0.00;0;1;0;3;3.00;0;0;76098;N;30.00;2.00;;0;NOK;NO TOMAR EN ESPERA DE CAMBIO MVGV 26-09-2025 (DR);;En cotización;Si;https://www.assetplan.cl/arriendo/departamento/santiago/nueva-valdes/3138/1-dormitorio?unit_id=500583&codigo_referido=;908-A;Re-acondicionamiento
Arriendo Especial;STGD214;San Diego 135;Santiago;Stage San Diego;1;30;1D1B;;;Si;398000.00;71000.00;3;6;0.00;0;1;0;3;3.00;1;0;110124;O;31.89;0.00;;0;OK;;;En cotización;Si;https://www.assetplan.cl/arriendo/departamento/santiago/stage-san-diego/3173/1-dormitorio?unit_id=501325&codigo_referido=;214;Lista para arrendar
Arriendo Normal;STGD603;San Diego 135;Santiago;Stage San Diego;1;30;2D2B;;;Si;497000.00;122000.00;3;12;50.00;1;1;0;3;3.00;1;0;110166;NP;46.32;7.78;;0;NOK;;;En cotización;Si;https://www.assetplan.cl/arriendo/departamento/santiago/stage-san-diego/3173/2-dormitorios?unit_id=501414&codigo_referido=;603;Lista para arrendar
Arriendo Normal;STGD724;San Diego 135;Santiago;Stage San Diego;1;30;Estudio;;;Si;324000.00;61000.00;3;6;0.00;0;1;0;3;3.00;1;0;110212;N;22.17;0.00;;0;NOK;NO TOMAR SE USA PARA CAMBIO. MVGV 03-07 (CA);;En cotización;Si;https://www.assetplan.cl/arriendo/departamento/santiago/stage-san-diego/3173/estudio?unit_id=501460&codigo_referido=;724;Lista para arrendar
Arriendo Normal;STGD822;San Diego 135;Santiago;Stage San Diego;1;30;Estudio;;;Si;325000.00;61000.00;3;6;0.00;0;1;0;3;3.00;1;0;110210;N;22.17;0.00;;0;NOK;;;En cotización;Si;https://www.assetplan.cl/arriendo/departamento/santiago/stage-san-diego/3173/estudio?unit_id=501483&codigo_referido=;822;Lista para arrendar
Arriendo Normal;STGD824;San Diego 135;Santiago;Stage San Diego;1;30;Estudio;;;Si;325000.00;61000.00;3;6;0.00;0;1;0;3;3.00;1;0;110208;N;22.17;0.00;;0;NOK;;;En cotización;Si;https://www.assetplan.cl/arriendo/departamento/santiago/stage-san-diego/3173/estudio?unit_id=501485&codigo_referido=;824;Lista para arrendar
Arriendo Normal;RODD232;Guardia Marina Ernesto Riquelme 479;Santiago;Home Inclusive Manuel Rodriguez;1;30;Estudio;;;Si;320000.00;79000.00;3;0;0.00;0;1;0.5;3;3.00;0;0;114631;P;22.35;0.00;;0;OK;;;;Si;https://www.assetplan.cl/arriendo/departamento/santiago/home-inclusive-manuel-rodriguez/3200/estudio?unit_id=503785&codigo_referido=;232;Lista para arrendar
Arriendo Normal;RODD721;Guardia Marina Ernesto Riquelme 479;Santiago;Home Inclusive Manuel Rodriguez;1;30;Estudio;;;Si;320000.00;76000.00;3;0;0.00;0;1;0.5;3;3.00;0;0;114473;N;21.69;0.00;;0;OK;;2026-09-17;Trabajando;Si;https://www.assetplan.cl/arriendo/departamento/santiago/home-inclusive-manuel-rodriguez/3200/estudio?unit_id=503960&codigo_referido=;721;Lista para arrendar
Arriendo Normal;RODD1114;Guardia Marina Ernesto Riquelme 479;Santiago;Home Inclusive Manuel Rodriguez;1;30;2D1B;;;No;495000.00;118000.00;3;0;0.00;0;1;0.5;3;3.00;0;0;114429;NP;43.55;3.66;;0;OK;;;En cotización;Si;https://www.assetplan.cl/arriendo/departamento/santiago/home-inclusive-manuel-rodriguez/3200/2-dormitorios?unit_id=504087&codigo_referido=;1114;Re-acondicionamiento
Arriendo Normal;SRRD217;Serrano 562;Santiago;Serrano Capital;1;60;1D1B;;;Si;349000.00;72000.00;3;0;0.00;0;1;0;3;3.00;0;0;110694;S;29.00;4.00;;0;OK;;2026-09-10;Ejecutado;Si;https://www.assetplan.cl/arriendo/departamento/santiago/serrano-capital/3201/1-dormitorio?unit_id=504704&codigo_referido=;217;Lista para arrendar
Arriendo Normal;SRRD326;Serrano 562;Santiago;Serrano Capital;1;60;1D1B;;;No;355000.00;77000.00;3;0;0.00;0;1;0;3;3.00;0;0;110725;P;32.00;2.00;;0;OK;;2026-09-17;Trabajando;Si;https://www.assetplan.cl/arriendo/departamento/santiago/serrano-capital/3201/1-dormitorio?unit_id=504735&codigo_referido=;326;Re-acondicionamiento
Arriendo Normal;SRRD409;Serrano 562;Santiago;Serrano Capital;1;60;1D1B;;;Si;356000.00;74000.00;3;0;0.00;0;1;0;3;3.00;0;0;110734;O;31.00;2.00;;0;OK;;2026-08-28;Ejecutado;Si;https://www.assetplan.cl/arriendo/departamento/santiago/serrano-capital/3201/1-dormitorio?unit_id=504744&codigo_referido=;409;Lista para arrendar
Arriendo Normal;SRRD502;Serrano 562;Santiago;Serrano Capital;1;60;1D1B;;;No;356000.00;74000.00;3;0;0.00;0;1;0;3;3.00;0;0;110753;N;30.00;4.00;;0;OK;;;En cotización;Si;https://www.assetplan.cl/arriendo/departamento/santiago/serrano-capital/3201/1-dormitorio?unit_id=504763&codigo_referido=;502;Re-acondicionamiento
Arriendo Normal;SRRD609;Serrano 562;Santiago;Serrano Capital;1;60;1D1B;;;Si;358000.00;74000.00;3;0;0.00;0;1;0;3;3.00;0;0;110786;O;31.00;2.00;;0;OK;;2026-09-16;Ejecutado;Si;https://www.assetplan.cl/arriendo/departamento/santiago/serrano-capital/3201/1-dormitorio?unit_id=504796&codigo_referido=;609;Lista para arrendar
Arriendo Normal;SRRD610;Serrano 562;Santiago;Serrano Capital;1;60;1D1B;;;No;359000.00;75000.00;3;0;0.00;0;1;0;3;3.00;0;0;110787;N;30.00;5.00;;0;OK;;;;Si;https://www.assetplan.cl/arriendo/departamento/santiago/serrano-capital/3201/1-dormitorio?unit_id=504797&codigo_referido=;610;Re-acondicionamiento
Arriendo Normal;SRRD1024;Serrano 562;Santiago;Serrano Capital;1;60;1D1B;;;Si;358000.00;74000.00;3;0;0.00;0;1;0;3;3.00;0;0;110905;P;30.00;4.00;;0;OK;;2026-09-17;Ejecutado;Si;https://www.assetplan.cl/arriendo/departamento/santiago/serrano-capital/3201/1-dormitorio?unit_id=504915&codigo_referido=;1024;Lista para arrendar
Arriendo Normal;MATD207;Manuel Antonio Tocornal 343;Santiago;MAT;1;30;1D1B;;;Si;365000.00;70000.00;12;0;50.00;1;1;0;3;3.00;0;0;111211;N;30.61;4.83;;0;OK;;2026-06-08;Ejecutado;Si;https://www.assetplan.cl/arriendo/departamento/santiago/mat/3205/1-dormitorio?unit_id=505292&codigo_referido=;207;Lista para arrendar
Arriendo Normal;MATD301;Manuel Antonio Tocornal 343;Santiago;MAT;1;30;2D1B;;;Si;445000.00;105000.00;12;0;50.00;1;1;0;3;3.00;0;0;111219;S;39.92;2.41;;0;OK;;;;Si;https://www.assetplan.cl/arriendo/departamento/santiago/mat/3205/2-dormitorios?unit_id=505300&codigo_referido=;301;Lista para arrendar
Arriendo Normal;MATD306;Manuel Antonio Tocornal 343;Santiago;MAT;1;30;1D1B;;;Si;373000.00;70000.00;12;0;50.00;1;1;0;3;3.00;0;0;111224;N;30.61;5.07;;0;NOK;;2026-08-15;Ejecutado;Si;https://www.assetplan.cl/arriendo/departamento/santiago/mat/3205/1-dormitorio?unit_id=505305&codigo_referido=;306;Lista para arrendar
Arriendo Normal;MATD310;Manuel Antonio Tocornal 343;Santiago;MAT;1;30;1D1B;;;Si;372000.00;70000.00;12;0;50.00;1;1;0;3;3.00;0;0;111228;N;30.61;4.83;;0;NOK;;2026-09-16;Ejecutado;Si;https://www.assetplan.cl/arriendo/departamento/santiago/mat/3205/1-dormitorio?unit_id=505309&codigo_referido=;310;Lista para arrendar
Arriendo Normal;MATD501;Manuel Antonio Tocornal 343;Santiago;MAT;1;30;2D1B;;;Si;445000.00;105000.00;12;0;50.00;1;1;0;3;3.00;0;0;111249;S;39.92;2.41;;0;OK;;2026-06-03;Ejecutado;Si;https://www.assetplan.cl/arriendo/departamento/santiago/mat/3205/2-dormitorios?unit_id=505330&codigo_referido=;501;Lista para arrendar
Arriendo Normal;MATD510;Manuel Antonio Tocornal 343;Santiago;MAT;1;30;1D1B;;;Si;374000.00;70000.00;12;0;50.00;1;1;0;3;3.00;0;0;111258;N;30.61;4.83;;0;NOK;;2026-09-09;Ejecutado;Si;https://www.assetplan.cl/arriendo/departamento/santiago/mat/3205/1-dormitorio?unit_id=505339&codigo_referido=;510;Lista para arrendar
Arriendo Normal;MATD603;Manuel Antonio Tocornal 343;Santiago;MAT;1;30;1D1B;;;Si;365000.00;69000.00;12;0;50.00;1;1;0;3;3.00;0;0;111266;S;30.44;4.43;;0;OK;;2026-06-10;Ejecutado;Si;https://www.assetplan.cl/arriendo/departamento/santiago/mat/3205/1-dormitorio?unit_id=505347&codigo_referido=;603;Lista para arrendar
Arriendo Normal;MATD615;Manuel Antonio Tocornal 343;Santiago;MAT;1;30;1D1B;;;Si;371000.00;73000.00;12;0;50.00;1;1;0;3;3.00;0;0;111278;P;32.81;3.14;;0;NOK;;2026-08-24;Ejecutado;Si;https://www.assetplan.cl/arriendo/departamento/santiago/mat/3205/1-dormitorio?unit_id=505359&codigo_referido=;615;Lista para arrendar
Arriendo Normal;MATD703;Manuel Antonio Tocornal 343;Santiago;MAT;1;30;1D1B;;;No;369000.00;69000.00;12;0;50.00;1;1;0;3;3.00;0;0;111281;S;30.44;4.43;;0;NOK;;;Caducado;Si;https://www.assetplan.cl/arriendo/departamento/santiago/mat/3205/1-dormitorio?unit_id=505362&codigo_referido=;703;Re-acondicionamiento
Arriendo Normal;MATD708;Manuel Antonio Tocornal 343;Santiago;MAT;1;30;1D1B;;;Si;376000.00;70000.00;12;0;50.00;1;1;0;3;3.00;0;0;111286;N;30.61;4.83;;0;NOK;;2026-09-05;Ejecutado;Si;https://www.assetplan.cl/arriendo/departamento/santiago/mat/3205/1-dormitorio?unit_id=505367&codigo_referido=;708;Lista para arrendar
Arriendo Normal;MATD709;Manuel Antonio Tocornal 343;Santiago;MAT;1;30;1D1B;;;Si;370000.00;70000.00;12;0;50.00;1;1;0;3;3.00;0;0;111287;N;30.61;4.83;;0;OK;;2026-07-03;Ejecutado;Si;https://www.assetplan.cl/arriendo/departamento/santiago/mat/3205/1-dormitorio?unit_id=505368&codigo_referido=;709;Lista para arrendar
Arriendo Normal;MATD909;Manuel Antonio Tocornal 343;Santiago;MAT;1;30;1D1B;;;Si;375000.00;70000.00;12;0;50.00;1;1;0;3;3.00;0;0;111317;N;30.61;4.83;;0;OK;;;Por asignar;Si;https://www.assetplan.cl/arriendo/departamento/santiago/mat/3205/1-dormitorio?unit_id=505398&codigo_referido=;909;Lista para arrendar
Arriendo Normal;SAZD212;Sazié 2357;Santiago;Sazié;1;30;Estudio;;;Si;308000.00;78000.00;6;0;50.00;0;1;0;3;3.00;0;0;112576;N;32.51;0.00;;0;OK;;2026-07-16;Ejecutado;Si;https://www.assetplan.cl/arriendo/departamento/santiago/sazie/3339/estudio?unit_id=509171&codigo_referido=;212;Lista para arrendar
Arriendo Normal;SAZD310;Sazié 2357;Santiago;Sazié;1;30;Estudio;;;Si;310000.00;78000.00;6;0;50.00;0;1;0;3;3.00;0;0;112590;N;32.51;0.00;;0;OK;;2026-07-24;Ejecutado;Si;https://www.assetplan.cl/arriendo/departamento/santiago/sazie/3339/estudio?unit_id=509185&codigo_referido=;310;Lista para arrendar
Arriendo Normal;SAZD503;Sazié 2357;Santiago;Sazié;1;30;Estudio;;;Si;306000.00;78000.00;6;0;50.00;0;1;0;3;3.00;0;0;112615;SO;32.29;0.00;;0;OK;;2026-07-14;Ejecutado;Si;https://www.assetplan.cl/arriendo/departamento/santiago/sazie/3339/estudio?unit_id=509210&codigo_referido=;503;Lista para arrendar
Arriendo Normal;SAZD514;Sazié 2357;Santiago;Sazié;1;30;Estudio;;;Si;310000.00;78000.00;6;0;50.00;0;1;0;3;3.00;0;0;112626;N;32.51;0.00;;0;OK;;2026-03-06;Ejecutado;Si;https://www.assetplan.cl/arriendo/departamento/santiago/sazie/3339/estudio?unit_id=509221&codigo_referido=;514;Lista para arrendar
Arriendo Normal;SAZD601;Sazié 2357;Santiago;Sazié;1;30;Estudio;;;Si;285000.00;59000.00;6;0;50.00;0;1;0;3;3.00;0;0;112629;NP;24.53;0.00;;0;NOK;;2026-09-11;Ejecutado;Si;https://www.assetplan.cl/arriendo/departamento/santiago/sazie/3339/estudio?unit_id=509224&codigo_referido=;601;Lista para arrendar
Arriendo Normal;CHAD202;Chacabuco 1227;Santiago;Edificio Santiago;1;30;2D2B;;;Si;387000.00;83000.00;3;12;50.00;1;1;0;3;3.00;0;0;124938;P;48.14;;Ofic. Santa Lucía;2565;NOK;;2026-09-03;Ejecutado;Si;https://www.assetplan.cl/arriendo/departamento/santiago/edificio-santiago/3668/2-dormitorios?unit_id=526551&codigo_referido=;202;Lista para arrendar
Arriendo Normal;82198;Andes 2353;Santiago;Edificio Andes I;0;30;Estudio;;103;Si;300000.00;45000.00;12;0;50.00;1;1;0;3;3.00;1;0;130597;P;21.00;0.00;Ofic. Santa Lucía;0;NOK;ABRISOR;;;No;https://www.assetplan.cl/arriendo/departamento/santiago/edificio-andes-i/3676/retail/533464?codigo_referido=;714;Lista para arrendar
Arriendo Especial;82787;Andes 2353;Santiago;Edificio Andes I;0;30;Estudio;;102;Si;280000.00;30000.00;12;0;50.00;1;1;0;3;3.00;1;0;131297;O;22.00;3.00;Ofic. Santa Lucía;0;OK;VR;;;No;https://www.assetplan.cl/arriendo/departamento/santiago/edificio-andes-i/3676/retail/534366?codigo_referido=;304;Lista para arrendar
Arriendo Especial;82788;Andes 2353;Santiago;Edificio Andes I;0;30;Estudio;;133;Si;300000.00;45000.00;12;0;50.00;1;1;0;3;3.00;1;0;131298;O;0.00;0.00;No Disponible;0;OK;;;;No;https://www.assetplan.cl/arriendo/departamento/santiago/edificio-andes-i/3676/retail/534367?codigo_referido=;705;Lista para arrendar
Arriendo Especial;82790;Andes 2353;Santiago;Edificio Andes I;0;30;Estudio;;76;Si;280000.00;30000.00;12;0;50.00;1;1;0;3;3.00;1;0;131300;O;22.00;3.00;Ofic. Santa Lucía;0;OK;;;;No;https://www.assetplan.cl/arriendo/departamento/santiago/edificio-andes-i/3676/retail/534369?codigo_referido=;205;Lista para arrendar
Arriendo Normal;83272;Andes 2353;Santiago;Edificio Andes I;0;30;Estudio;54;6;Si;315000.00;45000.00;12;0;50.00;1;1;0;3;3.00;1;0;148536;N;26.00;2.00;Ofic. Santa Lucía;0;OK;;;;No;https://www.assetplan.cl/arriendo/departamento/santiago/edificio-andes-i/3676/retail/535266?codigo_referido=;218;Lista para arrendar
Arriendo Normal;83387;Andes 2353;Santiago;Edificio Andes I;0;30;Estudio;;;Si;300000.00;45000.00;12;0;50.00;1;1;0;3;3.00;1;0;148743;O;22.00;3.00;Ofic. Santa Lucía;0;NOK;;;;Si;https://www.assetplan.cl/arriendo/departamento/santiago/edificio-andes-i/3676/retail/535554?codigo_referido=;602;Lista para arrendar
Arriendo Normal;83477;Andes 2353;Santiago;Edificio Andes I;0;30;Estudio;;;Si;270000.00;45000.00;12;0;50.00;1;1;0;3;3.00;1;0;148850;O;22.00;3.00;Ofic. Santa Lucía;0;OK;;;;Si;https://www.assetplan.cl/arriendo/departamento/santiago/edificio-andes-i/3676/retail/535709?codigo_referido=;305;Lista para arrendar
Arriendo Especial;83507;Andes 2353;Santiago;Edificio Andes I;0;30;Estudio;;;Si;270000.00;60000.00;12;0;50.00;1;1;0;3;3.00;1;0;149272;O;22.00;3.00;Ofic. Santa Lucía;0;NOK;;;;No;https://www.assetplan.cl/arriendo/departamento/santiago/edificio-andes-i/3676/retail/536147?codigo_referido=;306;Lista para arrendar
Arriendo Normal;83744;Andes 2353;Santiago;Edificio Andes I;0;30;Estudio;;;Si;270000.00;45000.00;12;0;50.00;1;1;0;3;3.00;1;0;151379;O;22.00;3.00;Ofic. Santa Lucía;0;NOK;;;;No;https://www.assetplan.cl/arriendo/departamento/santiago/edificio-andes-i/3676/retail/537976?codigo_referido=;505;Lista para arrendar
Arriendo Especial;81513;José Miguel Carrera 72;Santiago;Live Plus;0;30;Estudio;;;Si;300000.00;0.00;12;0;50.00;1;1;0;3;3.00;1;0;128780;P;20.25;2.43;;405;OK;ABRISOR;;;Si;https://www.assetplan.cl/arriendo/departamento/santiago/live-plus/4074/retail/531667?codigo_referido=;520;Lista para arrendar
Arriendo Normal;PDVD609;Av. Pedro de Valdivia 4170;Ñuñoa;Pedro de Valdivia;1;30;2D2B;;;Si;613000.00;102000.00;3;0;0.00;0;1;0;3;3.00;0;0;24707;NO;47.60;1.05;;0;OK;;2026-09-17;Ejecutado;Si;https://www.assetplan.cl/arriendo/departamento/nunoa/pedro-de-valdivia/1077/2-dormitorios?unit_id=433847&codigo_referido=;609;Lista para arrendar
Arriendo Normal;PDVD807;Av. Pedro de Valdivia 4170;Ñuñoa;Pedro de Valdivia;1;30;1D1B;;;Si;498000.00;88000.00;3;0;0.00;0;1;0;3;3.00;0;0;24725;P;41.30;3.27;;0;NOK;;2026-09-12;Ejecutado;Si;https://www.assetplan.cl/arriendo/departamento/nunoa/pedro-de-valdivia/1077/1-dormitorio?unit_id=433865&codigo_referido=;807;Lista para arrendar
Arriendo Normal;RDAD307;Exequiel Fernández 2000;Ñuñoa;Exequiel Fernandez 2000;1;30;2D2B;;;No;597000.00;114000.00;3;6;0.00;0;1;0;3;3.00;1;0;54003;S;52.84;4.12;;0;OK;;;Aprobado sin mejoras;Si;https://www.assetplan.cl/arriendo/departamento/nunoa/exequiel-fernandez-2000/1782/2-dormitorios?unit_id=453705&codigo_referido=;307;Re-acondicionamiento
Arriendo Especial;RDAD405;Exequiel Fernández 2000;Ñuñoa;Exequiel Fernandez 2000;1;30;2D1B;;;Si;510000.00;96000.00;3;12;50.00;1;1;0;3;3.00;1;0;54019;S;45.80;4.00;;0;OK;;2026-03-19;Ejecutado;Si;https://www.assetplan.cl/arriendo/departamento/nunoa/exequiel-fernandez-2000/1782/2-dormitorios?unit_id=453721&codigo_referido=;405;Lista para arrendar
Arriendo Especial;RDAD504;Exequiel Fernández 2000;Ñuñoa;Exequiel Fernandez 2000;1;30;2D1B;;;Si;512000.00;104000.00;3;12;50.00;1;1;0;3;3.00;1;0;54036;S;47.52;4.00;;0;OK;;2026-06-12;Ejecutado;Si;https://www.assetplan.cl/arriendo/departamento/nunoa/exequiel-fernandez-2000/1782/2-dormitorios?unit_id=453738&codigo_referido=;504;Lista para arrendar
Arriendo Normal;RDAD717;Exequiel Fernández 2000;Ñuñoa;Exequiel Fernandez 2000;1;30;2D2B;;;Si;603000.00;113000.00;3;6;0.00;0;1;0;3;3.00;1;0;54085;O;51.97;4.09;;0;OK;;2026-09-07;Ejecutado;Si;https://www.assetplan.cl/arriendo/departamento/nunoa/exequiel-fernandez-2000/1782/2-dormitorios?unit_id=453787&codigo_referido=;717;Lista para arrendar
Arriendo Normal;RDAD813;Exequiel Fernández 2000;Ñuñoa;Exequiel Fernandez 2000;1;30;2D1B;;;Si;522000.00;96000.00;3;12;50.00;1;1;0;3;3.00;1;0;54099;P;44.21;3.07;;0;OK;;2026-08-25;Ejecutado;Si;https://www.assetplan.cl/arriendo/departamento/nunoa/exequiel-fernandez-2000/1782/2-dormitorios?unit_id=453801&codigo_referido=;813;Lista para arrendar
Arriendo Normal;RDAD1008;Exequiel Fernández 2000;Ñuñoa;Exequiel Fernandez 2000;1;30;1D1B;;;Si;423000.00;80000.00;3;6;0.00;0;1;0;3;3.00;1;0;54130;P;33.09;3.07;;0;OK;;2026-09-07;Ejecutado;Si;https://www.assetplan.cl/arriendo/departamento/nunoa/exequiel-fernandez-2000/1782/1-dormitorio?unit_id=453832&codigo_referido=;1008;Lista para arrendar
Arriendo Normal;RDAD1202;Exequiel Fernández 2000;Ñuñoa;Exequiel Fernandez 2000;1;30;1D1B;;;No;426000.00;82000.00;3;6;0.00;0;1;0;3;3.00;1;0;54146;N;33.96;3.41;;0;OK;;2026-09-28;Trabajando;Si;https://www.assetplan.cl/arriendo/departamento/nunoa/exequiel-fernandez-2000/1782/1-dormitorio?unit_id=453848&codigo_referido=;1202;Re-acondicionamiento
Arriendo Normal;ZAND207-A;Zañartu 1145;Ñuñoa;Zañartu Capital;1;30;1D1B;;;Si;421000.00;88000.00;3;0;0.00;0;1;0.5;3;3.00;0;0;60291;O;32.00;5.00;;0;OK;;2026-07-03;Ejecutado;Si;https://www.assetplan.cl/arriendo/departamento/nunoa/zanartu-capital/2632/1-dormitorio?unit_id=473766&codigo_referido=;207-A;Lista para arrendar
Arriendo Normal;ZAND216-A;Zañartu 1145;Ñuñoa;Zañartu Capital;1;30;1D1B;;;Si;413000.00;86000.00;3;0;0.00;0;1;0.5;3;3.00;0;0;60284;P;31.00;5.00;;0;OK;;2026-07-24;Ejecutado;Si;https://www.assetplan.cl/arriendo/departamento/nunoa/zanartu-capital/2632/1-dormitorio?unit_id=473775&codigo_referido=;216-A;Lista para arrendar
Arriendo Normal;ZAND302-A;Zañartu 1145;Ñuñoa;Zañartu Capital;1;30;1D1B;;;Si;416000.00;88000.00;3;0;0.00;0;1;0.5;3;3.00;0;0;60276;P;32.00;5.00;;0;OK;;2026-08-13;Ejecutado;Si;https://www.assetplan.cl/arriendo/departamento/nunoa/zanartu-capital/2632/1-dormitorio?unit_id=473792&codigo_referido=;302-A;Lista para arrendar
Arriendo Normal;ZAND414-A;Zañartu 1145;Ñuñoa;Zañartu Capital;1;30;1D1B;;;Si;410000.00;79000.00;3;0;0.00;0;1;0.5;3;3.00;0;0;60250;P;30.00;2.00;;0;OK;;2026-09-08;Ejecutado;Si;https://www.assetplan.cl/arriendo/departamento/nunoa/zanartu-capital/2632/1-dormitorio?unit_id=473835&codigo_referido=;414-A;Lista para arrendar
Arriendo Normal;ZAND415-A;Zañartu 1145;Ñuñoa;Zañartu Capital;1;30;1D1B;;;No;410000.00;79000.00;3;0;0.00;0;1;0.5;3;3.00;0;0;60249;P;30.00;2.00;;0;OK;;2026-01-08;En cotización;Si;https://www.assetplan.cl/arriendo/departamento/nunoa/zanartu-capital/2632/1-dormitorio?unit_id=473836&codigo_referido=;415-A;Re-acondicionamiento
Arriendo Normal;ZAND508-A;Zañartu 1145;Ñuñoa;Zañartu Capital;1;30;1D1B;;;Si;421000.00;84000.00;3;0;0.00;0;1;0.5;3;3.00;0;0;60236;O;32.00;2.00;;0;OK;;2026-09-23;Ejecutado;Si;https://www.assetplan.cl/arriendo/departamento/nunoa/zanartu-capital/2632/1-dormitorio?unit_id=473860&codigo_referido=;508-A;Lista para arrendar
Arriendo Normal;ZAND604-A;Zañartu 1145;Ñuñoa;Zañartu Capital;1;30;2D1B;;;Si;537000.00;101000.00;3;0;0.00;0;1;0.5;3;3.00;0;0;60387;NO;46.00;5.00;;0;OK;;2026-09-12;Ejecutado;Si;https://www.assetplan.cl/arriendo/departamento/nunoa/zanartu-capital/2632/2-dormitorios?unit_id=473887&codigo_referido=;604-A;Lista para arrendar
Arriendo Normal;ZAND606-A;Zañartu 1145;Ñuñoa;Zañartu Capital;1;30;1D1B;;;No;421000.00;84000.00;3;0;0.00;0;1;0.5;3;3.00;0;0;60220;O;32.00;2.00;;0;OK;;;Enviado;Si;https://www.assetplan.cl/arriendo/departamento/nunoa/zanartu-capital/2632/1-dormitorio?unit_id=473889&codigo_referido=;606-A;Re-acondicionamiento
Arriendo Normal;ZAND617-A;Zañartu 1145;Ñuñoa;Zañartu Capital;1;30;1D1B;;;Si;418000.00;88000.00;3;0;0.00;0;1;0.5;3;3.00;0;0;60211;P;32.00;5.00;;0;OK;;2026-09-14;Ejecutado;Si;https://www.assetplan.cl/arriendo/departamento/nunoa/zanartu-capital/2632/1-dormitorio?unit_id=473900&codigo_referido=;617-A;Lista para arrendar
Arriendo Normal;ZAND620-A;Zañartu 1145;Ñuñoa;Zañartu Capital;1;30;1D1B;;;Si;418000.00;88000.00;3;0;0.00;0;1;0.5;3;3.00;0;0;60208;P;32.00;5.00;;0;OK;;2026-08-21;Ejecutado;Si;https://www.assetplan.cl/arriendo/departamento/nunoa/zanartu-capital/2632/1-dormitorio?unit_id=473903&codigo_referido=;620-A;Lista para arrendar
Arriendo Normal;ZAND626-B;Zañartu 1145;Ñuñoa;Zañartu Capital;1;30;2D2B;;;Si;547000.00;105000.00;3;0;0.00;0;1;0.5;3;3.00;0;0;60381;S;47.00;8.00;;0;OK;;2026-06-25;Ejecutado;Si;https://www.assetplan.cl/arriendo/departamento/nunoa/zanartu-capital/2632/2-dormitorios?unit_id=473909&codigo_referido=;626-B;Lista para arrendar
Arriendo Normal;ZAND809-A;Zañartu 1145;Ñuñoa;Zañartu Capital;1;30;1D1B;;;Si;426000.00;88000.00;3;0;0.00;0;1;0.5;3;3.00;0;0;60181;O;32.00;5.00;;0;OK;;2026-09-14;Ejecutado;Si;https://www.assetplan.cl/arriendo/departamento/nunoa/zanartu-capital/2632/1-dormitorio?unit_id=473954&codigo_referido=;809-A;Lista para arrendar
Arriendo Normal;ZAND822-B;Zañartu 1145;Ñuñoa;Zañartu Capital;1;30;1D1B;;;Si;420000.00;83000.00;3;0;0.00;0;1;0.5;3;3.00;0;0;60171;N;31.00;3.00;;0;OK;;2026-06-26;Ejecutado;Si;https://www.assetplan.cl/arriendo/departamento/nunoa/zanartu-capital/2632/1-dormitorio?unit_id=473967&codigo_referido=;822-B;Lista para arrendar
Arriendo Normal;ZAND830-B;Zañartu 1145;Ñuñoa;Zañartu Capital;1;30;2D2B;;;No;565000.00;119000.00;3;0;0.00;0;1;0.5;3;3.00;0;0;60351;N;55.00;4.00;;0;OK;;;En cotización;Si;https://www.assetplan.cl/arriendo/departamento/nunoa/zanartu-capital/2632/2-dormitorios?unit_id=473975&codigo_referido=;830-B;Re-acondicionamiento
Arriendo Normal;ZAND1022-B;Zañartu 1145;Ñuñoa;Zañartu Capital;1;30;1D1B;;;Si;420000.00;83000.00;3;0;0.00;0;1;0.5;3;3.00;0;0;60155;N;31.00;3.00;;0;OK;;2026-08-16;Ejecutado;Si;https://www.assetplan.cl/arriendo/departamento/nunoa/zanartu-capital/2632/1-dormitorio?unit_id=474004&codigo_referido=;1022-B;Lista para arrendar
Arriendo Normal;ZAND1327-B;Zañartu 1145;Ñuñoa;Zañartu Capital;1;30;1D1B;;;Si;418000.00;91000.00;3;0;0.00;0;1;0.5;3;3.00;0;0;60147;S;33.00;5.00;;0;OK;;2026-09-09;Ejecutado;Si;https://www.assetplan.cl/arriendo/departamento/nunoa/zanartu-capital/2632/1-dormitorio?unit_id=474040&codigo_referido=;1327-B;Lista para arrendar
Arriendo Normal;VPQD103;Av. Pedro de Valdivia 5223;Ñuñoa;Vista Parque;1;30;1D1B;;;Si;407000.00;74000.00;3;6;50.00;1;1;0.5;3;3.00;1;0;72010;N;30.92;1.82;;0;OK;;2026-08-06;Ejecutado;Si;https://www.assetplan.cl/arriendo/departamento/nunoa/vista-parque/3007/1-dormitorio?unit_id=493295&codigo_referido=;103;Lista para arrendar
Arriendo Especial;VPQD108;Av. Pedro de Valdivia 5223;Ñuñoa;Vista Parque;1;30;1D1B;;;Si;403000.00;74000.00;3;6;50.00;1;1;0.5;3;3.00;1;0;72015;S;30.92;2.18;;0;OK;;2026-07-22;Ejecutado;Si;https://www.assetplan.cl/arriendo/departamento/nunoa/vista-parque/3007/1-dormitorio?unit_id=493299&codigo_referido=;108;Lista para arrendar
Arriendo Especial;VPQD215;Av. Pedro de Valdivia 5223;Ñuñoa;Vista Parque;1;30;1D1B;;;Si;403000.00;74000.00;3;6;50.00;1;1;0.5;3;3.00;1;0;72031;S;30.92;2.18;;0;OK;;2026-07-17;Ejecutado;Si;https://www.assetplan.cl/arriendo/departamento/nunoa/vista-parque/3007/1-dormitorio?unit_id=493310&codigo_referido=;215;Lista para arrendar
Arriendo Normal;VPQD216;Av. Pedro de Valdivia 5223;Ñuñoa;Vista Parque;1;30;1D1B;;;Si;403000.00;74000.00;3;6;50.00;1;1;0.5;3;3.00;1;0;72032;S;30.92;2.18;;0;OK;;;Aprobado sin mejoras;Si;https://www.assetplan.cl/arriendo/departamento/nunoa/vista-parque/3007/1-dormitorio?unit_id=493311&codigo_referido=;216;Lista para arrendar
Arriendo Especial;VPQD306;Av. Pedro de Valdivia 5223;Ñuñoa;Vista Parque;1;30;1D1B;;;Si;407000.00;74000.00;3;6;50.00;1;1;0.5;3;3.00;1;0;72039;N;30.90;2.18;;0;OK;;2026-07-09;Ejecutado;Si;https://www.assetplan.cl/arriendo/departamento/nunoa/vista-parque/3007/1-dormitorio?unit_id=493316&codigo_referido=;306;Lista para arrendar
Arriendo Normal;VPQD414;Av. Pedro de Valdivia 5223;Ñuñoa;Vista Parque;1;30;1D1B;;;Si;406000.00;74000.00;3;6;50.00;1;1;0.5;3;3.00;1;0;72065;S;30.92;2.18;;0;OK;;2026-08-17;Ejecutado;Si;https://www.assetplan.cl/arriendo/departamento/nunoa/vista-parque/3007/1-dormitorio?unit_id=493332&codigo_referido=;414;Lista para arrendar
Arriendo Especial;VPQD512;Av. Pedro de Valdivia 5223;Ñuñoa;Vista Parque;1;30;1D1B;;;Si;409000.00;76000.00;3;6;50.00;1;1;0.5;3;3.00;1;0;72081;N;31.69;2.18;;0;OK;;2026-08-03;Ejecutado;Si;https://www.assetplan.cl/arriendo/departamento/nunoa/vista-parque/3007/1-dormitorio?unit_id=493343&codigo_referido=;512;Lista para arrendar
Arriendo Normal;VPQD606;Av. Pedro de Valdivia 5223;Ñuñoa;Vista Parque;1;30;1D1B;;;Si;412000.00;74000.00;3;6;50.00;1;1;0.5;3;3.00;1;0;72093;N;30.90;2.18;;0;OK;;2026-08-11;Ejecutado;Si;https://www.assetplan.cl/arriendo/departamento/nunoa/vista-parque/3007/1-dormitorio?unit_id=493352&codigo_referido=;606;Lista para arrendar
Arriendo Especial;VPQD614;Av. Pedro de Valdivia 5223;Ñuñoa;Vista Parque;1;30;1D1B;;;Si;407000.00;74000.00;3;6;50.00;1;1;0.5;3;3.00;1;0;72101;S;30.92;2.18;;0;OK;;2026-07-24;Ejecutado;Si;https://www.assetplan.cl/arriendo/departamento/nunoa/vista-parque/3007/1-dormitorio?unit_id=493356&codigo_referido=;614;Lista para arrendar
Arriendo Normal;VPQD715;Av. Pedro de Valdivia 5223;Ñuñoa;Vista Parque;1;30;1D1B;;;Si;407000.00;74000.00;3;6;50.00;1;1;0.5;3;3.00;1;0;72120;S;30.92;2.18;;0;OK;;2026-08-23;Ejecutado;Si;https://www.assetplan.cl/arriendo/departamento/nunoa/vista-parque/3007/1-dormitorio?unit_id=493369&codigo_referido=;715;Lista para arrendar
Arriendo Normal;VPQD901;Av. Pedro de Valdivia 5223;Ñuñoa;Vista Parque;1;30;1D1B;;;Si;417000.00;77000.00;3;6;50.00;1;1;0.5;3;3.00;1;0;72142;P;31.72;3.29;;0;OK;;1969-12-31;Ejecutado;Si;https://www.assetplan.cl/arriendo/departamento/nunoa/vista-parque/3007/1-dormitorio?unit_id=493385&codigo_referido=;901;Lista para arrendar
Arriendo Normal;VPQD1215;Av. Pedro de Valdivia 5223;Ñuñoa;Vista Parque;1;30;1D1B;;;Si;411000.00;74000.00;3;6;50.00;1;1;0.5;3;3.00;1;0;72210;S;30.92;2.18;;0;OK;;2026-09-26;Trabajando;Si;https://www.assetplan.cl/arriendo/departamento/nunoa/vista-parque/3007/1-dormitorio?unit_id=493429&codigo_referido=;1215;Lista para arrendar
Arriendo Normal;VPQD1013;Av. Pedro de Valdivia 5223;Ñuñoa;Vista Parque;1;30;2D1B;;;No;521000.00;100000.00;3;6;0.00;0;1;0.5;3;3.00;1;0;72172;S;40.80;3.24;;0;OK;;;Aprobado sin mejoras;Si;https://www.assetplan.cl/arriendo/departamento/nunoa/vista-parque/3007/2-dormitorios?unit_id=493454&codigo_referido=;1013;Re-acondicionamiento
Arriendo Normal;VPQD309;Av. Pedro de Valdivia 5223;Ñuñoa;Vista Parque;1;30;2D2B;;;Si;592000.00;117000.00;3;6;0.00;0;1;0.5;3;3.00;1;0;72042;N;48.20;3.01;;0;OK;;2026-09-22;Ejecutado;Si;https://www.assetplan.cl/arriendo/departamento/nunoa/vista-parque/3007/2-dormitorios?unit_id=493468&codigo_referido=;309;Lista para arrendar
Arriendo Normal;VPQD509;Av. Pedro de Valdivia 5223;Ñuñoa;Vista Parque;1;30;2D2B;;;Si;595000.00;117000.00;3;6;0.00;0;1;0.5;3;3.00;1;0;72078;N;48.20;3.01;;0;OK;;2026-09-16;Ejecutado;Si;https://www.assetplan.cl/arriendo/departamento/nunoa/vista-parque/3007/2-dormitorios?unit_id=493478&codigo_referido=;509;Lista para arrendar
Arriendo Normal;VPQD1108;Av. Pedro de Valdivia 5223;Ñuñoa;Vista Parque;1;30;2D2B;;;Si;593000.00;117000.00;3;6;0.00;0;1;0.5;3;3.00;1;0;72185;N;48.20;3.01;;0;OK;;2026-09-23;Ejecutado;Si;https://www.assetplan.cl/arriendo/departamento/nunoa/vista-parque/3007/2-dormitorios?unit_id=493507&codigo_referido=;1108;Lista para arrendar
Arriendo Normal;GMND206-B;Av. Vicuña Mackenna 2362;Ñuñoa;Guillermo Mann;1;30;1D1B;;;Si;412000.00;82000.00;3;6;50.00;1;1;0.5;3;3.00;0;0;122591;N;32.00;3.00;;0;OK;;;;Si;https://www.assetplan.cl/arriendo/departamento/nunoa/guillermo-mann/3632/1-dormitorio?unit_id=523940&codigo_referido=;206-B;Lista para arrendar
Arriendo Normal;GMND208-B;Av. Vicuña Mackenna 2362;Ñuñoa;Guillermo Mann;1;30;1D1B;;;Si;411000.00;82000.00;3;6;50.00;1;1;0.5;3;3.00;0;0;122593;N;33.00;3.00;;0;OK;;;;Si;https://www.assetplan.cl/arriendo/departamento/nunoa/guillermo-mann/3632/1-dormitorio?unit_id=523942&codigo_referido=;208-B;Lista para arrendar
Arriendo Normal;GMND211-B;Av. Vicuña Mackenna 2362;Ñuñoa;Guillermo Mann;1;30;2D2B;;146-B;Si;579000.00;123000.00;3;6;50.00;1;1;0.5;3;3.00;0;0;122596;P;54.00;3.00;;0;OK;;;;Si;https://www.assetplan.cl/arriendo/departamento/nunoa/guillermo-mann/3632/2-dormitorios?unit_id=523945&codigo_referido=;211-B;Lista para arrendar
Arriendo Normal;GMND212-B;Av. Vicuña Mackenna 2362;Ñuñoa;Guillermo Mann;1;30;2D2B;;148-B;Si;574000.00;113000.00;3;6;50.00;1;1;0.5;3;3.00;0;0;122597;P;49.00;3.00;;0;OK;;;;Si;https://www.assetplan.cl/arriendo/departamento/nunoa/guillermo-mann/3632/2-dormitorios?unit_id=523946&codigo_referido=;212-B;Lista para arrendar
Arriendo Normal;GMND214-B;Av. Vicuña Mackenna 2362;Ñuñoa;Guillermo Mann;1;30;2D2B;;149-B;Si;576000.00;122000.00;3;6;50.00;1;1;0.5;3;3.00;0;0;122599;P;53.00;3.00;;0;OK;;;;Si;https://www.assetplan.cl/arriendo/departamento/nunoa/guillermo-mann/3632/2-dormitorios?unit_id=523948&codigo_referido=;214-B;Lista para arrendar
Arriendo Normal;GMND302-B;Av. Vicuña Mackenna 2362;Ñuñoa;Guillermo Mann;1;30;1D1B;;;Si;413000.00;82000.00;3;6;50.00;1;1;0.5;3;3.00;0;0;122601;S;33.00;3.00;;0;OK;;;;Si;https://www.assetplan.cl/arriendo/departamento/nunoa/guillermo-mann/3632/1-dormitorio?unit_id=523950&codigo_referido=;302-B;Lista para arrendar
Arriendo Normal;GMND306-B;Av. Vicuña Mackenna 2362;Ñuñoa;Guillermo Mann;1;30;1D1B;;;Si;414000.00;82000.00;3;6;50.00;1;1;0.5;3;3.00;0;0;122605;N;33.00;3.00;;0;OK;;;;Si;https://www.assetplan.cl/arriendo/departamento/nunoa/guillermo-mann/3632/1-dormitorio?unit_id=523954&codigo_referido=;306-B;Lista para arrendar
Arriendo Normal;GMND308-B;Av. Vicuña Mackenna 2362;Ñuñoa;Guillermo Mann;1;30;1D1B;;;Si;413000.00;82000.00;3;6;50.00;1;1;0.5;3;3.00;0;0;122607;N;33.00;3.00;;0;OK;;;;Si;https://www.assetplan.cl/arriendo/departamento/nunoa/guillermo-mann/3632/1-dormitorio?unit_id=523956&codigo_referido=;308-B;Lista para arrendar
Arriendo Normal;GMND309-B;Av. Vicuña Mackenna 2362;Ñuñoa;Guillermo Mann;1;30;1D1B;;;Si;413000.00;82000.00;3;6;50.00;1;1;0.5;3;3.00;0;0;122608;N;33.00;3.00;;0;OK;;;;Si;https://www.assetplan.cl/arriendo/departamento/nunoa/guillermo-mann/3632/1-dormitorio?unit_id=523957&codigo_referido=;309-B;Lista para arrendar
Arriendo Normal;GMND310-B;Av. Vicuña Mackenna 2362;Ñuñoa;Guillermo Mann;1;30;1D1B;;;Si;411000.00;82000.00;3;6;50.00;1;1;0.5;3;3.00;0;0;122609;N;33.00;3.00;;0;OK;;;;Si;https://www.assetplan.cl/arriendo/departamento/nunoa/guillermo-mann/3632/1-dormitorio?unit_id=523958&codigo_referido=;310-B;Lista para arrendar
Arriendo Normal;GMND311-B;Av. Vicuña Mackenna 2362;Ñuñoa;Guillermo Mann;1;30;2D2B;;;Si;579000.00;124000.00;3;6;50.00;1;1;0.5;3;3.00;0;0;122610;P;54.00;3.00;;0;OK;;;;Si;https://www.assetplan.cl/arriendo/departamento/nunoa/guillermo-mann/3632/2-dormitorios?unit_id=523959&codigo_referido=;311-B;Lista para arrendar
Arriendo Normal;GMND312-B;Av. Vicuña Mackenna 2362;Ñuñoa;Guillermo Mann;1;30;2D2B;;137-B;Si;574000.00;113000.00;3;6;50.00;1;1;0.5;3;3.00;0;0;122611;P;49.00;3.00;;0;OK;;;;Si;https://www.assetplan.cl/arriendo/departamento/nunoa/guillermo-mann/3632/2-dormitorios?unit_id=523960&codigo_referido=;312-B;Lista para arrendar
Arriendo Normal;GMND406-B;Av. Vicuña Mackenna 2362;Ñuñoa;Guillermo Mann;1;30;1D1B;;;Si;414000.00;82000.00;3;6;50.00;1;1;0.5;3;3.00;0;0;122621;N;33.00;3.00;;0;OK;;;;Si;https://www.assetplan.cl/arriendo/departamento/nunoa/guillermo-mann/3632/1-dormitorio?unit_id=523970&codigo_referido=;406-B;Lista para arrendar
Arriendo Normal;GMND411-B;Av. Vicuña Mackenna 2362;Ñuñoa;Guillermo Mann;1;30;2D2B;;164-B;Si;579000.00;124000.00;3;6;50.00;1;1;0.5;3;3.00;0;0;122626;P;54.00;3.00;;0;OK;;;;Si;https://www.assetplan.cl/arriendo/departamento/nunoa/guillermo-mann/3632/2-dormitorios?unit_id=523975&codigo_referido=;411-B;Lista para arrendar
Arriendo Normal;GMND412-B;Av. Vicuña Mackenna 2362;Ñuñoa;Guillermo Mann;1;30;2D2B;;165-B;Si;574000.00;113000.00;3;6;50.00;1;1;0.5;3;3.00;0;0;122627;P;49.00;3.00;;0;OK;;;;Si;https://www.assetplan.cl/arriendo/departamento/nunoa/guillermo-mann/3632/2-dormitorios?unit_id=523976&codigo_referido=;412-B;Lista para arrendar
Arriendo Normal;GMND507-B;Av. Vicuña Mackenna 2362;Ñuñoa;Guillermo Mann;1;30;1D1B;;;Si;413000.00;83000.00;3;6;50.00;1;1;0.5;3;3.00;0;0;122638;N;33.00;3.00;;0;OK;;;;Si;https://www.assetplan.cl/arriendo/departamento/nunoa/guillermo-mann/3632/1-dormitorio?unit_id=523987&codigo_referido=;507-B;Lista para arrendar
Arriendo Normal;GMND511-B;Av. Vicuña Mackenna 2362;Ñuñoa;Guillermo Mann;1;30;2D2B;;;Si;579000.00;124000.00;3;6;50.00;1;1;0.5;3;3.00;0;0;122642;P;54.00;3.00;;0;OK;;;;Si;https://www.assetplan.cl/arriendo/departamento/nunoa/guillermo-mann/3632/2-dormitorios?unit_id=523991&codigo_referido=;511-B;Lista para arrendar
Arriendo Normal;GMND516-B;Av. Vicuña Mackenna 2362;Ñuñoa;Guillermo Mann;1;30;1D1B;;;Si;414000.00;83000.00;3;6;50.00;1;1;0.5;3;3.00;0;0;122647;O;33.00;3.00;;0;OK;;;;Si;https://www.assetplan.cl/arriendo/departamento/nunoa/guillermo-mann/3632/1-dormitorio?unit_id=523996&codigo_referido=;516-B;Lista para arrendar
Arriendo Normal;GMND607-B;Av. Vicuña Mackenna 2362;Ñuñoa;Guillermo Mann;1;30;1D1B;;;Si;413000.00;83000.00;3;6;50.00;1;1;0.5;3;3.00;0;0;122654;N;33.00;3.00;;0;OK;;;;Si;https://www.assetplan.cl/arriendo/departamento/nunoa/guillermo-mann/3632/1-dormitorio?unit_id=524003&codigo_referido=;607-B;Lista para arrendar
Arriendo Normal;GMND608-B;Av. Vicuña Mackenna 2362;Ñuñoa;Guillermo Mann;1;30;1D1B;;;Si;413000.00;83000.00;3;6;50.00;1;1;0.5;3;3.00;0;0;122655;N;33.00;3.00;;0;OK;;;;Si;https://www.assetplan.cl/arriendo/departamento/nunoa/guillermo-mann/3632/1-dormitorio?unit_id=524004&codigo_referido=;608-B;Lista para arrendar
Arriendo Normal;GMND609-B;Av. Vicuña Mackenna 2362;Ñuñoa;Guillermo Mann;1;30;1D1B;;;Si;413000.00;83000.00;3;6;50.00;1;1;0.5;3;3.00;0;0;122656;N;33.00;3.00;;0;OK;;;;Si;https://www.assetplan.cl/arriendo/departamento/nunoa/guillermo-mann/3632/1-dormitorio?unit_id=524005&codigo_referido=;609-B;Lista para arrendar
Arriendo Normal;GMND611-B;Av. Vicuña Mackenna 2362;Ñuñoa;Guillermo Mann;1;30;2D2B;;173-B;Si;579000.00;124000.00;3;6;50.00;1;1;0.5;3;3.00;0;0;122658;P;54.00;3.00;;0;OK;;;;Si;https://www.assetplan.cl/arriendo/departamento/nunoa/guillermo-mann/3632/2-dormitorios?unit_id=524007&codigo_referido=;611-B;Lista para arrendar
Arriendo Normal;GMND612-B;Av. Vicuña Mackenna 2362;Ñuñoa;Guillermo Mann;1;30;2D2B;;;Si;574000.00;115000.00;3;6;50.00;1;1;0.5;3;3.00;0;0;122659;P;50.00;3.00;;0;OK;;;;Si;https://www.assetplan.cl/arriendo/departamento/nunoa/guillermo-mann/3632/2-dormitorios?unit_id=524008&codigo_referido=;612-B;Lista para arrendar
Arriendo Normal;GMND615-B;Av. Vicuña Mackenna 2362;Ñuñoa;Guillermo Mann;1;30;2D2B;;;No;579000.00;124000.00;12;0;50.00;1;1;0.5;3;3.00;0;0;122662;O;54.00;3.00;;0;OK;;;Enviado;Si;https://www.assetplan.cl/arriendo/departamento/nunoa/guillermo-mann/3632/2-dormitorios?unit_id=524011&codigo_referido=;615-B;Re-acondicionamiento
Arriendo Normal;GMND708-B;Av. Vicuña Mackenna 2362;Ñuñoa;Guillermo Mann;1;30;1D1B;;;Si;413000.00;83000.00;3;6;50.00;1;1;0.5;3;3.00;0;0;122671;N;33.00;3.00;;0;OK;;;;Si;https://www.assetplan.cl/arriendo/departamento/nunoa/guillermo-mann/3632/1-dormitorio?unit_id=524020&codigo_referido=;708-B;Lista para arrendar
Arriendo Normal;GMND711-B;Av. Vicuña Mackenna 2362;Ñuñoa;Guillermo Mann;1;30;2D2B;;;Si;579000.00;124000.00;3;6;50.00;1;1;0.5;3;3.00;0;0;122674;P;54.00;3.00;;0;OK;;;;Si;https://www.assetplan.cl/arriendo/departamento/nunoa/guillermo-mann/3632/2-dormitorios?unit_id=524023&codigo_referido=;711-B;Lista para arrendar
Arriendo Normal;GMND808-B;Av. Vicuña Mackenna 2362;Ñuñoa;Guillermo Mann;1;30;1D1B;;;Si;415000.00;83000.00;3;6;50.00;1;1;0.5;3;3.00;0;0;122687;N;33.00;3.00;;0;OK;;;;Si;https://www.assetplan.cl/arriendo/departamento/nunoa/guillermo-mann/3632/1-dormitorio?unit_id=524036&codigo_referido=;808-B;Lista para arrendar
Arriendo Normal;GMND811-B;Av. Vicuña Mackenna 2362;Ñuñoa;Guillermo Mann;1;30;2D2B;;167-B;Si;580000.00;124000.00;3;6;50.00;1;1;0.5;3;3.00;0;0;122690;P;54.00;3.00;;0;OK;;;;Si;https://www.assetplan.cl/arriendo/departamento/nunoa/guillermo-mann/3632/2-dormitorios?unit_id=524040&codigo_referido=;811-B;Lista para arrendar
Arriendo Normal;GMND912-B;Av. Vicuña Mackenna 2362;Ñuñoa;Guillermo Mann;1;30;2D2B;;128-B;Si;575000.00;115000.00;3;6;50.00;1;1;0.5;3;3.00;0;0;122707;P;50.00;3.00;;0;OK;;;;Si;https://www.assetplan.cl/arriendo/departamento/nunoa/guillermo-mann/3632/2-dormitorios?unit_id=524057&codigo_referido=;912-B;Lista para arrendar
Arriendo Normal;GMND1012-B;Av. Vicuña Mackenna 2362;Ñuñoa;Guillermo Mann;1;30;2D2B;;117-B;Si;575000.00;115000.00;3;6;50.00;1;1;0.5;3;3.00;0;0;122723;P;50.00;3.00;;0;OK;;;;Si;https://www.assetplan.cl/arriendo/departamento/nunoa/guillermo-mann/3632/2-dormitorios?unit_id=524073&codigo_referido=;1012-B;Lista para arrendar
Arriendo Normal;GMND1109-B;Av. Vicuña Mackenna 2362;Ñuñoa;Guillermo Mann;1;30;1D1B;;;Si;415000.00;83000.00;3;6;50.00;1;1;0.5;3;3.00;0;0;122736;N;33.00;3.00;;0;OK;;;;Si;https://www.assetplan.cl/arriendo/departamento/nunoa/guillermo-mann/3632/1-dormitorio?unit_id=524086&codigo_referido=;1109-B;Lista para arrendar
Arriendo Normal;GMND1207-B;Av. Vicuña Mackenna 2362;Ñuñoa;Guillermo Mann;1;30;1D1B;;;Si;415000.00;83000.00;3;6;50.00;1;1;0.5;3;3.00;0;0;122750;N;33.00;3.00;;0;OK;;;;Si;https://www.assetplan.cl/arriendo/departamento/nunoa/guillermo-mann/3632/1-dormitorio?unit_id=524100&codigo_referido=;1207-B;Lista para arrendar
Arriendo Normal;GMND1209-B;Av. Vicuña Mackenna 2362;Ñuñoa;Guillermo Mann;1;30;1D1B;;;Si;415000.00;83000.00;3;6;50.00;1;1;0.5;3;3.00;0;0;122752;N;33.00;3.00;;0;OK;;;;Si;https://www.assetplan.cl/arriendo/departamento/nunoa/guillermo-mann/3632/1-dormitorio?unit_id=524102&codigo_referido=;1209-B;Lista para arrendar
Arriendo Normal;GMND1212-B;Av. Vicuña Mackenna 2362;Ñuñoa;Guillermo Mann;1;30;2D2B;;;Si;575000.00;115000.00;3;6;50.00;1;1;0.5;3;3.00;0;0;122755;P;50.00;3.00;;0;OK;;;;Si;https://www.assetplan.cl/arriendo/departamento/nunoa/guillermo-mann/3632/2-dormitorios?unit_id=524105&codigo_referido=;1212-B;Lista para arrendar
Arriendo Normal;GMND1307-B;Av. Vicuña Mackenna 2362;Ñuñoa;Guillermo Mann;1;30;1D1B;;;Si;415000.00;83000.00;3;6;50.00;1;1;0.5;3;3.00;0;0;122766;N;33.00;3.00;;0;OK;;;;Si;https://www.assetplan.cl/arriendo/departamento/nunoa/guillermo-mann/3632/1-dormitorio?unit_id=524116&codigo_referido=;1307-B;Lista para arrendar
Arriendo Normal;GMND1309-B;Av. Vicuña Mackenna 2362;Ñuñoa;Guillermo Mann;1;30;1D1B;;;Si;415000.00;83000.00;3;6;50.00;1;1;0.5;3;3.00;0;0;122768;N;33.00;3.00;;0;OK;;;;Si;https://www.assetplan.cl/arriendo/departamento/nunoa/guillermo-mann/3632/1-dormitorio?unit_id=524118&codigo_referido=;1309-B;Lista para arrendar
Arriendo Normal;GMND1311-B;Av. Vicuña Mackenna 2362;Ñuñoa;Guillermo Mann;1;30;2D2B;;131-B;Si;579000.00;125000.00;3;6;50.00;1;1;0.5;3;3.00;0;0;122770;P;54.00;3.00;;0;OK;;;;Si;https://www.assetplan.cl/arriendo/departamento/nunoa/guillermo-mann/3632/2-dormitorios?unit_id=524120&codigo_referido=;1311-B;Lista para arrendar
Arriendo Normal;GMND1312-B;Av. Vicuña Mackenna 2362;Ñuñoa;Guillermo Mann;1;30;2D2B;;132-B;Si;575000.00;115000.00;3;6;50.00;1;1;0.5;3;3.00;0;0;122771;P;50.00;3.00;;0;OK;;;;Si;https://www.assetplan.cl/arriendo/departamento/nunoa/guillermo-mann/3632/2-dormitorios?unit_id=524121&codigo_referido=;1312-B;Lista para arrendar
Arriendo Normal;GMND1407-B;Av. Vicuña Mackenna 2362;Ñuñoa;Guillermo Mann;1;30;1D1B;;;Si;415000.00;83000.00;3;6;50.00;1;1;0.5;3;3.00;0;0;122782;N;33.00;3.00;;0;OK;;;;Si;https://www.assetplan.cl/arriendo/departamento/nunoa/guillermo-mann/3632/1-dormitorio?unit_id=524132&codigo_referido=;1407-B;Lista para arrendar
Arriendo Normal;GMND1408-B;Av. Vicuña Mackenna 2362;Ñuñoa;Guillermo Mann;1;30;1D1B;;;Si;415000.00;83000.00;3;6;50.00;1;1;0.5;3;3.00;0;0;122783;N;33.00;3.00;;0;OK;;;;Si;https://www.assetplan.cl/arriendo/departamento/nunoa/guillermo-mann/3632/1-dormitorio?unit_id=524133&codigo_referido=;1408-B;Lista para arrendar
Arriendo Normal;GMND1409-B;Av. Vicuña Mackenna 2362;Ñuñoa;Guillermo Mann;1;30;1D1B;;;Si;415000.00;83000.00;3;6;50.00;1;1;0.5;3;3.00;0;0;122784;N;33.00;3.00;;0;OK;;;;Si;https://www.assetplan.cl/arriendo/departamento/nunoa/guillermo-mann/3632/1-dormitorio?unit_id=524134&codigo_referido=;1409-B;Lista para arrendar
Arriendo Normal;GMND1411-B;Av. Vicuña Mackenna 2362;Ñuñoa;Guillermo Mann;1;30;2D2B;;;Si;579000.00;125000.00;3;6;50.00;1;1;0.5;3;3.00;0;0;122786;P;54.00;3.00;;0;OK;;;;Si;https://www.assetplan.cl/arriendo/departamento/nunoa/guillermo-mann/3632/2-dormitorios?unit_id=524136&codigo_referido=;1411-B;Lista para arrendar
Arriendo Normal;GMND1502-B;Av. Vicuña Mackenna 2362;Ñuñoa;Guillermo Mann;1;30;1D1B;;;Si;417000.00;82000.00;3;6;50.00;1;1;0.5;3;3.00;0;0;122793;S;33.00;3.00;;0;OK;;;;Si;https://www.assetplan.cl/arriendo/departamento/nunoa/guillermo-mann/3632/1-dormitorio?unit_id=524143&codigo_referido=;1502-B;Lista para arrendar
Arriendo Normal;GMND1507-B;Av. Vicuña Mackenna 2362;Ñuñoa;Guillermo Mann;1;30;1D1B;;;Si;417000.00;83000.00;3;6;50.00;1;1;0.5;3;3.00;0;0;122798;N;33.00;3.00;;0;OK;;;;Si;https://www.assetplan.cl/arriendo/departamento/nunoa/guillermo-mann/3632/1-dormitorio?unit_id=524148&codigo_referido=;1507-B;Lista para arrendar
Arriendo Normal;GMND1509-B;Av. Vicuña Mackenna 2362;Ñuñoa;Guillermo Mann;1;30;1D1B;;;Si;417000.00;83000.00;3;6;50.00;1;1;0.5;3;3.00;0;0;122800;N;33.00;3.00;;0;OK;;;;Si;https://www.assetplan.cl/arriendo/departamento/nunoa/guillermo-mann/3632/1-dormitorio?unit_id=524150&codigo_referido=;1509-B;Lista para arrendar
Arriendo Normal;GMND1512-B;Av. Vicuña Mackenna 2362;Ñuñoa;Guillermo Mann;1;30;2D2B;;136-B;Si;576000.00;115000.00;3;6;50.00;1;1;0.5;3;3.00;0;0;122803;P;50.00;3.00;;0;OK;;;;Si;https://www.assetplan.cl/arriendo/departamento/nunoa/guillermo-mann/3632/2-dormitorios?unit_id=524153&codigo_referido=;1512-B;Lista para arrendar
Arriendo Normal;GMND1606-B;Av. Vicuña Mackenna 2362;Ñuñoa;Guillermo Mann;1;30;1D1B;;;Si;416000.00;81000.00;3;6;50.00;1;1;0.5;3;3.00;0;0;122813;N;32.00;3.00;;0;OK;;2026-07-08;Ejecutado;Si;https://www.assetplan.cl/arriendo/departamento/nunoa/guillermo-mann/3632/1-dormitorio?unit_id=524163&codigo_referido=;1606-B;Lista para arrendar
Arriendo Normal;GMND1607-B;Av. Vicuña Mackenna 2362;Ñuñoa;Guillermo Mann;1;30;1D1B;;;Si;417000.00;83000.00;3;6;50.00;1;1;0.5;3;3.00;0;0;122814;N;33.00;3.00;;0;OK;;;;Si;https://www.assetplan.cl/arriendo/departamento/nunoa/guillermo-mann/3632/1-dormitorio?unit_id=524164&codigo_referido=;1607-B;Lista para arrendar
Arriendo Normal;GMND1608-B;Av. Vicuña Mackenna 2362;Ñuñoa;Guillermo Mann;1;30;1D1B;;;Si;417000.00;83000.00;3;6;50.00;1;1;0.5;3;3.00;0;0;122815;N;33.00;3.00;;0;OK;;;;Si;https://www.assetplan.cl/arriendo/departamento/nunoa/guillermo-mann/3632/1-dormitorio?unit_id=524165&codigo_referido=;1608-B;Lista para arrendar
Arriendo Normal;GMND1609-B;Av. Vicuña Mackenna 2362;Ñuñoa;Guillermo Mann;1;30;1D1B;;;Si;417000.00;83000.00;3;6;50.00;1;1;0.5;3;3.00;0;0;122816;N;33.00;3.00;;0;OK;;;;Si;https://www.assetplan.cl/arriendo/departamento/nunoa/guillermo-mann/3632/1-dormitorio?unit_id=524166&codigo_referido=;1609-B;Lista para arrendar
Arriendo Normal;GMND1611-B;Av. Vicuña Mackenna 2362;Ñuñoa;Guillermo Mann;1;30;2D2B;;138-B;Si;581000.00;125000.00;3;6;50.00;1;1;0.5;3;3.00;0;0;122818;P;54.00;3.00;;0;OK;;;;Si;https://www.assetplan.cl/arriendo/departamento/nunoa/guillermo-mann/3632/2-dormitorios?unit_id=524168&codigo_referido=;1611-B;Lista para arrendar
Arriendo Normal;GMND1612-B;Av. Vicuña Mackenna 2362;Ñuñoa;Guillermo Mann;1;30;2D2B;;139-B;Si;576000.00;115000.00;3;6;50.00;1;1;0.5;3;3.00;0;0;122819;P;50.00;3.00;;0;OK;;;;Si;https://www.assetplan.cl/arriendo/departamento/nunoa/guillermo-mann/3632/2-dormitorios?unit_id=524169&codigo_referido=;1612-B;Lista para arrendar
Arriendo Normal;GMND1709-B;Av. Vicuña Mackenna 2362;Ñuñoa;Guillermo Mann;1;30;1D1B;;;Si;417000.00;83000.00;3;6;50.00;1;1;0.5;3;3.00;0;0;122832;N;33.00;3.00;;0;OK;;;;Si;https://www.assetplan.cl/arriendo/departamento/nunoa/guillermo-mann/3632/1-dormitorio?unit_id=524182&codigo_referido=;1709-B;Lista para arrendar
Arriendo Normal;GMND1710-B;Av. Vicuña Mackenna 2362;Ñuñoa;Guillermo Mann;1;30;1D1B;;;Si;415000.00;82000.00;3;6;50.00;1;1;0.5;3;3.00;0;0;122833;N;32.00;3.00;;0;OK;;;;Si;https://www.assetplan.cl/arriendo/departamento/nunoa/guillermo-mann/3632/1-dormitorio?unit_id=524183&codigo_referido=;1710-B;Lista para arrendar
Arriendo Normal;GMND1711-B;Av. Vicuña Mackenna 2362;Ñuñoa;Guillermo Mann;1;30;2D2B;;140-B;Si;581000.00;125000.00;3;6;50.00;1;1;0.5;3;3.00;0;0;122834;P;54.00;3.00;;0;OK;;;;Si;https://www.assetplan.cl/arriendo/departamento/nunoa/guillermo-mann/3632/2-dormitorios?unit_id=524184&codigo_referido=;1711-B;Lista para arrendar
Arriendo Normal;GMND1810-B;Av. Vicuña Mackenna 2362;Ñuñoa;Guillermo Mann;1;30;1D1B;;;Si;415000.00;82000.00;3;6;50.00;1;1;0.5;3;3.00;0;0;122849;N;32.00;3.00;;0;OK;;;;Si;https://www.assetplan.cl/arriendo/departamento/nunoa/guillermo-mann/3632/1-dormitorio?unit_id=524199&codigo_referido=;1810-B;Lista para arrendar
Arriendo Normal;GMND1902-B;Av. Vicuña Mackenna 2362;Ñuñoa;Guillermo Mann;1;30;1D1B;;;Si;417000.00;82000.00;3;6;50.00;1;1;0.5;3;3.00;0;0;122857;S;33.00;3.00;;0;OK;;2026-07-31;Ejecutado;Si;https://www.assetplan.cl/arriendo/departamento/nunoa/guillermo-mann/3632/1-dormitorio?unit_id=524207&codigo_referido=;1902-B;Lista para arrendar
Arriendo Normal;GMND1906-B;Av. Vicuña Mackenna 2362;Ñuñoa;Guillermo Mann;1;30;1D1B;;;Si;416000.00;81000.00;3;6;50.00;1;1;0.5;3;3.00;0;0;122861;N;32.00;3.00;;0;OK;;;;Si;https://www.assetplan.cl/arriendo/departamento/nunoa/guillermo-mann/3632/1-dormitorio?unit_id=524211&codigo_referido=;1906-B;Lista para arrendar
Arriendo Normal;GMND1907-B;Av. Vicuña Mackenna 2362;Ñuñoa;Guillermo Mann;1;30;1D1B;;;Si;417000.00;83000.00;3;6;50.00;1;1;0.5;3;3.00;0;0;122862;N;33.00;3.00;;0;OK;;;;Si;https://www.assetplan.cl/arriendo/departamento/nunoa/guillermo-mann/3632/1-dormitorio?unit_id=524212&codigo_referido=;1907-B;Lista para arrendar
Arriendo Normal;GMND1912-B;Av. Vicuña Mackenna 2362;Ñuñoa;Guillermo Mann;1;30;2D2B;;142-B;Si;576000.00;115000.00;3;6;50.00;1;1;0.5;3;3.00;0;0;122867;P;50.00;3.00;;0;OK;;;;Si;https://www.assetplan.cl/arriendo/departamento/nunoa/guillermo-mann/3632/2-dormitorios?unit_id=524217&codigo_referido=;1912-B;Lista para arrendar
Arriendo Normal;GMND2008-B;Av. Vicuña Mackenna 2362;Ñuñoa;Guillermo Mann;1;30;1D1B;;;Si;417000.00;83000.00;3;6;50.00;1;1;0.5;3;3.00;0;0;122879;N;33.00;3.00;;0;OK;;;;Si;https://www.assetplan.cl/arriendo/departamento/nunoa/guillermo-mann/3632/1-dormitorio?unit_id=524229&codigo_referido=;2008-B;Lista para arrendar
Arriendo Normal;GMND2010-B;Av. Vicuña Mackenna 2362;Ñuñoa;Guillermo Mann;1;30;1D1B;;;Si;415000.00;82000.00;12;0;50.00;1;1;0.5;3;3.00;0;0;122881;N;32.00;3.00;;0;OK;;2026-08-01;Ejecutado;Si;https://www.assetplan.cl/arriendo/departamento/nunoa/guillermo-mann/3632/1-dormitorio?unit_id=524231&codigo_referido=;2010-B;Lista para arrendar
Arriendo Normal;GMND2011-B;Av. Vicuña Mackenna 2362;Ñuñoa;Guillermo Mann;1;30;2D2B;;143-B;Si;581000.00;125000.00;3;6;50.00;1;1;0.5;3;3.00;0;0;122882;P;54.00;3.00;;0;OK;;;;Si;https://www.assetplan.cl/arriendo/departamento/nunoa/guillermo-mann/3632/2-dormitorios?unit_id=524232&codigo_referido=;2011-B;Lista para arrendar
Arriendo Normal;GMND2012-B;Av. Vicuña Mackenna 2362;Ñuñoa;Guillermo Mann;1;30;2D2B;;144-B;Si;576000.00;115000.00;3;6;50.00;1;1;0.5;3;3.00;0;0;122883;P;50.00;3.00;;0;OK;;;;Si;https://www.assetplan.cl/arriendo/departamento/nunoa/guillermo-mann/3632/2-dormitorios?unit_id=524233&codigo_referido=;2012-B;Lista para arrendar
Arriendo Normal;GMND2107-B;Av. Vicuña Mackenna 2362;Ñuñoa;Guillermo Mann;1;30;1D1B;;;Si;415000.00;83000.00;3;6;50.00;1;1;0.5;3;3.00;0;0;122894;N;33.00;3.00;;0;OK;;;;Si;https://www.assetplan.cl/arriendo/departamento/nunoa/guillermo-mann/3632/1-dormitorio?unit_id=524244&codigo_referido=;2107-B;Lista para arrendar
Arriendo Normal;GMND2108-B;Av. Vicuña Mackenna 2362;Ñuñoa;Guillermo Mann;1;30;1D1B;;;Si;415000.00;83000.00;3;6;50.00;1;1;0.5;3;3.00;0;0;122895;N;33.00;3.00;;0;OK;;;;Si;https://www.assetplan.cl/arriendo/departamento/nunoa/guillermo-mann/3632/1-dormitorio?unit_id=524245&codigo_referido=;2108-B;Lista para arrendar
Arriendo Normal;GMND2109-B;Av. Vicuña Mackenna 2362;Ñuñoa;Guillermo Mann;1;30;1D1B;;;Si;415000.00;83000.00;3;6;50.00;1;1;0.5;3;3.00;0;0;122896;N;33.00;3.00;;0;OK;;;;Si;https://www.assetplan.cl/arriendo/departamento/nunoa/guillermo-mann/3632/1-dormitorio?unit_id=524246&codigo_referido=;2109-B;Lista para arrendar
Arriendo Normal;GMND2110-B;Av. Vicuña Mackenna 2362;Ñuñoa;Guillermo Mann;1;30;1D1B;;;Si;414000.00;82000.00;3;6;50.00;1;1;0.5;3;3.00;0;0;122897;N;32.00;3.00;;0;OK;;;;Si;https://www.assetplan.cl/arriendo/departamento/nunoa/guillermo-mann/3632/1-dormitorio?unit_id=524247&codigo_referido=;2110-B;Lista para arrendar
Arriendo Normal;GMND2111-B;Av. Vicuña Mackenna 2362;Ñuñoa;Guillermo Mann;1;30;2D2B;;147-B;Si;580000.00;125000.00;3;6;50.00;1;1;0.5;3;3.00;0;0;122898;P;54.00;3.00;;0;OK;;;;Si;https://www.assetplan.cl/arriendo/departamento/nunoa/guillermo-mann/3632/2-dormitorios?unit_id=524248&codigo_referido=;2111-B;Lista para arrendar
Arriendo Normal;GMND2207-B;Av. Vicuña Mackenna 2362;Ñuñoa;Guillermo Mann;1;30;1D1B;;;Si;415000.00;83000.00;3;6;50.00;1;1;0.5;3;3.00;0;0;122910;N;33.00;3.00;;0;OK;;;;Si;https://www.assetplan.cl/arriendo/departamento/nunoa/guillermo-mann/3632/1-dormitorio?unit_id=524260&codigo_referido=;2207-B;Lista para arrendar
Arriendo Normal;GMND2208-B;Av. Vicuña Mackenna 2362;Ñuñoa;Guillermo Mann;1;30;1D1B;;;Si;415000.00;83000.00;3;6;50.00;1;1;0.5;3;3.00;0;0;122911;N;33.00;3.00;;0;OK;;;;Si;https://www.assetplan.cl/arriendo/departamento/nunoa/guillermo-mann/3632/1-dormitorio?unit_id=524261&codigo_referido=;2208-B;Lista para arrendar
Arriendo Normal;GMND2209-B;Av. Vicuña Mackenna 2362;Ñuñoa;Guillermo Mann;1;30;1D1B;;;Si;415000.00;83000.00;3;6;50.00;1;1;0.5;3;3.00;0;0;122912;N;33.00;3.00;;0;OK;;;;Si;https://www.assetplan.cl/arriendo/departamento/nunoa/guillermo-mann/3632/1-dormitorio?unit_id=524262&codigo_referido=;2209-B;Lista para arrendar
Arriendo Normal;GMND2210-B;Av. Vicuña Mackenna 2362;Ñuñoa;Guillermo Mann;1;30;1D1B;;;Si;413000.00;82000.00;3;6;50.00;1;1;0.5;3;3.00;0;0;122913;N;32.00;3.00;;0;OK;;;;Si;https://www.assetplan.cl/arriendo/departamento/nunoa/guillermo-mann/3632/1-dormitorio?unit_id=524263&codigo_referido=;2210-B;Lista para arrendar
Arriendo Normal;GMND2304-B;Av. Vicuña Mackenna 2362;Ñuñoa;Guillermo Mann;1;30;2D2B;;;Si;580000.00;123000.00;3;6;50.00;1;1;0.5;3;3.00;0;0;122923;S;54.00;4.00;;0;OK;;2026-09-10;Ejecutado;Si;https://www.assetplan.cl/arriendo/departamento/nunoa/guillermo-mann/3632/2-dormitorios?unit_id=524273&codigo_referido=;2304-B;Lista para arrendar
Arriendo Normal;GMND2307-B;Av. Vicuña Mackenna 2362;Ñuñoa;Guillermo Mann;1;30;1D1B;;;Si;415000.00;83000.00;3;6;50.00;1;1;0.5;3;3.00;0;0;122926;N;33.00;3.00;;0;OK;;;;Si;https://www.assetplan.cl/arriendo/departamento/nunoa/guillermo-mann/3632/1-dormitorio?unit_id=524276&codigo_referido=;2307-B;Lista para arrendar
Arriendo Normal;GMND2309-B;Av. Vicuña Mackenna 2362;Ñuñoa;Guillermo Mann;1;30;1D1B;;;Si;415000.00;83000.00;3;6;50.00;1;1;0.5;3;3.00;0;0;122928;N;33.00;3.00;;0;OK;;;;Si;https://www.assetplan.cl/arriendo/departamento/nunoa/guillermo-mann/3632/1-dormitorio?unit_id=524278&codigo_referido=;2309-B;Lista para arrendar
Arriendo Normal;GMND2408-B;Av. Vicuña Mackenna 2362;Ñuñoa;Guillermo Mann;1;30;1D1B;;;Si;415000.00;83000.00;3;6;50.00;1;1;0.5;3;3.00;0;0;122943;N;33.00;3.00;;0;OK;;;;Si;https://www.assetplan.cl/arriendo/departamento/nunoa/guillermo-mann/3632/1-dormitorio?unit_id=524293&codigo_referido=;2408-B;Lista para arrendar
Arriendo Normal;GMND2409-B;Av. Vicuña Mackenna 2362;Ñuñoa;Guillermo Mann;1;30;1D1B;;;Si;415000.00;83000.00;3;6;50.00;1;1;0.5;3;3.00;0;0;122944;N;33.00;3.00;;0;OK;;;;Si;https://www.assetplan.cl/arriendo/departamento/nunoa/guillermo-mann/3632/1-dormitorio?unit_id=524294&codigo_referido=;2409-B;Lista para arrendar
Arriendo Normal;GMND2411-B;Av. Vicuña Mackenna 2362;Ñuñoa;Guillermo Mann;1;30;2D2B;;151-B;Si;579000.00;125000.00;3;6;50.00;1;1;0.5;3;3.00;0;0;122946;P;54.00;3.00;;0;OK;;;;Si;https://www.assetplan.cl/arriendo/departamento/nunoa/guillermo-mann/3632/2-dormitorios?unit_id=524296&codigo_referido=;2411-B;Lista para arrendar
Arriendo Normal;GMND2512-B;Av. Vicuña Mackenna 2362;Ñuñoa;Guillermo Mann;1;30;2D2B;;;Si;575000.00;115000.00;3;6;50.00;1;1;0.5;3;3.00;0;0;122963;P;50.00;3.00;;0;OK;;;;Si;https://www.assetplan.cl/arriendo/departamento/nunoa/guillermo-mann/3632/2-dormitorios?unit_id=524313&codigo_referido=;2512-B;Lista para arrendar
Arriendo Normal;GMND2611-B;Av. Vicuña Mackenna 2362;Ñuñoa;Guillermo Mann;1;30;2D2B;;176-B;Si;579000.00;125000.00;3;6;50.00;1;1;0.5;3;3.00;0;0;122978;P;54.00;3.00;;0;OK;;;;Si;https://www.assetplan.cl/arriendo/departamento/nunoa/guillermo-mann/3632/2-dormitorios?unit_id=524328&codigo_referido=;2611-B;Lista para arrendar
Arriendo Normal;GMND2701-B;Av. Vicuña Mackenna 2362;Ñuñoa;Guillermo Mann;1;30;Estudio;;;Si;327000.00;66000.00;3;6;50.00;1;1;0.5;3;3.00;0;0;122984;S;24.00;0.00;;0;NOK;;2026-09-25;Trabajando;Si;https://www.assetplan.cl/arriendo/departamento/nunoa/guillermo-mann/3632/estudio?unit_id=524334&codigo_referido=;2701-B;Lista para arrendar
Arriendo Normal;GMND2712-B;Av. Vicuña Mackenna 2362;Ñuñoa;Guillermo Mann;1;30;2D2B;;155-B;Si;575000.00;115000.00;3;6;50.00;1;1;0.5;3;3.00;0;0;122992;P;50.00;3.00;;0;OK;;;;Si;https://www.assetplan.cl/arriendo/departamento/nunoa/guillermo-mann/3632/2-dormitorios?unit_id=524342&codigo_referido=;2712-B;Lista para arrendar